#
# There is insufficient memory for the Java Runtime Environment to continue.
# Native memory allocation (malloc) failed to allocate 326320 bytes. Error detail: Chunk::new
# Possible reasons:
#   The system is out of physical RAM or swap space
#   This process is running with CompressedOops enabled, and the Java Heap may be blocking the growth of the native heap
# Possible solutions:
#   Reduce memory load on the system
#   Increase physical memory or swap space
#   Check if swap backing store is full
#   Decrease Java heap size (-Xmx/-Xms)
#   Decrease number of Java threads
#   Decrease Java thread stack sizes (-Xss)
#   Set larger code cache with -XX:ReservedCodeCacheSize=
#   JVM is running with Unscaled Compressed Oops mode in which the Java heap is
#     placed in the first 4GB address space. The Java Heap base address is the
#     maximum limit for the native heap growth. Please use -XX:HeapBaseMinAddress
#     to set the Java Heap base and to place the Java Heap above 4GB virtual address.
# This output file may be truncated or incomplete.
#
#  Out of Memory Error (arena.cpp:191), pid=10004, tid=26132
#
# JRE version: OpenJDK Runtime Environment Microsoft-13877129 (17.0.19+10) (build 17.0.19+10-LTS)
# Java VM: OpenJDK 64-Bit Server VM Microsoft-13877129 (17.0.19+10-LTS, mixed mode, sharing, tiered, compressed oops, compressed class ptrs, g1 gc, windows-amd64)
# No core dump will be written. Minidumps are not enabled by default on client versions of Windows
#

---------------  S U M M A R Y ------------

Command Line: --add-opens=java.base/java.lang=ALL-UNNAMED --add-opens=java.base/java.lang.invoke=ALL-UNNAMED --add-opens=java.base/java.util=ALL-UNNAMED --add-opens=java.prefs/java.util.prefs=ALL-UNNAMED --add-exports=jdk.compiler/com.sun.tools.javac.api=ALL-UNNAMED --add-exports=jdk.compiler/com.sun.tools.javac.util=ALL-UNNAMED --add-opens=java.base/java.util=ALL-UNNAMED --add-opens=java.prefs/java.util.prefs=ALL-UNNAMED --add-opens=java.base/java.nio.charset=ALL-UNNAMED --add-opens=java.base/java.net=ALL-UNNAMED --add-opens=java.base/java.util.concurrent=ALL-UNNAMED --add-opens=java.base/java.util.concurrent.atomic=ALL-UNNAMED --add-opens=java.xml/javax.xml.namespace=ALL-UNNAMED --add-opens=java.base/java.time=ALL-UNNAMED -XX:MaxMetaspaceSize=512m -Xmx2048m -Dfile.encoding=windows-1252 -Duser.country=IN -Duser.language=en -Duser.variant -javaagent:C:\Users\HP\.gradle\wrapper\dists\gradle-9.3.1-bin\23ovyewtku6u96viwx3xl3oks\gradle-9.3.1\lib\agents\gradle-instrumentation-agent-9.3.1.jar org.gradle.launcher.daemon.bootstrap.GradleDaemon 9.3.1

Host: AMD Ryzen 5 5600H with Radeon Graphics         , 12 cores, 7G,  Windows 11 , 64 bit Build 26100 (10.0.26100.8521)
Time: Mon Jun 15 20:42:41 2026 India Standard Time elapsed time: 94.429905 seconds (0d 0h 1m 34s)

---------------  T H R E A D  ---------------

Current thread (0x000001e2001b2390):  JavaThread "C2 CompilerThread0" daemon [_thread_in_native, id=26132, stack(0x00000062e8500000,0x00000062e8600000)]


Current CompileTask:
C2:94429 20109   !   4       org.gradle.internal.resources.DefaultResourceLockCoordinationService$DefaultResourceLockState::releaseLocks (76 bytes)

Stack: [0x00000062e8500000,0x00000062e8600000]
Native frames: (J=compiled Java code, j=interpreted, Vv=VM code, C=native code)
V  [jvm.dll+0x68cc89]  (no source info available)
V  [jvm.dll+0x845d89]  (no source info available)
V  [jvm.dll+0x847af8]  (no source info available)
V  [jvm.dll+0x848183]  (no source info available)
V  [jvm.dll+0x24d0bf]  (no source info available)
V  [jvm.dll+0xaed56]  (no source info available)
V  [jvm.dll+0xaf3fc]  (no source info available)
V  [jvm.dll+0x3718be]  (no source info available)
V  [jvm.dll+0x33baf5]  (no source info available)
V  [jvm.dll+0x33af5a]  (no source info available)
V  [jvm.dll+0x21dfc9]  (no source info available)
V  [jvm.dll+0x21d412]  (no source info available)
V  [jvm.dll+0x1a8db6]  (no source info available)
V  [jvm.dll+0x22dc6b]  (no source info available)
V  [jvm.dll+0x22bdf6]  (no source info available)
V  [jvm.dll+0x7fbecb]  (no source info available)
V  [jvm.dll+0x7f62cc]  (no source info available)
V  [jvm.dll+0x68e227]  (no source info available)
C  [ucrtbase.dll+0x2cd30]  (no source info available)
C  [KERNEL32.DLL+0x2e957]  (no source info available)
C  [ntdll.dll+0x87c1c]  (no source info available)


---------------  P R O C E S S  ---------------

Threads class SMR info:
_java_thread_list=0x000001e223d0b920, length=194, elements={
0x000001e25f2d7ef0, 0x000001e2001900e0, 0x000001e200191620, 0x000001e2001ac630,
0x000001e2001aef10, 0x000001e2001b0350, 0x000001e2001b1790, 0x000001e2001b2390,
0x000001e2001b9870, 0x000001e2001ce240, 0x000001e20017e890, 0x000001e200386f80,
0x000001e220e9abb0, 0x000001e2216c2a60, 0x000001e2216ddfa0, 0x000001e2214d4170,
0x000001e2214b9f50, 0x000001e2201cfdd0, 0x000001e2201d0d00, 0x000001e2201d02e0,
0x000001e2201cf3b0, 0x000001e2201d07f0, 0x000001e2215633d0, 0x000001e221561f90,
0x000001e221561570, 0x000001e221561060, 0x000001e221561a80, 0x000001e221564d20,
0x000001e2215638e0, 0x000001e221563df0, 0x000001e221565c50, 0x000001e221564300,
0x000001e2215629b0, 0x000001e221566670, 0x000001e2215684d0, 0x000001e221566160,
0x000001e221567ab0, 0x000001e221565230, 0x000001e221560b50, 0x000001e2201cf8c0,
0x000001e200944a10, 0x000001e200944f20, 0x000001e200944500, 0x000001e200946360,
0x000001e200945e50, 0x000001e200942bb0, 0x000001e200943ff0, 0x000001e200945430,
0x000001e200943ae0, 0x000001e200945940, 0x000001e200946870, 0x000001e2009430c0,
0x000001e200946d80, 0x000001e2009435d0, 0x000001e2009486d0, 0x000001e200949b10,
0x000001e200948be0, 0x000001e2009490f0, 0x000001e200949600, 0x000001e200947cb0,
0x000001e200947290, 0x000001e20094a530, 0x000001e20094a020, 0x000001e2009477a0,
0x000001e2009481c0, 0x000001e224c508c0, 0x000001e224c4f480, 0x000001e224c4fea0,
0x000001e224c4f990, 0x000001e224c503b0, 0x000001e224c50dd0, 0x000001e224c51d00,
0x000001e224c512e0, 0x000001e224c517f0, 0x000001e224c54fa0, 0x000001e224c559c0,
0x000001e224c53140, 0x000001e224c54070, 0x000001e224c54580, 0x000001e224c554b0,
0x000001e224c52210, 0x000001e224c54a90, 0x000001e224c563e0, 0x000001e224c568f0,
0x000001e224b1ede0, 0x000001e224b1b630, 0x000001e224b1d490, 0x000001e224b1f2f0,
0x000001e224b1bb40, 0x000001e224b1ca70, 0x000001e224b1c560, 0x000001e224b1deb0,
0x000001e224b1c050, 0x000001e224b1e3c0, 0x000001e224b1d9a0, 0x000001e224b1e8d0,
0x000001e224b20220, 0x000001e224b20730, 0x000001e224b1f800, 0x000001e224b1fd10,
0x000001e224b1cf80, 0x000001e224b20c40, 0x000001e224b21660, 0x000001e224b21150,
0x000001e224b21b70, 0x000001e224b22080, 0x000001e224b22590, 0x000001e224b22aa0,
0x000001e224b22fb0, 0x000001e22539fff0, 0x000001e2253a1430, 0x000001e22539fae0,
0x000001e22539f5d0, 0x000001e2253a0500, 0x000001e22539dc80, 0x000001e2253a0f20,
0x000001e2253a0a10, 0x000001e22539ebb0, 0x000001e2253a1940, 0x000001e22539e190,
0x000001e2253a1e50, 0x000001e22539e6a0, 0x000001e2253a2360, 0x000001e2253a2870,
0x000001e22539f0c0, 0x000001e2253a2d80, 0x000001e2253a5600, 0x000001e2253a4be0,
0x000001e2253a37a0, 0x000001e2253a3290, 0x000001e2253a3cb0, 0x000001e2253a41c0,
0x000001e2253a46d0, 0x000001e2253a50f0, 0x000001e200930da0, 0x000001e200931cd0,
0x000001e200930890, 0x000001e2009321e0, 0x000001e20092ea30, 0x000001e2009326f0,
0x000001e2009312b0, 0x000001e20092ef40, 0x000001e2009317c0, 0x000001e200932c00,
0x000001e20092f450, 0x000001e200933110, 0x000001e20092f960, 0x000001e200933620,
0x000001e20092fe70, 0x000001e200930380, 0x000001e200934550, 0x000001e200934f70,
0x000001e2009363b0, 0x000001e200935480, 0x000001e200934a60, 0x000001e200933b30,
0x000001e200934040, 0x000001e200935990, 0x000001e200935ea0, 0x000001e220f829d0,
0x000001e220f84830, 0x000001e220f81080, 0x000001e220f83900, 0x000001e220f83e10,
0x000001e220f82ee0, 0x000001e220f833f0, 0x000001e220f81aa0, 0x000001e220f84320,
0x000001e220f81590, 0x000001e220f85760, 0x000001e220f85c70, 0x000001e220f84d40,
0x000001e220f85250, 0x000001e220f824c0, 0x000001e220f86690, 0x000001e220f88a00,
0x000001e220f87ad0, 0x000001e220f87fe0, 0x000001e220f884f0, 0x000001e220f86180,
0x000001e220f86ba0, 0x000001e220f870b0, 0x000001e220f875c0, 0x000001e221564810,
0x000001e22575d800, 0x000001e22575fb70, 0x000001e2257619d0, 0x000001e22575e220,
0x000001e225764c70, 0x000001e225761ee0, 0x000001e2257623f0, 0x000001e225763320,
0x000001e221565740, 0x000001e2289fb350
}

Java Threads: ( => current thread )
  0x000001e25f2d7ef0 JavaThread "main" [_thread_blocked, id=13728, stack(0x00000062e7800000,0x00000062e7900000)]
  0x000001e2001900e0 JavaThread "Reference Handler" daemon [_thread_blocked, id=6500, stack(0x00000062e7f00000,0x00000062e8000000)]
  0x000001e200191620 JavaThread "Finalizer" daemon [_thread_blocked, id=12124, stack(0x00000062e8000000,0x00000062e8100000)]
  0x000001e2001ac630 JavaThread "Signal Dispatcher" daemon [_thread_blocked, id=1844, stack(0x00000062e8100000,0x00000062e8200000)]
  0x000001e2001aef10 JavaThread "Attach Listener" daemon [_thread_blocked, id=13328, stack(0x00000062e8200000,0x00000062e8300000)]
  0x000001e2001b0350 JavaThread "Service Thread" daemon [_thread_blocked, id=18976, stack(0x00000062e8300000,0x00000062e8400000)]
  0x000001e2001b1790 JavaThread "Monitor Deflation Thread" daemon [_thread_blocked, id=12172, stack(0x00000062e8400000,0x00000062e8500000)]
=>0x000001e2001b2390 JavaThread "C2 CompilerThread0" daemon [_thread_in_native, id=26132, stack(0x00000062e8500000,0x00000062e8600000)]
  0x000001e2001b9870 JavaThread "C1 CompilerThread0" daemon [_thread_blocked, id=16764, stack(0x00000062e8600000,0x00000062e8700000)]
  0x000001e2001ce240 JavaThread "Sweeper thread" daemon [_thread_blocked, id=28352, stack(0x00000062e8700000,0x00000062e8800000)]
  0x000001e20017e890 JavaThread "Common-Cleaner" daemon [_thread_blocked, id=30496, stack(0x00000062e8800000,0x00000062e8900000)]
  0x000001e200386f80 JavaThread "Notification Thread" daemon [_thread_blocked, id=16344, stack(0x00000062e8900000,0x00000062e8a00000)]
  0x000001e220e9abb0 JavaThread "Daemon health stats" [_thread_blocked, id=9888, stack(0x00000062e9200000,0x00000062e9300000)]
  0x000001e2216c2a60 JavaThread "Incoming local TCP Connector on port 58662" [_thread_in_native, id=29120, stack(0x00000062e9100000,0x00000062e9200000)]
  0x000001e2216ddfa0 JavaThread "Daemon periodic checks" [_thread_in_native, id=27428, stack(0x00000062e9400000,0x00000062e9500000)]
  0x000001e2214d4170 JavaThread "Daemon" [_thread_blocked, id=30096, stack(0x00000062e9500000,0x00000062e9600000)]
  0x000001e2214b9f50 JavaThread "Handler for socket connection from /127.0.0.1:58662 to /127.0.0.1:58663" [_thread_in_native, id=3484, stack(0x00000062e9600000,0x00000062e9700000)]
  0x000001e2201cfdd0 JavaThread "Cancel handler" [_thread_blocked, id=26740, stack(0x00000062e9700000,0x00000062e9800000)]
  0x000001e2201d0d00 JavaThread "Daemon worker" [_thread_blocked, id=8360, stack(0x00000062e9800000,0x00000062e9900000)]
  0x000001e2201d02e0 JavaThread "Asynchronous log dispatcher for DefaultDaemonConnection: socket connection from /127.0.0.1:58662 to /127.0.0.1:58663" [_thread_blocked, id=22116, stack(0x00000062e9900000,0x00000062e9a00000)]
  0x000001e2201cf3b0 JavaThread "Stdin handler" [_thread_blocked, id=26712, stack(0x00000062e9a00000,0x00000062e9b00000)]
  0x000001e2201d07f0 JavaThread "Daemon client event forwarder" [_thread_blocked, id=19356, stack(0x00000062e9b00000,0x00000062e9c00000)]
  0x000001e2215633d0 JavaThread "Cache worker for journal cache (C:\Users\HP\.gradle\caches\journal-1)" [_thread_blocked, id=22484, stack(0x00000062e9300000,0x00000062e9400000)]
  0x000001e221561f90 JavaThread "File lock request listener" [_thread_in_native, id=24688, stack(0x00000062e9c00000,0x00000062e9d00000)]
  0x000001e221561570 JavaThread "Cache worker for file hash cache (C:\Users\HP\.gradle\caches\9.3.1\fileHashes)" [_thread_blocked, id=28020, stack(0x00000062e9d00000,0x00000062e9e00000)]
  0x000001e221561060 JavaThread "Cache worker for file hash cache (D:\HRportal-Mobile--version\android\.gradle\9.3.1\fileHashes)" [_thread_blocked, id=27828, stack(0x00000062ea500000,0x00000062ea600000)]
  0x000001e221561a80 JavaThread "Cache worker for Build Output Cleanup Cache (D:\HRportal-Mobile--version\android\.gradle\buildOutputCleanup)" [_thread_blocked, id=25412, stack(0x00000062ea600000,0x00000062ea700000)]
  0x000001e221564d20 JavaThread "File watcher server" daemon [_thread_in_native, id=18672, stack(0x00000062ea800000,0x00000062ea900000)]
  0x000001e2215638e0 JavaThread "File watcher consumer" daemon [_thread_blocked, id=15192, stack(0x00000062ea900000,0x00000062eaa00000)]
  0x000001e221563df0 JavaThread "Cache worker for checksums cache (D:\HRportal-Mobile--version\android\.gradle\9.3.1\checksums)" [_thread_blocked, id=21532, stack(0x00000062eaa00000,0x00000062eab00000)]
  0x000001e221565c50 JavaThread "Cache worker for file content cache (C:\Users\HP\.gradle\caches\9.3.1\fileContent)" [_thread_blocked, id=20588, stack(0x00000062eab00000,0x00000062eac00000)]
  0x000001e221564300 JavaThread "Cache worker for cache directory md-supplier (C:\Users\HP\.gradle\caches\9.3.1\md-supplier)" [_thread_blocked, id=29728, stack(0x00000062eac00000,0x00000062ead00000)]
  0x000001e2215629b0 JavaThread "Cache worker for cache directory md-rule (C:\Users\HP\.gradle\caches\9.3.1\md-rule)" [_thread_blocked, id=24148, stack(0x00000062ead00000,0x00000062eae00000)]
  0x000001e221566670 JavaThread "jar transforms" [_thread_blocked, id=14296, stack(0x00000062ea200000,0x00000062ea300000)]
  0x000001e2215684d0 JavaThread "Cache worker for Build Output Cleanup Cache (D:\HRportal-Mobile--version\node_modules\@react-native\gradle-plugin\.gradle\buildOutputCleanup)" [_thread_blocked, id=23084, stack(0x00000062eae00000,0x00000062eaf00000)]
  0x000001e221566160 JavaThread "Unconstrained build operations" [_thread_blocked, id=28636, stack(0x00000062eaf00000,0x00000062eb000000)]
  0x000001e221567ab0 JavaThread "Unconstrained build operations Thread 2" [_thread_blocked, id=28904, stack(0x00000062eb000000,0x00000062eb100000)]
  0x000001e221565230 JavaThread "Unconstrained build operations Thread 3" [_thread_blocked, id=22700, stack(0x00000062eb100000,0x00000062eb200000)]
  0x000001e221560b50 JavaThread "Unconstrained build operations Thread 4" [_thread_blocked, id=13332, stack(0x00000062e9e00000,0x00000062e9f00000)]
  0x000001e2201cf8c0 JavaThread "Unconstrained build operations Thread 5" [_thread_blocked, id=11164, stack(0x00000062eb200000,0x00000062eb300000)]
  0x000001e200944a10 JavaThread "Unconstrained build operations Thread 6" [_thread_blocked, id=20456, stack(0x00000062eb300000,0x00000062eb400000)]
  0x000001e200944f20 JavaThread "Unconstrained build operations Thread 7" [_thread_blocked, id=29740, stack(0x00000062eb400000,0x00000062eb500000)]
  0x000001e200944500 JavaThread "Unconstrained build operations Thread 8" [_thread_blocked, id=24840, stack(0x00000062eb500000,0x00000062eb600000)]
  0x000001e200946360 JavaThread "Unconstrained build operations Thread 9" [_thread_blocked, id=29380, stack(0x00000062eb600000,0x00000062eb700000)]
  0x000001e200945e50 JavaThread "Unconstrained build operations Thread 10" [_thread_blocked, id=5880, stack(0x00000062eb700000,0x00000062eb800000)]
  0x000001e200942bb0 JavaThread "Unconstrained build operations Thread 11" [_thread_blocked, id=12232, stack(0x00000062eb800000,0x00000062eb900000)]
  0x000001e200943ff0 JavaThread "Unconstrained build operations Thread 12" [_thread_blocked, id=11784, stack(0x00000062eb900000,0x00000062eba00000)]
  0x000001e200945430 JavaThread "Unconstrained build operations Thread 13" [_thread_blocked, id=17244, stack(0x00000062eba00000,0x00000062ebb00000)]
  0x000001e200943ae0 JavaThread "Unconstrained build operations Thread 14" [_thread_blocked, id=22884, stack(0x00000062ebb00000,0x00000062ebc00000)]
  0x000001e200945940 JavaThread "Unconstrained build operations Thread 15" [_thread_blocked, id=20832, stack(0x00000062ebc00000,0x00000062ebd00000)]
  0x000001e200946870 JavaThread "Unconstrained build operations Thread 16" [_thread_blocked, id=13044, stack(0x00000062ebd00000,0x00000062ebe00000)]
  0x000001e2009430c0 JavaThread "Unconstrained build operations Thread 17" [_thread_blocked, id=9036, stack(0x00000062ebe00000,0x00000062ebf00000)]
  0x000001e200946d80 JavaThread "Unconstrained build operations Thread 18" [_thread_blocked, id=27276, stack(0x00000062ebf00000,0x00000062ec000000)]
  0x000001e2009435d0 JavaThread "Unconstrained build operations Thread 19" [_thread_blocked, id=7548, stack(0x00000062ec000000,0x00000062ec100000)]
  0x000001e2009486d0 JavaThread "Unconstrained build operations Thread 20" [_thread_blocked, id=23604, stack(0x00000062ec100000,0x00000062ec200000)]
  0x000001e200949b10 JavaThread "Unconstrained build operations Thread 21" [_thread_blocked, id=4592, stack(0x00000062ec200000,0x00000062ec300000)]
  0x000001e200948be0 JavaThread "Unconstrained build operations Thread 22" [_thread_blocked, id=12692, stack(0x00000062ec300000,0x00000062ec400000)]
  0x000001e2009490f0 JavaThread "Unconstrained build operations Thread 23" [_thread_blocked, id=4116, stack(0x00000062ec400000,0x00000062ec500000)]
  0x000001e200949600 JavaThread "Unconstrained build operations Thread 24" [_thread_blocked, id=7124, stack(0x00000062ec500000,0x00000062ec600000)]
  0x000001e200947cb0 JavaThread "Unconstrained build operations Thread 25" [_thread_blocked, id=3960, stack(0x00000062ec600000,0x00000062ec700000)]
  0x000001e200947290 JavaThread "Unconstrained build operations Thread 26" [_thread_blocked, id=11160, stack(0x00000062ec700000,0x00000062ec800000)]
  0x000001e20094a530 JavaThread "Unconstrained build operations Thread 27" [_thread_blocked, id=9276, stack(0x00000062ec800000,0x00000062ec900000)]
  0x000001e20094a020 JavaThread "Unconstrained build operations Thread 28" [_thread_blocked, id=25308, stack(0x00000062ec900000,0x00000062eca00000)]
  0x000001e2009477a0 JavaThread "Unconstrained build operations Thread 29" [_thread_blocked, id=25016, stack(0x00000062eca00000,0x00000062ecb00000)]
  0x000001e2009481c0 JavaThread "Unconstrained build operations Thread 30" [_thread_blocked, id=9348, stack(0x00000062ecb00000,0x00000062ecc00000)]
  0x000001e224c508c0 JavaThread "Unconstrained build operations Thread 31" [_thread_blocked, id=29468, stack(0x00000062ecc00000,0x00000062ecd00000)]
  0x000001e224c4f480 JavaThread "Unconstrained build operations Thread 32" [_thread_blocked, id=25620, stack(0x00000062ecd00000,0x00000062ece00000)]
  0x000001e224c4fea0 JavaThread "Unconstrained build operations Thread 33" [_thread_blocked, id=24248, stack(0x00000062ece00000,0x00000062ecf00000)]
  0x000001e224c4f990 JavaThread "Unconstrained build operations Thread 34" [_thread_blocked, id=10492, stack(0x00000062ecf00000,0x00000062ed000000)]
  0x000001e224c503b0 JavaThread "Unconstrained build operations Thread 35" [_thread_blocked, id=21544, stack(0x00000062ed000000,0x00000062ed100000)]
  0x000001e224c50dd0 JavaThread "Unconstrained build operations Thread 36" [_thread_blocked, id=4244, stack(0x00000062ed100000,0x00000062ed200000)]
  0x000001e224c51d00 JavaThread "build event listener" [_thread_blocked, id=24268, stack(0x00000062ed200000,0x00000062ed300000)]
  0x000001e224c512e0 JavaThread "Memory manager" [_thread_blocked, id=23488, stack(0x00000062ed400000,0x00000062ed500000)]
  0x000001e224c517f0 JavaThread "Problems report writer" [_thread_blocked, id=23252, stack(0x00000062ed600000,0x00000062ed700000)]
  0x000001e224c54fa0 JavaThread "ForkJoinPool.commonPool-worker-1" daemon [_thread_blocked, id=28960, stack(0x00000062ed700000,0x00000062ed800000)]
  0x000001e224c559c0 JavaThread "ForkJoinPool.commonPool-worker-2" daemon [_thread_blocked, id=30244, stack(0x00000062ed800000,0x00000062ed900000)]
  0x000001e224c53140 JavaThread "ForkJoinPool.commonPool-worker-3" daemon [_thread_blocked, id=28080, stack(0x00000062ed900000,0x00000062eda00000)]
  0x000001e224c54070 JavaThread "ForkJoinPool.commonPool-worker-4" daemon [_thread_blocked, id=17688, stack(0x00000062eda00000,0x00000062edb00000)]
  0x000001e224c54580 JavaThread "ForkJoinPool.commonPool-worker-5" daemon [_thread_blocked, id=25660, stack(0x00000062edb00000,0x00000062edc00000)]
  0x000001e224c554b0 JavaThread "ForkJoinPool.commonPool-worker-6" daemon [_thread_blocked, id=22356, stack(0x00000062edc00000,0x00000062edd00000)]
  0x000001e224c52210 JavaThread "ForkJoinPool.commonPool-worker-7" daemon [_thread_blocked, id=24016, stack(0x00000062edd00000,0x00000062ede00000)]
  0x000001e224c54a90 JavaThread "ForkJoinPool.commonPool-worker-8" daemon [_thread_blocked, id=14216, stack(0x00000062ede00000,0x00000062edf00000)]
  0x000001e224c563e0 JavaThread "included builds" [_thread_blocked, id=3060, stack(0x00000062ed300000,0x00000062ed400000)]
  0x000001e224c568f0 JavaThread "Execution worker" [_thread_blocked, id=18104, stack(0x00000062ed500000,0x00000062ed600000)]
  0x000001e224b1ede0 JavaThread "Execution worker Thread 2" [_thread_blocked, id=10832, stack(0x00000062ee200000,0x00000062ee300000)]
  0x000001e224b1b630 JavaThread "Execution worker Thread 3" [_thread_blocked, id=23600, stack(0x00000062ee300000,0x00000062ee400000)]
  0x000001e224b1d490 JavaThread "Execution worker Thread 4" [_thread_in_vm, id=23844, stack(0x00000062ee400000,0x00000062ee500000)]
  0x000001e224b1f2f0 JavaThread "Execution worker Thread 5" [_thread_blocked, id=2056, stack(0x00000062ee500000,0x00000062ee600000)]
  0x000001e224b1bb40 JavaThread "Execution worker Thread 6" [_thread_blocked, id=24716, stack(0x00000062ee600000,0x00000062ee700000)]
  0x000001e224b1ca70 JavaThread "Execution worker Thread 7" [_thread_blocked, id=23308, stack(0x00000062ee700000,0x00000062ee800000)]
  0x000001e224b1c560 JavaThread "Execution worker Thread 8" [_thread_blocked, id=5364, stack(0x00000062ee800000,0x00000062ee900000)]
  0x000001e224b1deb0 JavaThread "Execution worker Thread 9" [_thread_blocked, id=14100, stack(0x00000062ee900000,0x00000062eea00000)]
  0x000001e224b1c050 JavaThread "Execution worker Thread 10" [_thread_blocked, id=15904, stack(0x00000062eea00000,0x00000062eeb00000)]
  0x000001e224b1e3c0 JavaThread "Execution worker Thread 11" [_thread_blocked, id=25988, stack(0x00000062eeb00000,0x00000062eec00000)]
  0x000001e224b1d9a0 JavaThread "Cache worker for execution history cache (D:\HRportal-Mobile--version\node_modules\@react-native\gradle-plugin\.gradle\9.3.1\executionHistory)" [_thread_blocked, id=29900, stack(0x00000062eec00000,0x00000062eed00000)]
  0x000001e224b1e8d0 JavaThread "Unconstrained build operations Thread 37" [_thread_blocked, id=27604, stack(0x00000062eed00000,0x00000062eee00000)]
  0x000001e224b20220 JavaThread "Unconstrained build operations Thread 38" [_thread_blocked, id=28720, stack(0x00000062eee00000,0x00000062eef00000)]
  0x000001e224b20730 JavaThread "Unconstrained build operations Thread 39" [_thread_blocked, id=27904, stack(0x00000062eef00000,0x00000062ef000000)]
  0x000001e224b1f800 JavaThread "Unconstrained build operations Thread 40" [_thread_blocked, id=9340, stack(0x00000062ef000000,0x00000062ef100000)]
  0x000001e224b1fd10 JavaThread "Unconstrained build operations Thread 41" [_thread_blocked, id=4052, stack(0x00000062ef100000,0x00000062ef200000)]
  0x000001e224b1cf80 JavaThread "Unconstrained build operations Thread 42" [_thread_blocked, id=10456, stack(0x00000062ef200000,0x00000062ef300000)]
  0x000001e224b20c40 JavaThread "Unconstrained build operations Thread 43" [_thread_blocked, id=24212, stack(0x00000062ef300000,0x00000062ef400000)]
  0x000001e224b21660 JavaThread "Unconstrained build operations Thread 44" [_thread_blocked, id=25604, stack(0x00000062ef400000,0x00000062ef500000)]
  0x000001e224b21150 JavaThread "Unconstrained build operations Thread 45" [_thread_blocked, id=28860, stack(0x00000062ef500000,0x00000062ef600000)]
  0x000001e224b21b70 JavaThread "Unconstrained build operations Thread 46" [_thread_blocked, id=24592, stack(0x00000062ef600000,0x00000062ef700000)]
  0x000001e224b22080 JavaThread "Unconstrained build operations Thread 47" [_thread_blocked, id=11692, stack(0x00000062ef700000,0x00000062ef800000)]
  0x000001e224b22590 JavaThread "Unconstrained build operations Thread 48" [_thread_blocked, id=18836, stack(0x00000062ef800000,0x00000062ef900000)]
  0x000001e224b22aa0 JavaThread "Unconstrained build operations Thread 49" [_thread_blocked, id=28124, stack(0x00000062ef900000,0x00000062efa00000)]
  0x000001e224b22fb0 JavaThread "Unconstrained build operations Thread 50" [_thread_blocked, id=9260, stack(0x00000062efa00000,0x00000062efb00000)]
  0x000001e22539fff0 JavaThread "Unconstrained build operations Thread 51" [_thread_blocked, id=29416, stack(0x00000062efb00000,0x00000062efc00000)]
  0x000001e2253a1430 JavaThread "Unconstrained build operations Thread 52" [_thread_blocked, id=29708, stack(0x00000062efc00000,0x00000062efd00000)]
  0x000001e22539fae0 JavaThread "Unconstrained build operations Thread 53" [_thread_blocked, id=19568, stack(0x00000062efd00000,0x00000062efe00000)]
  0x000001e22539f5d0 JavaThread "Unconstrained build operations Thread 54" [_thread_blocked, id=24416, stack(0x00000062efe00000,0x00000062eff00000)]
  0x000001e2253a0500 JavaThread "Unconstrained build operations Thread 55" [_thread_blocked, id=18444, stack(0x00000062eff00000,0x00000062f0000000)]
  0x000001e22539dc80 JavaThread "Unconstrained build operations Thread 56" [_thread_blocked, id=14280, stack(0x00000062f0000000,0x00000062f0100000)]
  0x000001e2253a0f20 JavaThread "Unconstrained build operations Thread 57" [_thread_blocked, id=20676, stack(0x00000062f0100000,0x00000062f0200000)]
  0x000001e2253a0a10 JavaThread "Unconstrained build operations Thread 58" [_thread_blocked, id=30296, stack(0x00000062f0200000,0x00000062f0300000)]
  0x000001e22539ebb0 JavaThread "Unconstrained build operations Thread 59" [_thread_blocked, id=24208, stack(0x00000062f0300000,0x00000062f0400000)]
  0x000001e2253a1940 JavaThread "Unconstrained build operations Thread 60" [_thread_blocked, id=8632, stack(0x00000062f0400000,0x00000062f0500000)]
  0x000001e22539e190 JavaThread "Unconstrained build operations Thread 61" [_thread_blocked, id=12116, stack(0x00000062f0500000,0x00000062f0600000)]
  0x000001e2253a1e50 JavaThread "Unconstrained build operations Thread 62" [_thread_blocked, id=11452, stack(0x00000062f0600000,0x00000062f0700000)]
  0x000001e22539e6a0 JavaThread "Unconstrained build operations Thread 63" [_thread_blocked, id=13348, stack(0x00000062f0700000,0x00000062f0800000)]
  0x000001e2253a2360 JavaThread "Unconstrained build operations Thread 64" [_thread_blocked, id=29148, stack(0x00000062f0800000,0x00000062f0900000)]
  0x000001e2253a2870 JavaThread "Unconstrained build operations Thread 65" [_thread_blocked, id=25072, stack(0x00000062f0900000,0x00000062f0a00000)]
  0x000001e22539f0c0 JavaThread "Unconstrained build operations Thread 66" [_thread_blocked, id=6972, stack(0x00000062f0a00000,0x00000062f0b00000)]
  0x000001e2253a2d80 JavaThread "Unconstrained build operations Thread 67" [_thread_blocked, id=18152, stack(0x00000062f0b00000,0x00000062f0c00000)]
  0x000001e2253a5600 JavaThread "Unconstrained build operations Thread 68" [_thread_blocked, id=27712, stack(0x00000062f0c00000,0x00000062f0d00000)]
  0x000001e2253a4be0 JavaThread "Unconstrained build operations Thread 69" [_thread_blocked, id=2532, stack(0x00000062f0d00000,0x00000062f0e00000)]
  0x000001e2253a37a0 JavaThread "Unconstrained build operations Thread 70" [_thread_blocked, id=15828, stack(0x00000062f0e00000,0x00000062f0f00000)]
  0x000001e2253a3290 JavaThread "Unconstrained build operations Thread 71" [_thread_blocked, id=23268, stack(0x00000062f0f00000,0x00000062f1000000)]
  0x000001e2253a3cb0 JavaThread "Unconstrained build operations Thread 72" [_thread_blocked, id=9436, stack(0x00000062f1000000,0x00000062f1100000)]
  0x000001e2253a41c0 JavaThread "Unconstrained build operations Thread 73" [_thread_blocked, id=25732, stack(0x00000062f1100000,0x00000062f1200000)]
  0x000001e2253a46d0 JavaThread "Unconstrained build operations Thread 74" [_thread_blocked, id=5772, stack(0x00000062f1200000,0x00000062f1300000)]
  0x000001e2253a50f0 JavaThread "Unconstrained build operations Thread 75" [_thread_blocked, id=11764, stack(0x00000062f1300000,0x00000062f1400000)]
  0x000001e200930da0 JavaThread "Unconstrained build operations Thread 76" [_thread_blocked, id=2296, stack(0x00000062f1400000,0x00000062f1500000)]
  0x000001e200931cd0 JavaThread "Unconstrained build operations Thread 77" [_thread_blocked, id=30476, stack(0x00000062f1500000,0x00000062f1600000)]
  0x000001e200930890 JavaThread "Unconstrained build operations Thread 78" [_thread_blocked, id=24272, stack(0x00000062f1600000,0x00000062f1700000)]
  0x000001e2009321e0 JavaThread "Unconstrained build operations Thread 79" [_thread_blocked, id=24932, stack(0x00000062f1700000,0x00000062f1800000)]
  0x000001e20092ea30 JavaThread "Unconstrained build operations Thread 80" [_thread_blocked, id=27632, stack(0x00000062f1800000,0x00000062f1900000)]
  0x000001e2009326f0 JavaThread "Unconstrained build operations Thread 81" [_thread_blocked, id=20696, stack(0x00000062f1900000,0x00000062f1a00000)]
  0x000001e2009312b0 JavaThread "Unconstrained build operations Thread 82" [_thread_blocked, id=12460, stack(0x00000062f1a00000,0x00000062f1b00000)]
  0x000001e20092ef40 JavaThread "Unconstrained build operations Thread 83" [_thread_blocked, id=23728, stack(0x00000062f1b00000,0x00000062f1c00000)]
  0x000001e2009317c0 JavaThread "Unconstrained build operations Thread 84" [_thread_blocked, id=6516, stack(0x00000062f1c00000,0x00000062f1d00000)]
  0x000001e200932c00 JavaThread "Unconstrained build operations Thread 85" [_thread_blocked, id=13340, stack(0x00000062f1d00000,0x00000062f1e00000)]
  0x000001e20092f450 JavaThread "Unconstrained build operations Thread 86" [_thread_blocked, id=29876, stack(0x00000062f1e00000,0x00000062f1f00000)]
  0x000001e200933110 JavaThread "Unconstrained build operations Thread 87" [_thread_blocked, id=30068, stack(0x00000062f1f00000,0x00000062f2000000)]
  0x000001e20092f960 JavaThread "Unconstrained build operations Thread 88" [_thread_blocked, id=23560, stack(0x00000062f2000000,0x00000062f2100000)]
  0x000001e200933620 JavaThread "Unconstrained build operations Thread 89" [_thread_blocked, id=12148, stack(0x00000062f2100000,0x00000062f2200000)]
  0x000001e20092fe70 JavaThread "Unconstrained build operations Thread 90" [_thread_blocked, id=1544, stack(0x00000062f2200000,0x00000062f2300000)]
  0x000001e200930380 JavaThread "Unconstrained build operations Thread 91" [_thread_blocked, id=11072, stack(0x00000062f2300000,0x00000062f2400000)]
  0x000001e200934550 JavaThread "Unconstrained build operations Thread 92" [_thread_blocked, id=30124, stack(0x00000062f2400000,0x00000062f2500000)]
  0x000001e200934f70 JavaThread "Unconstrained build operations Thread 93" [_thread_blocked, id=29684, stack(0x00000062f2500000,0x00000062f2600000)]
  0x000001e2009363b0 JavaThread "Unconstrained build operations Thread 94" [_thread_blocked, id=6064, stack(0x00000062f2600000,0x00000062f2700000)]
  0x000001e200935480 JavaThread "Unconstrained build operations Thread 95" [_thread_blocked, id=9308, stack(0x00000062f2700000,0x00000062f2800000)]
  0x000001e200934a60 JavaThread "Unconstrained build operations Thread 96" [_thread_blocked, id=10432, stack(0x00000062f2800000,0x00000062f2900000)]
  0x000001e200933b30 JavaThread "Unconstrained build operations Thread 97" [_thread_blocked, id=8936, stack(0x00000062f2900000,0x00000062f2a00000)]
  0x000001e200934040 JavaThread "Unconstrained build operations Thread 98" [_thread_blocked, id=20320, stack(0x00000062f2a00000,0x00000062f2b00000)]
  0x000001e200935990 JavaThread "Unconstrained build operations Thread 99" [_thread_blocked, id=27140, stack(0x00000062f2b00000,0x00000062f2c00000)]
  0x000001e200935ea0 JavaThread "Unconstrained build operations Thread 100" [_thread_blocked, id=30200, stack(0x00000062f2c00000,0x00000062f2d00000)]
  0x000001e220f829d0 JavaThread "Unconstrained build operations Thread 101" [_thread_blocked, id=30052, stack(0x00000062f2d00000,0x00000062f2e00000)]
  0x000001e220f84830 JavaThread "Unconstrained build operations Thread 102" [_thread_blocked, id=15308, stack(0x00000062f2e00000,0x00000062f2f00000)]
  0x000001e220f81080 JavaThread "Unconstrained build operations Thread 103" [_thread_blocked, id=26008, stack(0x00000062f2f00000,0x00000062f3000000)]
  0x000001e220f83900 JavaThread "Unconstrained build operations Thread 104" [_thread_blocked, id=5116, stack(0x00000062f3000000,0x00000062f3100000)]
  0x000001e220f83e10 JavaThread "Unconstrained build operations Thread 105" [_thread_blocked, id=14164, stack(0x00000062f3100000,0x00000062f3200000)]
  0x000001e220f82ee0 JavaThread "Unconstrained build operations Thread 106" [_thread_blocked, id=29884, stack(0x00000062f3200000,0x00000062f3300000)]
  0x000001e220f833f0 JavaThread "Unconstrained build operations Thread 107" [_thread_blocked, id=30420, stack(0x00000062f3300000,0x00000062f3400000)]
  0x000001e220f81aa0 JavaThread "Unconstrained build operations Thread 108" [_thread_blocked, id=1748, stack(0x00000062f3400000,0x00000062f3500000)]
  0x000001e220f84320 JavaThread "Unconstrained build operations Thread 109" [_thread_blocked, id=26100, stack(0x00000062f3500000,0x00000062f3600000)]
  0x000001e220f81590 JavaThread "jar transforms Thread 2" [_thread_blocked, id=9384, stack(0x00000062f3600000,0x00000062f3700000)]
  0x000001e220f85760 JavaThread "jar transforms Thread 3" [_thread_blocked, id=25300, stack(0x00000062f3800000,0x00000062f3900000)]
  0x000001e220f85c70 JavaThread "Unconstrained build operations Thread 110" [_thread_blocked, id=12240, stack(0x00000062f3700000,0x00000062f3800000)]
  0x000001e220f84d40 JavaThread "Unconstrained build operations Thread 111" [_thread_blocked, id=25312, stack(0x00000062f3900000,0x00000062f3a00000)]
  0x000001e220f85250 JavaThread "Unconstrained build operations Thread 112" [_thread_blocked, id=26680, stack(0x00000062f3a00000,0x00000062f3b00000)]
  0x000001e220f824c0 JavaThread "Unconstrained build operations Thread 113" [_thread_blocked, id=29452, stack(0x00000062f3b00000,0x00000062f3c00000)]
  0x000001e220f86690 JavaThread "Unconstrained build operations Thread 114" [_thread_blocked, id=10488, stack(0x00000062f3c00000,0x00000062f3d00000)]
  0x000001e220f88a00 JavaThread "Unconstrained build operations Thread 115" [_thread_blocked, id=18600, stack(0x00000062f3d00000,0x00000062f3e00000)]
  0x000001e220f87ad0 JavaThread "Unconstrained build operations Thread 116" [_thread_blocked, id=24928, stack(0x00000062f3e00000,0x00000062f3f00000)]
  0x000001e220f87fe0 JavaThread "Unconstrained build operations Thread 117" [_thread_blocked, id=8908, stack(0x00000062f3f00000,0x00000062f4000000)]
  0x000001e220f884f0 JavaThread "Unconstrained build operations Thread 118" [_thread_blocked, id=7028, stack(0x00000062f4000000,0x00000062f4100000)]
  0x000001e220f86180 JavaThread "Unconstrained build operations Thread 119" [_thread_blocked, id=29868, stack(0x00000062f4100000,0x00000062f4200000)]
  0x000001e220f86ba0 JavaThread "Unconstrained build operations Thread 120" [_thread_blocked, id=30100, stack(0x00000062f4200000,0x00000062f4300000)]
  0x000001e220f870b0 JavaThread "jar transforms Thread 4" [_thread_blocked, id=29316, stack(0x00000062f4600000,0x00000062f4700000)]
  0x000001e220f875c0 JavaThread "jar transforms Thread 5" [_thread_blocked, id=26240, stack(0x00000062f4300000,0x00000062f4400000)]
  0x000001e221564810 JavaThread "jar transforms Thread 6" [_thread_blocked, id=28372, stack(0x00000062f4700000,0x00000062f4800000)]
  0x000001e22575d800 JavaThread "build event listener" [_thread_blocked, id=9992, stack(0x00000062f4900000,0x00000062f4a00000)]
  0x000001e22575fb70 JavaThread "jar transforms Thread 7" [_thread_blocked, id=28444, stack(0x00000062f4800000,0x00000062f4900000)]
  0x000001e2257619d0 JavaThread "jar transforms Thread 8" [_thread_blocked, id=24024, stack(0x00000062f4c00000,0x00000062f4d00000)]
  0x000001e22575e220 JavaThread "jar transforms Thread 9" [_thread_blocked, id=24952, stack(0x00000062f4b00000,0x00000062f4c00000)]
  0x000001e225764c70 JavaThread "jar transforms Thread 10" [_thread_blocked, id=4492, stack(0x00000062f4d00000,0x00000062f4e00000)]
  0x000001e225761ee0 JavaThread "jar transforms Thread 11" [_thread_blocked, id=14068, stack(0x00000062f4e00000,0x00000062f4f00000)]
  0x000001e2257623f0 JavaThread "jar transforms Thread 12" [_thread_blocked, id=22004, stack(0x00000062f4f00000,0x00000062f5000000)]
  0x000001e225763320 JavaThread "ForkJoinPool.commonPool-worker-9" daemon [_thread_blocked, id=29904, stack(0x00000062e7500000,0x00000062e7600000)]
  0x000001e221565740 JavaThread "ForkJoinPool.commonPool-worker-10" daemon [_thread_blocked, id=13760, stack(0x00000062e7600000,0x00000062e7700000)]
  0x000001e2289fb350 JavaThread "Cache worker for execution history cache (D:\HRportal-Mobile--version\android\.gradle\9.3.1\executionHistory)" [_thread_blocked, id=29804, stack(0x00000062ea700000,0x00000062ea800000)]

Other Threads:
  0x000001e20018b580 VMThread "VM Thread" [stack: 0x00000062e7e00000,0x00000062e7f00000] [id=30580]
  0x000001e2617543f0 WatcherThread [stack: 0x00000062e8a00000,0x00000062e8b00000] [id=14328]
  0x000001e25f3aaff0 GCTaskThread "GC Thread#0" [stack: 0x00000062e7900000,0x00000062e7a00000] [id=24672]
  0x000001e20085f0c0 GCTaskThread "GC Thread#1" [stack: 0x00000062e8d00000,0x00000062e8e00000] [id=11856]
  0x000001e2005eb430 GCTaskThread "GC Thread#2" [stack: 0x00000062e8e00000,0x00000062e8f00000] [id=12828]
  0x000001e220478d30 GCTaskThread "GC Thread#3" [stack: 0x00000062e8f00000,0x00000062e9000000] [id=9028]
  0x000001e220477f20 GCTaskThread "GC Thread#4" [stack: 0x00000062e9000000,0x00000062e9100000] [id=11568]
  0x000001e2204792d0 GCTaskThread "GC Thread#5" [stack: 0x00000062e8b00000,0x00000062e8c00000] [id=4572]
  0x000001e2204795a0 GCTaskThread "GC Thread#6" [stack: 0x00000062e8c00000,0x00000062e8d00000] [id=1972]
  0x000001e221b33090 GCTaskThread "GC Thread#7" [stack: 0x00000062e9f00000,0x00000062ea000000] [id=6348]
  0x000001e221b33ea0 GCTaskThread "GC Thread#8" [stack: 0x00000062ea000000,0x00000062ea100000] [id=10872]
  0x000001e221b34170 GCTaskThread "GC Thread#9" [stack: 0x00000062ea100000,0x00000062ea200000] [id=13824]
  0x000001e2617c2ec0 ConcurrentGCThread "G1 Main Marker" [stack: 0x00000062e7a00000,0x00000062e7b00000] [id=16804]
  0x000001e2617c3f90 ConcurrentGCThread "G1 Conc#0" [stack: 0x00000062e7b00000,0x00000062e7c00000] [id=7260]
  0x000001e221b357f0 ConcurrentGCThread "G1 Conc#1" [stack: 0x00000062ea300000,0x00000062ea400000] [id=12372]
  0x000001e221b36600 ConcurrentGCThread "G1 Conc#2" [stack: 0x00000062ea400000,0x00000062ea500000] [id=14312]
  0x000001e2617fd580 ConcurrentGCThread "G1 Refine#0" [stack: 0x00000062e7c00000,0x00000062e7d00000] [id=10184]
  0x000001e2617fded0 ConcurrentGCThread "G1 Service" [stack: 0x00000062e7d00000,0x00000062e7e00000] [id=8960]

Threads with active compile tasks:
C2 CompilerThread0  94471 20109   !   4       org.gradle.internal.resources.DefaultResourceLockCoordinationService$DefaultResourceLockState::releaseLocks (76 bytes)

VM state: not at safepoint (normal execution)

VM Mutex/Monitor currently owned by a thread:  ([mutex/lock_event])
[0x000001e25f382a80] Metaspace_lock - owner thread: 0x000001e224b1d490

Heap address: 0x0000000080000000, size: 2048 MB, Compressed Oops mode: 32-bit

CDS archive(s) mapped at: [0x000001e201000000-0x000001e201bb0000-0x000001e201bb0000), size 12255232, SharedBaseAddress: 0x000001e201000000, ArchiveRelocationMode: 1.
Compressed class space mapped at: 0x000001e202000000-0x000001e21c000000, reserved size: 436207616
Narrow klass base: 0x000001e201000000, Narrow klass shift: 0, Narrow klass range: 0x100000000

GC Precious Log:
 CPUs: 12 total, 12 available
 Memory: 7518M
 Large Page Support: Disabled
 NUMA Support: Disabled
 Compressed Oops: Enabled (32-bit)
 Heap Region Size: 1M
 Heap Min Capacity: 8M
 Heap Initial Capacity: 118M
 Heap Max Capacity: 2G
 Pre-touch: Disabled
 Parallel Workers: 10
 Concurrent Workers: 3
 Concurrent Refinement Workers: 10
 Periodic GC: Disabled

Heap:
 garbage-first heap   total 358400K, used 268358K [0x0000000080000000, 0x0000000100000000)
  region size 1024K, 14 young (14336K), 5 survivors (5120K)
 Metaspace       used 117959K, committed 119680K, reserved 557056K
  class space    used 16366K, committed 17216K, reserved 425984K

Heap Regions: E=young(eden), S=young(survivor), O=old, HS=humongous(starts), HC=humongous(continues), CS=collection set, F=free, OA=open archive, CA=closed archive, TAMS=top-at-mark-start (previous, next)
|   0|0x0000000080000000, 0x0000000080100000, 0x0000000080100000|100%|HS|  |TAMS 0x0000000080100000, 0x0000000080000000| Complete 
|   1|0x0000000080100000, 0x0000000080200000, 0x0000000080200000|100%|HC|  |TAMS 0x0000000080200000, 0x0000000080100000| Complete 
|   2|0x0000000080200000, 0x0000000080300000, 0x0000000080300000|100%|HC|  |TAMS 0x0000000080300000, 0x0000000080200000| Complete 
|   3|0x0000000080300000, 0x0000000080400000, 0x0000000080400000|100%|HC|  |TAMS 0x0000000080400000, 0x0000000080300000| Complete 
|   4|0x0000000080400000, 0x0000000080500000, 0x0000000080500000|100%| O|  |TAMS 0x0000000080500000, 0x0000000080400000| Untracked 
|   5|0x0000000080500000, 0x0000000080600000, 0x0000000080600000|100%| O|  |TAMS 0x0000000080600000, 0x0000000080500000| Untracked 
|   6|0x0000000080600000, 0x0000000080700000, 0x0000000080700000|100%| O|  |TAMS 0x0000000080700000, 0x0000000080600000| Untracked 
|   7|0x0000000080700000, 0x0000000080800000, 0x0000000080800000|100%|HS|  |TAMS 0x0000000080800000, 0x0000000080700000| Complete 
|   8|0x0000000080800000, 0x0000000080900000, 0x0000000080900000|100%| O|  |TAMS 0x0000000080900000, 0x0000000080800000| Untracked 
|   9|0x0000000080900000, 0x0000000080a00000, 0x0000000080a00000|100%| O|  |TAMS 0x0000000080a00000, 0x0000000080900000| Untracked 
|  10|0x0000000080a00000, 0x0000000080b00000, 0x0000000080b00000|100%| O|  |TAMS 0x0000000080b00000, 0x0000000080a00000| Untracked 
|  11|0x0000000080b00000, 0x0000000080c00000, 0x0000000080c00000|100%| O|  |TAMS 0x0000000080c00000, 0x0000000080b00000| Untracked 
|  12|0x0000000080c00000, 0x0000000080d00000, 0x0000000080d00000|100%| O|  |TAMS 0x0000000080d00000, 0x0000000080c00000| Untracked 
|  13|0x0000000080d00000, 0x0000000080e00000, 0x0000000080e00000|100%| O|  |TAMS 0x0000000080e00000, 0x0000000080d00000| Untracked 
|  14|0x0000000080e00000, 0x0000000080f00000, 0x0000000080f00000|100%| O|  |TAMS 0x0000000080f00000, 0x0000000080e00000| Untracked 
|  15|0x0000000080f00000, 0x0000000081000000, 0x0000000081000000|100%| O|  |TAMS 0x0000000081000000, 0x0000000080f00000| Untracked 
|  16|0x0000000081000000, 0x0000000081100000, 0x0000000081100000|100%| O|  |TAMS 0x0000000081100000, 0x0000000081000000| Untracked 
|  17|0x0000000081100000, 0x0000000081200000, 0x0000000081200000|100%| O|  |TAMS 0x0000000081200000, 0x0000000081100000| Untracked 
|  18|0x0000000081200000, 0x0000000081300000, 0x0000000081300000|100%| O|  |TAMS 0x0000000081300000, 0x0000000081200000| Untracked 
|  19|0x0000000081300000, 0x0000000081400000, 0x0000000081400000|100%| O|  |TAMS 0x0000000081400000, 0x0000000081300000| Untracked 
|  20|0x0000000081400000, 0x0000000081500000, 0x0000000081500000|100%| O|  |TAMS 0x0000000081500000, 0x0000000081400000| Untracked 
|  21|0x0000000081500000, 0x0000000081600000, 0x0000000081600000|100%| O|  |TAMS 0x0000000081600000, 0x0000000081500000| Untracked 
|  22|0x0000000081600000, 0x0000000081700000, 0x0000000081700000|100%| O|  |TAMS 0x0000000081700000, 0x0000000081600000| Untracked 
|  23|0x0000000081700000, 0x0000000081800000, 0x0000000081800000|100%| O|  |TAMS 0x0000000081800000, 0x0000000081700000| Untracked 
|  24|0x0000000081800000, 0x0000000081900000, 0x0000000081900000|100%| O|  |TAMS 0x0000000081900000, 0x0000000081800000| Untracked 
|  25|0x0000000081900000, 0x0000000081a00000, 0x0000000081a00000|100%| O|  |TAMS 0x0000000081a00000, 0x0000000081900000| Untracked 
|  26|0x0000000081a00000, 0x0000000081b00000, 0x0000000081b00000|100%| O|  |TAMS 0x0000000081b00000, 0x0000000081a00000| Untracked 
|  27|0x0000000081b00000, 0x0000000081c00000, 0x0000000081c00000|100%| O|  |TAMS 0x0000000081c00000, 0x0000000081b00000| Untracked 
|  28|0x0000000081c00000, 0x0000000081d00000, 0x0000000081d00000|100%| O|  |TAMS 0x0000000081d00000, 0x0000000081c00000| Untracked 
|  29|0x0000000081d00000, 0x0000000081e00000, 0x0000000081e00000|100%| O|  |TAMS 0x0000000081e00000, 0x0000000081d00000| Untracked 
|  30|0x0000000081e00000, 0x0000000081f00000, 0x0000000081f00000|100%| O|  |TAMS 0x0000000081f00000, 0x0000000081e00000| Untracked 
|  31|0x0000000081f00000, 0x0000000082000000, 0x0000000082000000|100%| O|  |TAMS 0x0000000082000000, 0x0000000081f00000| Untracked 
|  32|0x0000000082000000, 0x0000000082100000, 0x0000000082100000|100%| O|  |TAMS 0x0000000082100000, 0x0000000082000000| Untracked 
|  33|0x0000000082100000, 0x0000000082200000, 0x0000000082200000|100%| O|  |TAMS 0x0000000082200000, 0x0000000082100000| Untracked 
|  34|0x0000000082200000, 0x0000000082300000, 0x0000000082300000|100%|HS|  |TAMS 0x0000000082300000, 0x0000000082200000| Complete 
|  35|0x0000000082300000, 0x0000000082400000, 0x0000000082400000|100%|HC|  |TAMS 0x0000000082400000, 0x0000000082300000| Complete 
|  36|0x0000000082400000, 0x0000000082500000, 0x0000000082500000|100%|HC|  |TAMS 0x0000000082500000, 0x0000000082400000| Complete 
|  37|0x0000000082500000, 0x0000000082600000, 0x0000000082600000|100%|HS|  |TAMS 0x0000000082600000, 0x0000000082500000| Complete 
|  38|0x0000000082600000, 0x0000000082700000, 0x0000000082700000|100%|HC|  |TAMS 0x0000000082700000, 0x0000000082600000| Complete 
|  39|0x0000000082700000, 0x0000000082800000, 0x0000000082800000|100%|HC|  |TAMS 0x0000000082800000, 0x0000000082700000| Complete 
|  40|0x0000000082800000, 0x0000000082900000, 0x0000000082900000|100%| O|  |TAMS 0x0000000082900000, 0x0000000082800000| Untracked 
|  41|0x0000000082900000, 0x0000000082a00000, 0x0000000082a00000|100%| O|  |TAMS 0x0000000082a00000, 0x0000000082900000| Untracked 
|  42|0x0000000082a00000, 0x0000000082b00000, 0x0000000082b00000|100%| O|  |TAMS 0x0000000082b00000, 0x0000000082a00000| Untracked 
|  43|0x0000000082b00000, 0x0000000082c00000, 0x0000000082c00000|100%| O|  |TAMS 0x0000000082c00000, 0x0000000082b00000| Untracked 
|  44|0x0000000082c00000, 0x0000000082d00000, 0x0000000082d00000|100%| O|  |TAMS 0x0000000082d00000, 0x0000000082c00000| Untracked 
|  45|0x0000000082d00000, 0x0000000082e00000, 0x0000000082e00000|100%| O|  |TAMS 0x0000000082e00000, 0x0000000082d00000| Untracked 
|  46|0x0000000082e00000, 0x0000000082f00000, 0x0000000082f00000|100%| O|  |TAMS 0x0000000082f00000, 0x0000000082e00000| Untracked 
|  47|0x0000000082f00000, 0x0000000083000000, 0x0000000083000000|100%| O|  |TAMS 0x0000000083000000, 0x0000000082f00000| Untracked 
|  48|0x0000000083000000, 0x0000000083100000, 0x0000000083100000|100%| O|  |TAMS 0x0000000083100000, 0x0000000083000000| Untracked 
|  49|0x0000000083100000, 0x0000000083200000, 0x0000000083200000|100%| O|  |TAMS 0x0000000083200000, 0x0000000083100000| Untracked 
|  50|0x0000000083200000, 0x0000000083300000, 0x0000000083300000|100%| O|  |TAMS 0x0000000083300000, 0x0000000083200000| Untracked 
|  51|0x0000000083300000, 0x0000000083400000, 0x0000000083400000|100%| O|  |TAMS 0x0000000083400000, 0x0000000083300000| Untracked 
|  52|0x0000000083400000, 0x0000000083500000, 0x0000000083500000|100%| O|  |TAMS 0x0000000083500000, 0x0000000083400000| Untracked 
|  53|0x0000000083500000, 0x0000000083600000, 0x0000000083600000|100%| O|  |TAMS 0x0000000083600000, 0x0000000083500000| Untracked 
|  54|0x0000000083600000, 0x0000000083700000, 0x0000000083700000|100%| O|  |TAMS 0x0000000083700000, 0x0000000083600000| Untracked 
|  55|0x0000000083700000, 0x0000000083800000, 0x0000000083800000|100%| O|  |TAMS 0x0000000083800000, 0x0000000083700000| Untracked 
|  56|0x0000000083800000, 0x0000000083900000, 0x0000000083900000|100%| O|  |TAMS 0x0000000083900000, 0x0000000083800000| Untracked 
|  57|0x0000000083900000, 0x0000000083a00000, 0x0000000083a00000|100%| O|  |TAMS 0x0000000083a00000, 0x0000000083900000| Untracked 
|  58|0x0000000083a00000, 0x0000000083b00000, 0x0000000083b00000|100%| O|  |TAMS 0x0000000083b00000, 0x0000000083a00000| Untracked 
|  59|0x0000000083b00000, 0x0000000083c00000, 0x0000000083c00000|100%| O|  |TAMS 0x0000000083c00000, 0x0000000083b00000| Untracked 
|  60|0x0000000083c00000, 0x0000000083d00000, 0x0000000083d00000|100%| O|  |TAMS 0x0000000083c00000, 0x0000000083c00000| Untracked 
|  61|0x0000000083d00000, 0x0000000083e00000, 0x0000000083e00000|100%| O|  |TAMS 0x0000000083e00000, 0x0000000083d00000| Untracked 
|  62|0x0000000083e00000, 0x0000000083f00000, 0x0000000083f00000|100%| O|  |TAMS 0x0000000083f00000, 0x0000000083e00000| Untracked 
|  63|0x0000000083f00000, 0x0000000084000000, 0x0000000084000000|100%| O|  |TAMS 0x0000000084000000, 0x0000000083f00000| Untracked 
|  64|0x0000000084000000, 0x0000000084100000, 0x0000000084100000|100%| O|  |TAMS 0x0000000084100000, 0x0000000084000000| Untracked 
|  65|0x0000000084100000, 0x0000000084200000, 0x0000000084200000|100%| O|  |TAMS 0x0000000084200000, 0x0000000084100000| Untracked 
|  66|0x0000000084200000, 0x0000000084300000, 0x0000000084300000|100%| O|  |TAMS 0x0000000084300000, 0x0000000084200000| Untracked 
|  67|0x0000000084300000, 0x0000000084400000, 0x0000000084400000|100%| O|  |TAMS 0x0000000084400000, 0x0000000084300000| Untracked 
|  68|0x0000000084400000, 0x0000000084500000, 0x0000000084500000|100%| O|  |TAMS 0x0000000084500000, 0x0000000084400000| Untracked 
|  69|0x0000000084500000, 0x0000000084600000, 0x0000000084600000|100%| O|  |TAMS 0x0000000084600000, 0x0000000084500000| Untracked 
|  70|0x0000000084600000, 0x0000000084700000, 0x0000000084700000|100%| O|  |TAMS 0x0000000084700000, 0x0000000084600000| Untracked 
|  71|0x0000000084700000, 0x0000000084800000, 0x0000000084800000|100%| O|  |TAMS 0x0000000084800000, 0x0000000084700000| Untracked 
|  72|0x0000000084800000, 0x0000000084900000, 0x0000000084900000|100%| O|  |TAMS 0x0000000084900000, 0x0000000084800000| Untracked 
|  73|0x0000000084900000, 0x0000000084a00000, 0x0000000084a00000|100%| O|  |TAMS 0x0000000084a00000, 0x0000000084900000| Untracked 
|  74|0x0000000084a00000, 0x0000000084b00000, 0x0000000084b00000|100%|HS|  |TAMS 0x0000000084b00000, 0x0000000084a00000| Complete 
|  75|0x0000000084b00000, 0x0000000084c00000, 0x0000000084c00000|100%|HS|  |TAMS 0x0000000084c00000, 0x0000000084b00000| Complete 
|  76|0x0000000084c00000, 0x0000000084d00000, 0x0000000084d00000|100%| O|  |TAMS 0x0000000084d00000, 0x0000000084c00000| Untracked 
|  77|0x0000000084d00000, 0x0000000084e00000, 0x0000000084e00000|100%| O|  |TAMS 0x0000000084e00000, 0x0000000084d00000| Untracked 
|  78|0x0000000084e00000, 0x0000000084f00000, 0x0000000084f00000|100%|HS|  |TAMS 0x0000000084f00000, 0x0000000084e00000| Complete 
|  79|0x0000000084f00000, 0x0000000085000000, 0x0000000085000000|100%| O|  |TAMS 0x0000000085000000, 0x0000000084f00000| Untracked 
|  80|0x0000000085000000, 0x0000000085100000, 0x0000000085100000|100%|HS|  |TAMS 0x0000000085000000, 0x0000000085000000| Complete 
|  81|0x0000000085100000, 0x0000000085200000, 0x0000000085200000|100%|HS|  |TAMS 0x0000000085200000, 0x0000000085100000| Complete 
|  82|0x0000000085200000, 0x0000000085300000, 0x0000000085300000|100%|HS|  |TAMS 0x0000000085300000, 0x0000000085200000| Complete 
|  83|0x0000000085300000, 0x0000000085400000, 0x0000000085400000|100%| O|  |TAMS 0x0000000085400000, 0x0000000085300000| Untracked 
|  84|0x0000000085400000, 0x0000000085500000, 0x0000000085500000|100%| O|  |TAMS 0x0000000085500000, 0x0000000085400000| Untracked 
|  85|0x0000000085500000, 0x0000000085600000, 0x0000000085600000|100%| O|  |TAMS 0x0000000085600000, 0x0000000085500000| Untracked 
|  86|0x0000000085600000, 0x0000000085700000, 0x0000000085700000|100%|HS|  |TAMS 0x0000000085700000, 0x0000000085600000| Complete 
|  87|0x0000000085700000, 0x0000000085800000, 0x0000000085800000|100%| O|  |TAMS 0x0000000085800000, 0x0000000085700000| Untracked 
|  88|0x0000000085800000, 0x0000000085900000, 0x0000000085900000|100%| O|  |TAMS 0x0000000085900000, 0x0000000085800000| Untracked 
|  89|0x0000000085900000, 0x0000000085a00000, 0x0000000085a00000|100%|HS|  |TAMS 0x0000000085a00000, 0x0000000085900000| Complete 
|  90|0x0000000085a00000, 0x0000000085b00000, 0x0000000085b00000|100%| O|  |TAMS 0x0000000085b00000, 0x0000000085a00000| Untracked 
|  91|0x0000000085b00000, 0x0000000085c00000, 0x0000000085c00000|100%| O|  |TAMS 0x0000000085c00000, 0x0000000085b00000| Untracked 
|  92|0x0000000085c00000, 0x0000000085d00000, 0x0000000085d00000|100%| O|  |TAMS 0x0000000085d00000, 0x0000000085c00000| Untracked 
|  93|0x0000000085d00000, 0x0000000085e00000, 0x0000000085e00000|100%| O|  |TAMS 0x0000000085e00000, 0x0000000085d00000| Untracked 
|  94|0x0000000085e00000, 0x0000000085f00000, 0x0000000085f00000|100%| O|  |TAMS 0x0000000085f00000, 0x0000000085e00000| Untracked 
|  95|0x0000000085f00000, 0x0000000086000000, 0x0000000086000000|100%| O|  |TAMS 0x0000000086000000, 0x0000000085f00000| Untracked 
|  96|0x0000000086000000, 0x0000000086100000, 0x0000000086100000|100%| O|  |TAMS 0x0000000086100000, 0x0000000086000000| Untracked 
|  97|0x0000000086100000, 0x0000000086200000, 0x0000000086200000|100%|HS|  |TAMS 0x0000000086200000, 0x0000000086100000| Complete 
|  98|0x0000000086200000, 0x0000000086300000, 0x0000000086300000|100%|HC|  |TAMS 0x0000000086300000, 0x0000000086200000| Complete 
|  99|0x0000000086300000, 0x0000000086400000, 0x0000000086400000|100%|HC|  |TAMS 0x0000000086400000, 0x0000000086300000| Complete 
| 100|0x0000000086400000, 0x0000000086500000, 0x0000000086500000|100%| O|  |TAMS 0x0000000086500000, 0x0000000086400000| Untracked 
| 101|0x0000000086500000, 0x0000000086600000, 0x0000000086600000|100%| O|  |TAMS 0x0000000086600000, 0x0000000086500000| Untracked 
| 102|0x0000000086600000, 0x0000000086700000, 0x0000000086700000|100%| O|  |TAMS 0x0000000086700000, 0x0000000086600000| Untracked 
| 103|0x0000000086700000, 0x0000000086800000, 0x0000000086800000|100%| O|  |TAMS 0x0000000086800000, 0x0000000086700000| Untracked 
| 104|0x0000000086800000, 0x0000000086900000, 0x0000000086900000|100%| O|  |TAMS 0x0000000086900000, 0x0000000086800000| Untracked 
| 105|0x0000000086900000, 0x0000000086a00000, 0x0000000086a00000|100%| O|  |TAMS 0x0000000086a00000, 0x0000000086900000| Untracked 
| 106|0x0000000086a00000, 0x0000000086b00000, 0x0000000086b00000|100%| O|  |TAMS 0x0000000086b00000, 0x0000000086a00000| Untracked 
| 107|0x0000000086b00000, 0x0000000086c00000, 0x0000000086c00000|100%| O|  |TAMS 0x0000000086c00000, 0x0000000086b00000| Untracked 
| 108|0x0000000086c00000, 0x0000000086d00000, 0x0000000086d00000|100%| O|  |TAMS 0x0000000086d00000, 0x0000000086c00000| Untracked 
| 109|0x0000000086d00000, 0x0000000086e00000, 0x0000000086e00000|100%| O|  |TAMS 0x0000000086e00000, 0x0000000086d00000| Untracked 
| 110|0x0000000086e00000, 0x0000000086f00000, 0x0000000086f00000|100%| O|  |TAMS 0x0000000086f00000, 0x0000000086e00000| Untracked 
| 111|0x0000000086f00000, 0x0000000087000000, 0x0000000087000000|100%| O|  |TAMS 0x0000000087000000, 0x0000000086f00000| Untracked 
| 112|0x0000000087000000, 0x0000000087100000, 0x0000000087100000|100%| O|  |TAMS 0x0000000087100000, 0x0000000087000000| Untracked 
| 113|0x0000000087100000, 0x0000000087200000, 0x0000000087200000|100%| O|  |TAMS 0x0000000087200000, 0x0000000087100000| Untracked 
| 114|0x0000000087200000, 0x0000000087300000, 0x0000000087300000|100%| O|  |TAMS 0x0000000087300000, 0x0000000087200000| Untracked 
| 115|0x0000000087300000, 0x0000000087400000, 0x0000000087400000|100%| O|  |TAMS 0x0000000087400000, 0x0000000087300000| Untracked 
| 116|0x0000000087400000, 0x0000000087500000, 0x0000000087500000|100%| O|  |TAMS 0x0000000087500000, 0x0000000087400000| Untracked 
| 117|0x0000000087500000, 0x0000000087600000, 0x0000000087600000|100%| O|  |TAMS 0x0000000087600000, 0x0000000087500000| Untracked 
| 118|0x0000000087600000, 0x0000000087700000, 0x0000000087700000|100%|HS|  |TAMS 0x0000000087700000, 0x0000000087600000| Complete 
| 119|0x0000000087700000, 0x0000000087800000, 0x0000000087800000|100%|HS|  |TAMS 0x0000000087800000, 0x0000000087700000| Complete 
| 120|0x0000000087800000, 0x0000000087900000, 0x0000000087900000|100%|HS|  |TAMS 0x0000000087900000, 0x0000000087800000| Complete 
| 121|0x0000000087900000, 0x0000000087a00000, 0x0000000087a00000|100%|HS|  |TAMS 0x0000000087a00000, 0x0000000087900000| Complete 
| 122|0x0000000087a00000, 0x0000000087b00000, 0x0000000087b00000|100%|HC|  |TAMS 0x0000000087b00000, 0x0000000087a00000| Complete 
| 123|0x0000000087b00000, 0x0000000087c00000, 0x0000000087c00000|100%| O|  |TAMS 0x0000000087c00000, 0x0000000087b00000| Untracked 
| 124|0x0000000087c00000, 0x0000000087d00000, 0x0000000087d00000|100%| O|  |TAMS 0x0000000087d00000, 0x0000000087c00000| Untracked 
| 125|0x0000000087d00000, 0x0000000087e00000, 0x0000000087e00000|100%| O|  |TAMS 0x0000000087e00000, 0x0000000087d00000| Untracked 
| 126|0x0000000087e00000, 0x0000000087f00000, 0x0000000087f00000|100%| O|  |TAMS 0x0000000087f00000, 0x0000000087e00000| Untracked 
| 127|0x0000000087f00000, 0x0000000088000000, 0x0000000088000000|100%| O|  |TAMS 0x0000000088000000, 0x0000000087f00000| Untracked 
| 128|0x0000000088000000, 0x0000000088100000, 0x0000000088100000|100%| O|  |TAMS 0x0000000088100000, 0x0000000088000000| Untracked 
| 129|0x0000000088100000, 0x0000000088200000, 0x0000000088200000|100%| O|  |TAMS 0x0000000088200000, 0x0000000088100000| Untracked 
| 130|0x0000000088200000, 0x0000000088300000, 0x0000000088300000|100%| O|  |TAMS 0x0000000088300000, 0x0000000088200000| Untracked 
| 131|0x0000000088300000, 0x0000000088400000, 0x0000000088400000|100%| O|  |TAMS 0x0000000088400000, 0x0000000088300000| Untracked 
| 132|0x0000000088400000, 0x0000000088500000, 0x0000000088500000|100%| O|  |TAMS 0x0000000088500000, 0x0000000088400000| Untracked 
| 133|0x0000000088500000, 0x0000000088600000, 0x0000000088600000|100%| O|  |TAMS 0x0000000088600000, 0x0000000088500000| Untracked 
| 134|0x0000000088600000, 0x0000000088700000, 0x0000000088700000|100%| O|  |TAMS 0x0000000088700000, 0x0000000088600000| Untracked 
| 135|0x0000000088700000, 0x0000000088800000, 0x0000000088800000|100%| O|  |TAMS 0x0000000088727c00, 0x0000000088700000| Untracked 
| 136|0x0000000088800000, 0x0000000088900000, 0x0000000088900000|100%| O|  |TAMS 0x0000000088800000, 0x0000000088800000| Untracked 
| 137|0x0000000088900000, 0x0000000088a00000, 0x0000000088a00000|100%| O|  |TAMS 0x0000000088900000, 0x0000000088900000| Untracked 
| 138|0x0000000088a00000, 0x0000000088b00000, 0x0000000088b00000|100%| O|  |TAMS 0x0000000088a00000, 0x0000000088a00000| Untracked 
| 139|0x0000000088b00000, 0x0000000088c00000, 0x0000000088c00000|100%| O|  |TAMS 0x0000000088b00000, 0x0000000088b00000| Untracked 
| 140|0x0000000088c00000, 0x0000000088d00000, 0x0000000088d00000|100%| O|  |TAMS 0x0000000088c00000, 0x0000000088c00000| Untracked 
| 141|0x0000000088d00000, 0x0000000088e00000, 0x0000000088e00000|100%| O|  |TAMS 0x0000000088d00000, 0x0000000088d00000| Untracked 
| 142|0x0000000088e00000, 0x0000000088f00000, 0x0000000088f00000|100%| O|  |TAMS 0x0000000088e00000, 0x0000000088e00000| Untracked 
| 143|0x0000000088f00000, 0x0000000089000000, 0x0000000089000000|100%| O|  |TAMS 0x0000000088f00000, 0x0000000088f00000| Untracked 
| 144|0x0000000089000000, 0x0000000089100000, 0x0000000089100000|100%| O|  |TAMS 0x0000000089000000, 0x0000000089000000| Untracked 
| 145|0x0000000089100000, 0x0000000089200000, 0x0000000089200000|100%| O|  |TAMS 0x0000000089100000, 0x0000000089100000| Untracked 
| 146|0x0000000089200000, 0x0000000089300000, 0x0000000089300000|100%| O|  |TAMS 0x0000000089200000, 0x0000000089200000| Untracked 
| 147|0x0000000089300000, 0x0000000089400000, 0x0000000089400000|100%|HS|  |TAMS 0x0000000089300000, 0x0000000089300000| Complete 
| 148|0x0000000089400000, 0x0000000089500000, 0x0000000089500000|100%| O|  |TAMS 0x0000000089400000, 0x0000000089400000| Untracked 
| 149|0x0000000089500000, 0x0000000089600000, 0x0000000089600000|100%| O|  |TAMS 0x0000000089500000, 0x0000000089500000| Untracked 
| 150|0x0000000089600000, 0x0000000089700000, 0x0000000089700000|100%| O|  |TAMS 0x0000000089600000, 0x0000000089600000| Untracked 
| 151|0x0000000089700000, 0x0000000089800000, 0x0000000089800000|100%| O|  |TAMS 0x0000000089700000, 0x0000000089700000| Untracked 
| 152|0x0000000089800000, 0x0000000089900000, 0x0000000089900000|100%| O|  |TAMS 0x0000000089800000, 0x0000000089800000| Untracked 
| 153|0x0000000089900000, 0x0000000089a00000, 0x0000000089a00000|100%| O|  |TAMS 0x0000000089900000, 0x0000000089900000| Untracked 
| 154|0x0000000089a00000, 0x0000000089b00000, 0x0000000089b00000|100%| O|  |TAMS 0x0000000089a00000, 0x0000000089a00000| Untracked 
| 155|0x0000000089b00000, 0x0000000089c00000, 0x0000000089c00000|100%| O|  |TAMS 0x0000000089b00000, 0x0000000089b00000| Untracked 
| 156|0x0000000089c00000, 0x0000000089d00000, 0x0000000089d00000|100%| O|  |TAMS 0x0000000089c00000, 0x0000000089c00000| Untracked 
| 157|0x0000000089d00000, 0x0000000089e00000, 0x0000000089e00000|100%| O|  |TAMS 0x0000000089d00000, 0x0000000089d00000| Untracked 
| 158|0x0000000089e00000, 0x0000000089f00000, 0x0000000089f00000|100%| O|  |TAMS 0x0000000089e00000, 0x0000000089e00000| Untracked 
| 159|0x0000000089f00000, 0x000000008a000000, 0x000000008a000000|100%| O|  |TAMS 0x0000000089f00000, 0x0000000089f00000| Untracked 
| 160|0x000000008a000000, 0x000000008a100000, 0x000000008a100000|100%| O|  |TAMS 0x000000008a000000, 0x000000008a000000| Untracked 
| 161|0x000000008a100000, 0x000000008a200000, 0x000000008a200000|100%| O|  |TAMS 0x000000008a100000, 0x000000008a100000| Untracked 
| 162|0x000000008a200000, 0x000000008a300000, 0x000000008a300000|100%| O|  |TAMS 0x000000008a200000, 0x000000008a200000| Untracked 
| 163|0x000000008a300000, 0x000000008a400000, 0x000000008a400000|100%| O|  |TAMS 0x000000008a300000, 0x000000008a300000| Untracked 
| 164|0x000000008a400000, 0x000000008a500000, 0x000000008a500000|100%|HS|  |TAMS 0x000000008a400000, 0x000000008a400000| Complete 
| 165|0x000000008a500000, 0x000000008a600000, 0x000000008a600000|100%|HS|  |TAMS 0x000000008a500000, 0x000000008a500000| Complete 
| 166|0x000000008a600000, 0x000000008a700000, 0x000000008a700000|100%| O|  |TAMS 0x000000008a600000, 0x000000008a600000| Untracked 
| 167|0x000000008a700000, 0x000000008a800000, 0x000000008a800000|100%|HS|  |TAMS 0x000000008a700000, 0x000000008a700000| Complete 
| 168|0x000000008a800000, 0x000000008a900000, 0x000000008a900000|100%|HC|  |TAMS 0x000000008a800000, 0x000000008a800000| Complete 
| 169|0x000000008a900000, 0x000000008aa00000, 0x000000008aa00000|100%| O|  |TAMS 0x000000008a900000, 0x000000008a900000| Untracked 
| 170|0x000000008aa00000, 0x000000008ab00000, 0x000000008ab00000|100%| O|  |TAMS 0x000000008aa00000, 0x000000008aa00000| Untracked 
| 171|0x000000008ab00000, 0x000000008ac00000, 0x000000008ac00000|100%| O|  |TAMS 0x000000008ab00000, 0x000000008ab00000| Untracked 
| 172|0x000000008ac00000, 0x000000008ad00000, 0x000000008ad00000|100%| O|  |TAMS 0x000000008ac00000, 0x000000008ac00000| Untracked 
| 173|0x000000008ad00000, 0x000000008ae00000, 0x000000008ae00000|100%| O|  |TAMS 0x000000008ad00000, 0x000000008ad00000| Untracked 
| 174|0x000000008ae00000, 0x000000008af00000, 0x000000008af00000|100%| O|  |TAMS 0x000000008ae00000, 0x000000008ae00000| Untracked 
| 175|0x000000008af00000, 0x000000008b000000, 0x000000008b000000|100%| O|  |TAMS 0x000000008af00000, 0x000000008af00000| Untracked 
| 176|0x000000008b000000, 0x000000008b100000, 0x000000008b100000|100%| O|  |TAMS 0x000000008b000000, 0x000000008b000000| Untracked 
| 177|0x000000008b100000, 0x000000008b200000, 0x000000008b200000|100%| O|  |TAMS 0x000000008b100000, 0x000000008b100000| Untracked 
| 178|0x000000008b200000, 0x000000008b300000, 0x000000008b300000|100%| O|  |TAMS 0x000000008b200000, 0x000000008b200000| Untracked 
| 179|0x000000008b300000, 0x000000008b400000, 0x000000008b400000|100%| O|  |TAMS 0x000000008b300000, 0x000000008b300000| Untracked 
| 180|0x000000008b400000, 0x000000008b500000, 0x000000008b500000|100%| O|  |TAMS 0x000000008b400000, 0x000000008b400000| Untracked 
| 181|0x000000008b500000, 0x000000008b600000, 0x000000008b600000|100%| O|  |TAMS 0x000000008b500000, 0x000000008b500000| Untracked 
| 182|0x000000008b600000, 0x000000008b700000, 0x000000008b700000|100%| O|  |TAMS 0x000000008b600000, 0x000000008b600000| Untracked 
| 183|0x000000008b700000, 0x000000008b800000, 0x000000008b800000|100%| O|  |TAMS 0x000000008b700000, 0x000000008b700000| Untracked 
| 184|0x000000008b800000, 0x000000008b900000, 0x000000008b900000|100%|HS|  |TAMS 0x000000008b800000, 0x000000008b800000| Complete 
| 185|0x000000008b900000, 0x000000008ba00000, 0x000000008ba00000|100%|HS|  |TAMS 0x000000008b900000, 0x000000008b900000| Complete 
| 186|0x000000008ba00000, 0x000000008bb00000, 0x000000008bb00000|100%|HS|  |TAMS 0x000000008ba00000, 0x000000008ba00000| Complete 
| 187|0x000000008bb00000, 0x000000008bc00000, 0x000000008bc00000|100%| O|  |TAMS 0x000000008bb00000, 0x000000008bb00000| Untracked 
| 188|0x000000008bc00000, 0x000000008bd00000, 0x000000008bd00000|100%| O|  |TAMS 0x000000008bc00000, 0x000000008bc00000| Untracked 
| 189|0x000000008bd00000, 0x000000008be00000, 0x000000008be00000|100%| O|  |TAMS 0x000000008bd00000, 0x000000008bd00000| Untracked 
| 190|0x000000008be00000, 0x000000008bf00000, 0x000000008bf00000|100%| O|  |TAMS 0x000000008be00000, 0x000000008be00000| Untracked 
| 191|0x000000008bf00000, 0x000000008c000000, 0x000000008c000000|100%| O|  |TAMS 0x000000008bf00000, 0x000000008bf00000| Untracked 
| 192|0x000000008c000000, 0x000000008c100000, 0x000000008c100000|100%| O|  |TAMS 0x000000008c000000, 0x000000008c000000| Untracked 
| 193|0x000000008c100000, 0x000000008c200000, 0x000000008c200000|100%| O|  |TAMS 0x000000008c100000, 0x000000008c100000| Untracked 
| 194|0x000000008c200000, 0x000000008c300000, 0x000000008c300000|100%| O|  |TAMS 0x000000008c200000, 0x000000008c200000| Untracked 
| 195|0x000000008c300000, 0x000000008c400000, 0x000000008c400000|100%| O|  |TAMS 0x000000008c300000, 0x000000008c300000| Untracked 
| 196|0x000000008c400000, 0x000000008c500000, 0x000000008c500000|100%| O|  |TAMS 0x000000008c400000, 0x000000008c400000| Untracked 
| 197|0x000000008c500000, 0x000000008c600000, 0x000000008c600000|100%| O|  |TAMS 0x000000008c500000, 0x000000008c500000| Untracked 
| 198|0x000000008c600000, 0x000000008c700000, 0x000000008c700000|100%| O|  |TAMS 0x000000008c600000, 0x000000008c600000| Untracked 
| 199|0x000000008c700000, 0x000000008c800000, 0x000000008c800000|100%| O|  |TAMS 0x000000008c700000, 0x000000008c700000| Untracked 
| 200|0x000000008c800000, 0x000000008c900000, 0x000000008c900000|100%| O|  |TAMS 0x000000008c800000, 0x000000008c800000| Untracked 
| 201|0x000000008c900000, 0x000000008ca00000, 0x000000008ca00000|100%| O|  |TAMS 0x000000008c900000, 0x000000008c900000| Untracked 
| 202|0x000000008ca00000, 0x000000008cb00000, 0x000000008cb00000|100%| O|  |TAMS 0x000000008ca00000, 0x000000008ca00000| Untracked 
| 203|0x000000008cb00000, 0x000000008cc00000, 0x000000008cc00000|100%| O|  |TAMS 0x000000008cb00000, 0x000000008cb00000| Untracked 
| 204|0x000000008cc00000, 0x000000008cd00000, 0x000000008cd00000|100%| O|  |TAMS 0x000000008cc00000, 0x000000008cc00000| Untracked 
| 205|0x000000008cd00000, 0x000000008ce00000, 0x000000008ce00000|100%| O|  |TAMS 0x000000008cd00000, 0x000000008cd00000| Untracked 
| 206|0x000000008ce00000, 0x000000008cf00000, 0x000000008cf00000|100%| O|  |TAMS 0x000000008ce00000, 0x000000008ce00000| Untracked 
| 207|0x000000008cf00000, 0x000000008d000000, 0x000000008d000000|100%| O|  |TAMS 0x000000008cf00000, 0x000000008cf00000| Untracked 
| 208|0x000000008d000000, 0x000000008d100000, 0x000000008d100000|100%| O|  |TAMS 0x000000008d000000, 0x000000008d000000| Untracked 
| 209|0x000000008d100000, 0x000000008d200000, 0x000000008d200000|100%| O|  |TAMS 0x000000008d100000, 0x000000008d100000| Untracked 
| 210|0x000000008d200000, 0x000000008d300000, 0x000000008d300000|100%| O|  |TAMS 0x000000008d200000, 0x000000008d200000| Untracked 
| 211|0x000000008d300000, 0x000000008d400000, 0x000000008d400000|100%| O|  |TAMS 0x000000008d300000, 0x000000008d300000| Untracked 
| 212|0x000000008d400000, 0x000000008d500000, 0x000000008d500000|100%| O|  |TAMS 0x000000008d400000, 0x000000008d400000| Untracked 
| 213|0x000000008d500000, 0x000000008d600000, 0x000000008d600000|100%| O|  |TAMS 0x000000008d500000, 0x000000008d500000| Untracked 
| 214|0x000000008d600000, 0x000000008d700000, 0x000000008d700000|100%| O|  |TAMS 0x000000008d600000, 0x000000008d600000| Untracked 
| 215|0x000000008d700000, 0x000000008d800000, 0x000000008d800000|100%| O|  |TAMS 0x000000008d700000, 0x000000008d700000| Untracked 
| 216|0x000000008d800000, 0x000000008d900000, 0x000000008d900000|100%| O|  |TAMS 0x000000008d800000, 0x000000008d800000| Untracked 
| 217|0x000000008d900000, 0x000000008da00000, 0x000000008da00000|100%| O|  |TAMS 0x000000008d900000, 0x000000008d900000| Untracked 
| 218|0x000000008da00000, 0x000000008db00000, 0x000000008db00000|100%| O|  |TAMS 0x000000008da00000, 0x000000008da00000| Untracked 
| 219|0x000000008db00000, 0x000000008dc00000, 0x000000008dc00000|100%| O|  |TAMS 0x000000008db00000, 0x000000008db00000| Untracked 
| 220|0x000000008dc00000, 0x000000008dd00000, 0x000000008dd00000|100%| O|  |TAMS 0x000000008dc00000, 0x000000008dc00000| Untracked 
| 221|0x000000008dd00000, 0x000000008de00000, 0x000000008de00000|100%| O|  |TAMS 0x000000008dd00000, 0x000000008dd00000| Untracked 
| 222|0x000000008de00000, 0x000000008df00000, 0x000000008df00000|100%| O|  |TAMS 0x000000008de00000, 0x000000008de00000| Untracked 
| 223|0x000000008df00000, 0x000000008e000000, 0x000000008e000000|100%| O|  |TAMS 0x000000008df00000, 0x000000008df00000| Untracked 
| 224|0x000000008e000000, 0x000000008e100000, 0x000000008e100000|100%| O|  |TAMS 0x000000008e000000, 0x000000008e000000| Untracked 
| 225|0x000000008e100000, 0x000000008e200000, 0x000000008e200000|100%| O|  |TAMS 0x000000008e100000, 0x000000008e100000| Untracked 
| 226|0x000000008e200000, 0x000000008e300000, 0x000000008e300000|100%| O|  |TAMS 0x000000008e200000, 0x000000008e200000| Untracked 
| 227|0x000000008e300000, 0x000000008e400000, 0x000000008e400000|100%| O|  |TAMS 0x000000008e300000, 0x000000008e300000| Untracked 
| 228|0x000000008e400000, 0x000000008e500000, 0x000000008e500000|100%| O|  |TAMS 0x000000008e400000, 0x000000008e400000| Untracked 
| 229|0x000000008e500000, 0x000000008e600000, 0x000000008e600000|100%| O|  |TAMS 0x000000008e500000, 0x000000008e500000| Untracked 
| 230|0x000000008e600000, 0x000000008e700000, 0x000000008e700000|100%| O|  |TAMS 0x000000008e600000, 0x000000008e600000| Untracked 
| 231|0x000000008e700000, 0x000000008e800000, 0x000000008e800000|100%| O|  |TAMS 0x000000008e700000, 0x000000008e700000| Untracked 
| 232|0x000000008e800000, 0x000000008e900000, 0x000000008e900000|100%| O|  |TAMS 0x000000008e800000, 0x000000008e800000| Untracked 
| 233|0x000000008e900000, 0x000000008ea00000, 0x000000008ea00000|100%| O|  |TAMS 0x000000008e900000, 0x000000008e900000| Untracked 
| 234|0x000000008ea00000, 0x000000008eb00000, 0x000000008eb00000|100%| O|  |TAMS 0x000000008ea00000, 0x000000008ea00000| Untracked 
| 235|0x000000008eb00000, 0x000000008ec00000, 0x000000008ec00000|100%| O|  |TAMS 0x000000008eb00000, 0x000000008eb00000| Untracked 
| 236|0x000000008ec00000, 0x000000008ed00000, 0x000000008ed00000|100%| O|  |TAMS 0x000000008ec00000, 0x000000008ec00000| Untracked 
| 237|0x000000008ed00000, 0x000000008ee00000, 0x000000008ee00000|100%| O|  |TAMS 0x000000008ed00000, 0x000000008ed00000| Untracked 
| 238|0x000000008ee00000, 0x000000008ef00000, 0x000000008ef00000|100%| O|  |TAMS 0x000000008ee00000, 0x000000008ee00000| Untracked 
| 239|0x000000008ef00000, 0x000000008f000000, 0x000000008f000000|100%| O|  |TAMS 0x000000008ef00000, 0x000000008ef00000| Untracked 
| 240|0x000000008f000000, 0x000000008f100000, 0x000000008f100000|100%| O|  |TAMS 0x000000008f000000, 0x000000008f000000| Untracked 
| 241|0x000000008f100000, 0x000000008f200000, 0x000000008f200000|100%| O|  |TAMS 0x000000008f100000, 0x000000008f100000| Untracked 
| 242|0x000000008f200000, 0x000000008f300000, 0x000000008f300000|100%| O|  |TAMS 0x000000008f200000, 0x000000008f200000| Untracked 
| 243|0x000000008f300000, 0x000000008f400000, 0x000000008f400000|100%| O|  |TAMS 0x000000008f300000, 0x000000008f300000| Untracked 
| 244|0x000000008f400000, 0x000000008f500000, 0x000000008f500000|100%| O|  |TAMS 0x000000008f400000, 0x000000008f400000| Untracked 
| 245|0x000000008f500000, 0x000000008f600000, 0x000000008f600000|100%| O|  |TAMS 0x000000008f500000, 0x000000008f500000| Untracked 
| 246|0x000000008f600000, 0x000000008f700000, 0x000000008f700000|100%| O|  |TAMS 0x000000008f600000, 0x000000008f600000| Untracked 
| 247|0x000000008f700000, 0x000000008f700000, 0x000000008f800000|  0%| F|  |TAMS 0x000000008f700000, 0x000000008f700000| Untracked 
| 248|0x000000008f800000, 0x000000008f800000, 0x000000008f900000|  0%| F|  |TAMS 0x000000008f800000, 0x000000008f800000| Untracked 
| 249|0x000000008f900000, 0x000000008f900000, 0x000000008fa00000|  0%| F|  |TAMS 0x000000008f900000, 0x000000008f900000| Untracked 
| 250|0x000000008fa00000, 0x000000008fa00000, 0x000000008fb00000|  0%| F|  |TAMS 0x000000008fa00000, 0x000000008fa00000| Untracked 
| 251|0x000000008fb00000, 0x000000008fb00000, 0x000000008fc00000|  0%| F|  |TAMS 0x000000008fb00000, 0x000000008fb00000| Untracked 
| 252|0x000000008fc00000, 0x000000008fd00000, 0x000000008fd00000|100%| O|  |TAMS 0x000000008fc00000, 0x000000008fc00000| Untracked 
| 253|0x000000008fd00000, 0x000000008fe00000, 0x000000008fe00000|100%| O|  |TAMS 0x000000008fd00000, 0x000000008fd00000| Untracked 
| 254|0x000000008fe00000, 0x000000008fe9d200, 0x000000008ff00000| 61%| O|  |TAMS 0x000000008fe00000, 0x000000008fe00000| Untracked 
| 255|0x000000008ff00000, 0x000000008ff00000, 0x0000000090000000|  0%| F|  |TAMS 0x000000008ff00000, 0x000000008ff00000| Untracked 
| 256|0x0000000090000000, 0x0000000090000000, 0x0000000090100000|  0%| F|  |TAMS 0x0000000090000000, 0x0000000090000000| Untracked 
| 257|0x0000000090100000, 0x0000000090100000, 0x0000000090200000|  0%| F|  |TAMS 0x0000000090100000, 0x0000000090100000| Untracked 
| 258|0x0000000090200000, 0x0000000090200000, 0x0000000090300000|  0%| F|  |TAMS 0x0000000090200000, 0x0000000090200000| Untracked 
| 259|0x0000000090300000, 0x0000000090300000, 0x0000000090400000|  0%| F|  |TAMS 0x0000000090300000, 0x0000000090300000| Untracked 
| 260|0x0000000090400000, 0x0000000090400000, 0x0000000090500000|  0%| F|  |TAMS 0x0000000090400000, 0x0000000090400000| Untracked 
| 261|0x0000000090500000, 0x0000000090500000, 0x0000000090600000|  0%| F|  |TAMS 0x0000000090500000, 0x0000000090500000| Untracked 
| 262|0x0000000090600000, 0x0000000090600000, 0x0000000090700000|  0%| F|  |TAMS 0x0000000090600000, 0x0000000090600000| Untracked 
| 263|0x0000000090700000, 0x0000000090700000, 0x0000000090800000|  0%| F|  |TAMS 0x0000000090700000, 0x0000000090700000| Untracked 
| 264|0x0000000090800000, 0x0000000090800000, 0x0000000090900000|  0%| F|  |TAMS 0x0000000090800000, 0x0000000090800000| Untracked 
| 265|0x0000000090900000, 0x0000000090900000, 0x0000000090a00000|  0%| F|  |TAMS 0x0000000090900000, 0x0000000090900000| Untracked 
| 266|0x0000000090a00000, 0x0000000090a00000, 0x0000000090b00000|  0%| F|  |TAMS 0x0000000090a00000, 0x0000000090a00000| Untracked 
| 267|0x0000000090b00000, 0x0000000090b00000, 0x0000000090c00000|  0%| F|  |TAMS 0x0000000090b00000, 0x0000000090b00000| Untracked 
| 268|0x0000000090c00000, 0x0000000090c00000, 0x0000000090d00000|  0%| F|  |TAMS 0x0000000090c00000, 0x0000000090c00000| Untracked 
| 269|0x0000000090d00000, 0x0000000090d00000, 0x0000000090e00000|  0%| F|  |TAMS 0x0000000090d00000, 0x0000000090d00000| Untracked 
| 270|0x0000000090e00000, 0x0000000090e00000, 0x0000000090f00000|  0%| F|  |TAMS 0x0000000090e00000, 0x0000000090e00000| Untracked 
| 271|0x0000000090f00000, 0x0000000090f00000, 0x0000000091000000|  0%| F|  |TAMS 0x0000000090f00000, 0x0000000090f00000| Untracked 
| 272|0x0000000091000000, 0x0000000091000000, 0x0000000091100000|  0%| F|  |TAMS 0x0000000091000000, 0x0000000091000000| Untracked 
| 273|0x0000000091100000, 0x0000000091100000, 0x0000000091200000|  0%| F|  |TAMS 0x0000000091100000, 0x0000000091100000| Untracked 
| 274|0x0000000091200000, 0x0000000091200000, 0x0000000091300000|  0%| F|  |TAMS 0x0000000091200000, 0x0000000091200000| Untracked 
| 275|0x0000000091300000, 0x0000000091300000, 0x0000000091400000|  0%| F|  |TAMS 0x0000000091300000, 0x0000000091300000| Untracked 
| 276|0x0000000091400000, 0x0000000091400000, 0x0000000091500000|  0%| F|  |TAMS 0x0000000091400000, 0x0000000091400000| Untracked 
| 277|0x0000000091500000, 0x0000000091500000, 0x0000000091600000|  0%| F|  |TAMS 0x0000000091500000, 0x0000000091500000| Untracked 
| 278|0x0000000091600000, 0x0000000091600000, 0x0000000091700000|  0%| F|  |TAMS 0x0000000091600000, 0x0000000091600000| Untracked 
| 279|0x0000000091700000, 0x0000000091700000, 0x0000000091800000|  0%| F|  |TAMS 0x0000000091700000, 0x0000000091700000| Untracked 
| 280|0x0000000091800000, 0x0000000091800000, 0x0000000091900000|  0%| F|  |TAMS 0x0000000091800000, 0x0000000091800000| Untracked 
| 281|0x0000000091900000, 0x0000000091900000, 0x0000000091a00000|  0%| F|  |TAMS 0x0000000091900000, 0x0000000091900000| Untracked 
| 282|0x0000000091a00000, 0x0000000091a00000, 0x0000000091b00000|  0%| F|  |TAMS 0x0000000091a00000, 0x0000000091a00000| Untracked 
| 283|0x0000000091b00000, 0x0000000091b00000, 0x0000000091c00000|  0%| F|  |TAMS 0x0000000091b00000, 0x0000000091b00000| Untracked 
| 284|0x0000000091c00000, 0x0000000091c00000, 0x0000000091d00000|  0%| F|  |TAMS 0x0000000091c00000, 0x0000000091c00000| Untracked 
| 285|0x0000000091d00000, 0x0000000091d00000, 0x0000000091e00000|  0%| F|  |TAMS 0x0000000091d00000, 0x0000000091d00000| Untracked 
| 286|0x0000000091e00000, 0x0000000091e74978, 0x0000000091f00000| 45%| S|CS|TAMS 0x0000000091e00000, 0x0000000091e00000| Complete 
| 287|0x0000000091f00000, 0x0000000091f00000, 0x0000000092000000|  0%| F|  |TAMS 0x0000000091f00000, 0x0000000091f00000| Untracked 
| 288|0x0000000092000000, 0x0000000092100000, 0x0000000092100000|100%| S|CS|TAMS 0x0000000092000000, 0x0000000092000000| Complete 
| 289|0x0000000092100000, 0x0000000092100000, 0x0000000092200000|  0%| F|  |TAMS 0x0000000092100000, 0x0000000092100000| Untracked 
| 290|0x0000000092200000, 0x0000000092200000, 0x0000000092300000|  0%| F|  |TAMS 0x0000000092200000, 0x0000000092200000| Untracked 
| 291|0x0000000092300000, 0x0000000092300000, 0x0000000092400000|  0%| F|  |TAMS 0x0000000092300000, 0x0000000092300000| Untracked 
| 292|0x0000000092400000, 0x0000000092500000, 0x0000000092500000|100%| S|CS|TAMS 0x0000000092400000, 0x0000000092400000| Complete 
| 293|0x0000000092500000, 0x0000000092500000, 0x0000000092600000|  0%| F|  |TAMS 0x0000000092500000, 0x0000000092500000| Untracked 
| 294|0x0000000092600000, 0x0000000092600000, 0x0000000092700000|  0%| F|  |TAMS 0x0000000092600000, 0x0000000092600000| Untracked 
| 295|0x0000000092700000, 0x0000000092800000, 0x0000000092800000|100%| S|CS|TAMS 0x0000000092700000, 0x0000000092700000| Complete 
| 296|0x0000000092800000, 0x0000000092900000, 0x0000000092900000|100%| S|CS|TAMS 0x0000000092800000, 0x0000000092800000| Complete 
| 297|0x0000000092900000, 0x0000000092900000, 0x0000000092a00000|  0%| F|  |TAMS 0x0000000092900000, 0x0000000092900000| Untracked 
| 298|0x0000000092a00000, 0x0000000092a00000, 0x0000000092b00000|  0%| F|  |TAMS 0x0000000092a00000, 0x0000000092a00000| Untracked 
| 299|0x0000000092b00000, 0x0000000092b00000, 0x0000000092c00000|  0%| F|  |TAMS 0x0000000092b00000, 0x0000000092b00000| Untracked 
| 300|0x0000000092c00000, 0x0000000092c00000, 0x0000000092d00000|  0%| F|  |TAMS 0x0000000092c00000, 0x0000000092c00000| Untracked 
| 301|0x0000000092d00000, 0x0000000092d00000, 0x0000000092e00000|  0%| F|  |TAMS 0x0000000092d00000, 0x0000000092d00000| Untracked 
| 302|0x0000000092e00000, 0x0000000092e00000, 0x0000000092f00000|  0%| F|  |TAMS 0x0000000092e00000, 0x0000000092e00000| Untracked 
| 303|0x0000000092f00000, 0x0000000092f00000, 0x0000000093000000|  0%| F|  |TAMS 0x0000000092f00000, 0x0000000092f00000| Untracked 
| 304|0x0000000093000000, 0x0000000093000000, 0x0000000093100000|  0%| F|  |TAMS 0x0000000093000000, 0x0000000093000000| Untracked 
| 305|0x0000000093100000, 0x0000000093100000, 0x0000000093200000|  0%| F|  |TAMS 0x0000000093100000, 0x0000000093100000| Untracked 
| 306|0x0000000093200000, 0x0000000093200000, 0x0000000093300000|  0%| F|  |TAMS 0x0000000093200000, 0x0000000093200000| Untracked 
| 307|0x0000000093300000, 0x0000000093300000, 0x0000000093400000|  0%| F|  |TAMS 0x0000000093300000, 0x0000000093300000| Untracked 
| 308|0x0000000093400000, 0x0000000093400000, 0x0000000093500000|  0%| F|  |TAMS 0x0000000093400000, 0x0000000093400000| Untracked 
| 309|0x0000000093500000, 0x0000000093500000, 0x0000000093600000|  0%| F|  |TAMS 0x0000000093500000, 0x0000000093500000| Untracked 
| 310|0x0000000093600000, 0x0000000093600000, 0x0000000093700000|  0%| F|  |TAMS 0x0000000093600000, 0x0000000093600000| Untracked 
| 311|0x0000000093700000, 0x0000000093700000, 0x0000000093800000|  0%| F|  |TAMS 0x0000000093700000, 0x0000000093700000| Untracked 
| 312|0x0000000093800000, 0x0000000093800000, 0x0000000093900000|  0%| F|  |TAMS 0x0000000093800000, 0x0000000093800000| Untracked 
| 313|0x0000000093900000, 0x0000000093900000, 0x0000000093a00000|  0%| F|  |TAMS 0x0000000093900000, 0x0000000093900000| Untracked 
| 314|0x0000000093a00000, 0x0000000093a00000, 0x0000000093b00000|  0%| F|  |TAMS 0x0000000093a00000, 0x0000000093a00000| Untracked 
| 315|0x0000000093b00000, 0x0000000093b00000, 0x0000000093c00000|  0%| F|  |TAMS 0x0000000093b00000, 0x0000000093b00000| Untracked 
| 316|0x0000000093c00000, 0x0000000093c00000, 0x0000000093d00000|  0%| F|  |TAMS 0x0000000093c00000, 0x0000000093c00000| Untracked 
| 317|0x0000000093d00000, 0x0000000093d00000, 0x0000000093e00000|  0%| F|  |TAMS 0x0000000093d00000, 0x0000000093d00000| Untracked 
| 318|0x0000000093e00000, 0x0000000093e00000, 0x0000000093f00000|  0%| F|  |TAMS 0x0000000093e00000, 0x0000000093e00000| Untracked 
| 319|0x0000000093f00000, 0x0000000093f00000, 0x0000000094000000|  0%| F|  |TAMS 0x0000000093f00000, 0x0000000093f00000| Untracked 
| 320|0x0000000094000000, 0x0000000094000000, 0x0000000094100000|  0%| F|  |TAMS 0x0000000094000000, 0x0000000094000000| Untracked 
| 321|0x0000000094100000, 0x0000000094100000, 0x0000000094200000|  0%| F|  |TAMS 0x0000000094100000, 0x0000000094100000| Untracked 
| 322|0x0000000094200000, 0x0000000094200000, 0x0000000094300000|  0%| F|  |TAMS 0x0000000094200000, 0x0000000094200000| Untracked 
| 323|0x0000000094300000, 0x0000000094300000, 0x0000000094400000|  0%| F|  |TAMS 0x0000000094300000, 0x0000000094300000| Untracked 
| 324|0x0000000094400000, 0x0000000094400000, 0x0000000094500000|  0%| F|  |TAMS 0x0000000094400000, 0x0000000094400000| Untracked 
| 325|0x0000000094500000, 0x0000000094500000, 0x0000000094600000|  0%| F|  |TAMS 0x0000000094500000, 0x0000000094500000| Untracked 
| 326|0x0000000094600000, 0x0000000094600000, 0x0000000094700000|  0%| F|  |TAMS 0x0000000094600000, 0x0000000094600000| Untracked 
| 327|0x0000000094700000, 0x0000000094700000, 0x0000000094800000|  0%| F|  |TAMS 0x0000000094700000, 0x0000000094700000| Untracked 
| 328|0x0000000094800000, 0x0000000094800000, 0x0000000094900000|  0%| F|  |TAMS 0x0000000094800000, 0x0000000094800000| Untracked 
| 329|0x0000000094900000, 0x0000000094900000, 0x0000000094a00000|  0%| F|  |TAMS 0x0000000094900000, 0x0000000094900000| Untracked 
| 330|0x0000000094a00000, 0x0000000094a00000, 0x0000000094b00000|  0%| F|  |TAMS 0x0000000094a00000, 0x0000000094a00000| Untracked 
| 331|0x0000000094b00000, 0x0000000094b00000, 0x0000000094c00000|  0%| F|  |TAMS 0x0000000094b00000, 0x0000000094b00000| Untracked 
| 332|0x0000000094c00000, 0x0000000094c00000, 0x0000000094d00000|  0%| F|  |TAMS 0x0000000094c00000, 0x0000000094c00000| Untracked 
| 333|0x0000000094d00000, 0x0000000094d00000, 0x0000000094e00000|  0%| F|  |TAMS 0x0000000094d00000, 0x0000000094d00000| Untracked 
| 334|0x0000000094e00000, 0x0000000094e00000, 0x0000000094f00000|  0%| F|  |TAMS 0x0000000094e00000, 0x0000000094e00000| Untracked 
| 335|0x0000000094f00000, 0x0000000094f00000, 0x0000000095000000|  0%| F|  |TAMS 0x0000000094f00000, 0x0000000094f00000| Untracked 
| 336|0x0000000095000000, 0x0000000095000000, 0x0000000095100000|  0%| F|  |TAMS 0x0000000095000000, 0x0000000095000000| Untracked 
| 337|0x0000000095100000, 0x0000000095100000, 0x0000000095200000|  0%| F|  |TAMS 0x0000000095100000, 0x0000000095100000| Untracked 
| 338|0x0000000095200000, 0x0000000095200000, 0x0000000095300000|  0%| F|  |TAMS 0x0000000095200000, 0x0000000095200000| Untracked 
| 339|0x0000000095300000, 0x0000000095300000, 0x0000000095400000|  0%| F|  |TAMS 0x0000000095300000, 0x0000000095300000| Untracked 
| 340|0x0000000095400000, 0x0000000095400000, 0x0000000095500000|  0%| F|  |TAMS 0x0000000095400000, 0x0000000095400000| Untracked 
| 341|0x0000000095500000, 0x00000000955cc738, 0x0000000095600000| 79%| E|  |TAMS 0x0000000095500000, 0x0000000095500000| Complete 
| 342|0x0000000095600000, 0x0000000095700000, 0x0000000095700000|100%| E|CS|TAMS 0x0000000095600000, 0x0000000095600000| Complete 
| 343|0x0000000095700000, 0x0000000095800000, 0x0000000095800000|100%| E|CS|TAMS 0x0000000095700000, 0x0000000095700000| Complete 
| 344|0x0000000095800000, 0x0000000095900000, 0x0000000095900000|100%| E|CS|TAMS 0x0000000095800000, 0x0000000095800000| Complete 
| 345|0x0000000095900000, 0x0000000095a00000, 0x0000000095a00000|100%| E|CS|TAMS 0x0000000095900000, 0x0000000095900000| Complete 
| 346|0x0000000095a00000, 0x0000000095b00000, 0x0000000095b00000|100%| E|CS|TAMS 0x0000000095a00000, 0x0000000095a00000| Complete 
| 347|0x0000000095b00000, 0x0000000095c00000, 0x0000000095c00000|100%| E|CS|TAMS 0x0000000095b00000, 0x0000000095b00000| Complete 
| 348|0x0000000095c00000, 0x0000000095d00000, 0x0000000095d00000|100%| E|CS|TAMS 0x0000000095c00000, 0x0000000095c00000| Complete 
| 349|0x0000000095d00000, 0x0000000095e00000, 0x0000000095e00000|100%| E|CS|TAMS 0x0000000095d00000, 0x0000000095d00000| Complete 

Card table byte_map: [0x000001e278c30000,0x000001e279030000] _byte_map_base: 0x000001e278830000

Marking Bits (Prev, Next): (CMBitMap*) 0x000001e25f3ab530, (CMBitMap*) 0x000001e25f3ab570
 Prev Bits: [0x000001e279430000, 0x000001e27b430000)
 Next Bits: [0x000001e27b430000, 0x000001e27d430000)

Polling page: 0x000001e25f2a0000

Metaspace:

Usage:
  Non-class:     99.21 MB used.
      Class:     15.98 MB used.
       Both:    115.19 MB used.

Virtual space:
  Non-class space:      128.00 MB reserved,     100.06 MB ( 78%) committed,  2 nodes.
      Class space:      416.00 MB reserved,      16.81 MB (  4%) committed,  1 nodes.
             Both:      544.00 MB reserved,     116.88 MB ( 21%) committed. 

Chunk freelists:
   Non-Class:  11.73 MB
       Class:  15.22 MB
        Both:  26.96 MB

MaxMetaspaceSize: 512.00 MB
CompressedClassSpaceSize: 416.00 MB
Initial GC threshold: 21.00 MB
Current GC threshold: 169.81 MB
CDS: on
MetaspaceReclaimPolicy: balanced
 - commit_granule_bytes: 65536.
 - commit_granule_words: 8192.
 - virtual_space_node_default_size: 8388608.
 - enlarge_chunks_in_place: 1.
 - new_chunks_are_fully_committed: 0.
 - uncommit_free_chunks: 1.
 - use_allocation_guard: 0.
 - handle_deallocations: 1.


Internal statistics:

num_allocs_failed_limit: 9.
num_arena_births: 2688.
num_arena_deaths: 0.
num_vsnodes_births: 3.
num_vsnodes_deaths: 0.
num_space_committed: 1869.
num_space_uncommitted: 0.
num_chunks_returned_to_freelist: 9.
num_chunks_taken_from_freelist: 8433.
num_chunk_merges: 9.
num_chunk_splits: 5210.
num_chunks_enlarged: 3052.
num_inconsistent_stats: 0.

CodeHeap 'non-profiled nmethods': size=120000Kb used=11989Kb max_used=12885Kb free=108010Kb
 bounds [0x000001e270db0000, 0x000001e271a50000, 0x000001e2782e0000]
CodeHeap 'profiled nmethods': size=120000Kb used=31213Kb max_used=32116Kb free=88786Kb
 bounds [0x000001e2692e0000, 0x000001e26b260000, 0x000001e270810000]
CodeHeap 'non-nmethods': size=5760Kb used=1790Kb max_used=1885Kb free=3969Kb
 bounds [0x000001e270810000, 0x000001e270a80000, 0x000001e270db0000]
 total_blobs=17250 nmethods=16357 adapters=804
 compilation: enabled
              stopped_count=0, restarted_count=0
 full_count=0

Compilation events (20 events):
Event: 91.306 Thread 0x000001e2001b9870 nmethod 20101 0x000001e26a3ea610 code [0x000001e26a3ea8c0, 0x000001e26a3eb638]
Event: 91.332 Thread 0x000001e2001b2390 20102       4       java.lang.ThreadLocal::remove (18 bytes)
Event: 91.340 Thread 0x000001e2001b9870 20103       3       org.gradle.api.internal.changedetection.state.CachingFileHasher::snapshot (122 bytes)
Event: 91.342 Thread 0x000001e2001b9870 nmethod 20103 0x000001e26a54b090 code [0x000001e26a54b320, 0x000001e26a54c038]
Event: 91.343 Thread 0x000001e2001b2390 nmethod 20102 0x000001e270ddcb10 code [0x000001e270ddccc0, 0x000001e270ddd2e8]
Event: 91.344 Thread 0x000001e2001b2390 20104       4       org.gradle.internal.file.FileHierarchySet$PrefixFileSet::contains (10 bytes)
Event: 91.345 Thread 0x000001e2001b2390 nmethod 20104 0x000001e270f63990 code [0x000001e270f63b20, 0x000001e270f63be8]
Event: 91.352 Thread 0x000001e2001b2390 20105       4       org.gradle.internal.vfs.impl.VersionHierarchy::getVersion (27 bytes)
Event: 91.367 Thread 0x000001e2001b2390 nmethod 20105 0x000001e27197e090 code [0x000001e27197e2a0, 0x000001e27197e890]
Event: 91.368 Thread 0x000001e2001b2390 20106       4       org.gradle.internal.vfs.impl.VersionHierarchy$1::<init> (15 bytes)
Event: 91.370 Thread 0x000001e2001b2390 nmethod 20106 0x000001e270f63590 code [0x000001e270f63700, 0x000001e270f63938]
Event: 91.371 Thread 0x000001e2001b2390 20107       4       org.gradle.internal.file.impl.DefaultFileMetadata::directory (52 bytes)
Event: 91.372 Thread 0x000001e2001b2390 nmethod 20107 0x000001e27197db90 code [0x000001e27197dd20, 0x000001e27197ddd8]
Event: 91.375 Thread 0x000001e2001b2390 20108   !   4       java.nio.channels.spi.AbstractInterruptibleChannel::close (37 bytes)
Event: 91.397 Thread 0x000001e2001b2390 nmethod 20108 0x000001e271299c90 code [0x000001e271299ec0, 0x000001e27129af50]
Event: 91.397 Thread 0x000001e2001b2390 20109   !   4       org.gradle.internal.resources.DefaultResourceLockCoordinationService$DefaultResourceLockState::releaseLocks (76 bytes)
Event: 91.413 Thread 0x000001e2001b9870 20111       3       org.gradle.api.internal.artifacts.dsl.DefaultComponentMetadataHandler$$Lambda$1199/0x000001e202783578::createComponentMetadataProcessor (9 bytes)
Event: 91.414 Thread 0x000001e2001b9870 nmethod 20111 0x000001e26a28e390 code [0x000001e26a28e560, 0x000001e26a28e998]
Event: 91.414 Thread 0x000001e2001b9870 20112       3       org.gradle.api.internal.artifacts.dsl.DefaultComponentMetadataHandler::lambda$createFactory$1 (16 bytes)
Event: 91.415 Thread 0x000001e2001b9870 nmethod 20112 0x000001e269984c90 code [0x000001e269984e60, 0x000001e269985218]

GC Heap History (20 events):
Event: 77.830 GC heap before
{Heap before GC invocations=87 (full 0):
 garbage-first heap   total 358400K, used 295047K [0x0000000080000000, 0x0000000100000000)
  region size 1024K, 83 young (84992K), 12 survivors (12288K)
 Metaspace       used 114434K, committed 116096K, reserved 557056K
  class space    used 16059K, committed 16896K, reserved 425984K
}
Event: 77.877 GC heap after
{Heap after GC invocations=88 (full 0):
 garbage-first heap   total 358400K, used 232349K [0x0000000080000000, 0x0000000100000000)
  region size 1024K, 9 young (9216K), 9 survivors (9216K)
 Metaspace       used 114434K, committed 116096K, reserved 557056K
  class space    used 16059K, committed 16896K, reserved 425984K
}
Event: 79.209 GC heap before
{Heap before GC invocations=88 (full 0):
 garbage-first heap   total 358400K, used 296861K [0x0000000080000000, 0x0000000100000000)
  region size 1024K, 73 young (74752K), 9 survivors (9216K)
 Metaspace       used 114639K, committed 116352K, reserved 557056K
  class space    used 16073K, committed 16896K, reserved 425984K
}
Event: 79.241 GC heap after
{Heap after GC invocations=89 (full 0):
 garbage-first heap   total 358400K, used 236636K [0x0000000080000000, 0x0000000100000000)
  region size 1024K, 5 young (5120K), 5 survivors (5120K)
 Metaspace       used 114639K, committed 116352K, reserved 557056K
  class space    used 16073K, committed 16896K, reserved 425984K
}
Event: 80.370 GC heap before
{Heap before GC invocations=89 (full 0):
 garbage-first heap   total 358400K, used 300124K [0x0000000080000000, 0x0000000100000000)
  region size 1024K, 68 young (69632K), 5 survivors (5120K)
 Metaspace       used 114727K, committed 116416K, reserved 557056K
  class space    used 16078K, committed 16896K, reserved 425984K
}
Event: 80.384 GC heap after
{Heap after GC invocations=90 (full 0):
 garbage-first heap   total 358400K, used 239394K [0x0000000080000000, 0x0000000100000000)
  region size 1024K, 8 young (8192K), 8 survivors (8192K)
 Metaspace       used 114727K, committed 116416K, reserved 557056K
  class space    used 16078K, committed 16896K, reserved 425984K
}
Event: 82.110 GC heap before
{Heap before GC invocations=90 (full 0):
 garbage-first heap   total 358400K, used 302882K [0x0000000080000000, 0x0000000100000000)
  region size 1024K, 71 young (72704K), 8 survivors (8192K)
 Metaspace       used 114861K, committed 116544K, reserved 557056K
  class space    used 16088K, committed 16960K, reserved 425984K
}
Event: 82.127 GC heap after
{Heap after GC invocations=91 (full 0):
 garbage-first heap   total 358400K, used 243155K [0x0000000080000000, 0x0000000100000000)
  region size 1024K, 7 young (7168K), 7 survivors (7168K)
 Metaspace       used 114861K, committed 116544K, reserved 557056K
  class space    used 16088K, committed 16960K, reserved 425984K
}
Event: 83.305 GC heap before
{Heap before GC invocations=91 (full 0):
 garbage-first heap   total 358400K, used 305619K [0x0000000080000000, 0x0000000100000000)
  region size 1024K, 69 young (70656K), 7 survivors (7168K)
 Metaspace       used 115024K, committed 116736K, reserved 557056K
  class space    used 16103K, committed 16960K, reserved 425984K
}
Event: 83.322 GC heap after
{Heap after GC invocations=92 (full 0):
 garbage-first heap   total 358400K, used 246099K [0x0000000080000000, 0x0000000100000000)
  region size 1024K, 7 young (7168K), 7 survivors (7168K)
 Metaspace       used 115024K, committed 116736K, reserved 557056K
  class space    used 16103K, committed 16960K, reserved 425984K
}
Event: 84.857 GC heap before
{Heap before GC invocations=92 (full 0):
 garbage-first heap   total 358400K, used 307539K [0x0000000080000000, 0x0000000100000000)
  region size 1024K, 68 young (69632K), 7 survivors (7168K)
 Metaspace       used 115203K, committed 116928K, reserved 557056K
  class space    used 16113K, committed 16960K, reserved 425984K
}
Event: 84.982 GC heap after
{Heap after GC invocations=93 (full 0):
 garbage-first heap   total 358400K, used 249918K [0x0000000080000000, 0x0000000100000000)
  region size 1024K, 7 young (7168K), 7 survivors (7168K)
 Metaspace       used 115203K, committed 116928K, reserved 557056K
  class space    used 16113K, committed 16960K, reserved 425984K
}
Event: 86.160 GC heap before
{Heap before GC invocations=93 (full 0):
 garbage-first heap   total 358400K, used 308286K [0x0000000080000000, 0x0000000100000000)
  region size 1024K, 65 young (66560K), 7 survivors (7168K)
 Metaspace       used 115279K, committed 116992K, reserved 557056K
  class space    used 16122K, committed 16960K, reserved 425984K
}
Event: 86.180 GC heap after
{Heap after GC invocations=94 (full 0):
 garbage-first heap   total 358400K, used 252273K [0x0000000080000000, 0x0000000100000000)
  region size 1024K, 7 young (7168K), 7 survivors (7168K)
 Metaspace       used 115279K, committed 116992K, reserved 557056K
  class space    used 16122K, committed 16960K, reserved 425984K
}
Event: 87.877 GC heap before
{Heap before GC invocations=94 (full 0):
 garbage-first heap   total 358400K, used 309617K [0x0000000080000000, 0x0000000100000000)
  region size 1024K, 64 young (65536K), 7 survivors (7168K)
 Metaspace       used 115290K, committed 116992K, reserved 557056K
  class space    used 16123K, committed 16960K, reserved 425984K
}
Event: 87.966 GC heap after
{Heap after GC invocations=95 (full 0):
 garbage-first heap   total 358400K, used 255628K [0x0000000080000000, 0x0000000100000000)
  region size 1024K, 6 young (6144K), 6 survivors (6144K)
 Metaspace       used 115290K, committed 116992K, reserved 557056K
  class space    used 16123K, committed 16960K, reserved 425984K
}
Event: 89.601 GC heap before
{Heap before GC invocations=95 (full 0):
 garbage-first heap   total 358400K, used 310924K [0x0000000080000000, 0x0000000100000000)
  region size 1024K, 61 young (62464K), 6 survivors (6144K)
 Metaspace       used 115309K, committed 117056K, reserved 557056K
  class space    used 16123K, committed 16960K, reserved 425984K
}
Event: 89.613 GC heap after
{Heap after GC invocations=96 (full 0):
 garbage-first heap   total 358400K, used 257780K [0x0000000080000000, 0x0000000100000000)
  region size 1024K, 6 young (6144K), 6 survivors (6144K)
 Metaspace       used 115309K, committed 117056K, reserved 557056K
  class space    used 16123K, committed 16960K, reserved 425984K
}
Event: 91.315 GC heap before
{Heap before GC invocations=96 (full 0):
 garbage-first heap   total 358400K, used 316148K [0x0000000080000000, 0x0000000100000000)
  region size 1024K, 59 young (60416K), 6 survivors (6144K)
 Metaspace       used 117823K, committed 119552K, reserved 557056K
  class space    used 16350K, committed 17216K, reserved 425984K
}
Event: 91.330 GC heap after
{Heap after GC invocations=97 (full 0):
 garbage-first heap   total 358400K, used 260166K [0x0000000080000000, 0x0000000100000000)
  region size 1024K, 5 young (5120K), 5 survivors (5120K)
 Metaspace       used 117823K, committed 119552K, reserved 557056K
  class space    used 16350K, committed 17216K, reserved 425984K
}

Dll operation events (15 events):
Event: 0.016 Loaded shared library C:\Program Files\Microsoft\jdk-17.0.19.10-hotspot\bin\java.dll
Event: 0.052 Loaded shared library C:\Program Files\Microsoft\jdk-17.0.19.10-hotspot\bin\jsvml.dll
Event: 0.132 Loaded shared library C:\Program Files\Microsoft\jdk-17.0.19.10-hotspot\bin\zip.dll
Event: 0.138 Loaded shared library C:\Program Files\Microsoft\jdk-17.0.19.10-hotspot\bin\instrument.dll
Event: 0.145 Loaded shared library C:\Program Files\Microsoft\jdk-17.0.19.10-hotspot\bin\net.dll
Event: 0.149 Loaded shared library C:\Program Files\Microsoft\jdk-17.0.19.10-hotspot\bin\nio.dll
Event: 0.153 Loaded shared library C:\Program Files\Microsoft\jdk-17.0.19.10-hotspot\bin\zip.dll
Event: 0.756 Loaded shared library C:\Program Files\Microsoft\jdk-17.0.19.10-hotspot\bin\jimage.dll
Event: 1.144 Loaded shared library C:\Program Files\Microsoft\jdk-17.0.19.10-hotspot\bin\verify.dll
Event: 1.216 Loaded shared library C:\Users\HP\.gradle\native\660c5614fbf4a5f2a75b1949f50a0caf5cd603558e7d8a26e50b933a0cfb79d1\windows-amd64\native-platform.dll
Event: 1.237 Loaded shared library C:\Users\HP\.gradle\native\0.2.8\x86_64-windows-gnu\gradle-fileevents.dll
Event: 3.457 Loaded shared library C:\Program Files\Microsoft\jdk-17.0.19.10-hotspot\bin\management.dll
Event: 3.461 Loaded shared library C:\Program Files\Microsoft\jdk-17.0.19.10-hotspot\bin\management_ext.dll
Event: 3.978 Loaded shared library C:\Program Files\Microsoft\jdk-17.0.19.10-hotspot\bin\extnet.dll
Event: 4.394 Loaded shared library C:\Program Files\Microsoft\jdk-17.0.19.10-hotspot\bin\sunmscapi.dll

Deoptimization events (20 events):
Event: 91.292 Thread 0x000001e200945430 Uncommon trap: trap_request=0xffffff45 fr.pc=0x000001e2715523b0 relative=0x0000000000001b10
Event: 91.292 Thread 0x000001e200945430 Uncommon trap: reason=unstable_if action=reinterpret pc=0x000001e2715523b0 method=java.util.concurrent.locks.AbstractQueuedSynchronizer.hasQueuedPredecessors()Z @ 26 c2
Event: 91.292 Thread 0x000001e200945430 DEOPT PACKING pc=0x000001e2715523b0 sp=0x00000062ebafc640
Event: 91.292 Thread 0x000001e200945430 DEOPT UNPACKING pc=0x000001e2708669a3 sp=0x00000062ebafc340 mode 2
Event: 91.331 Thread 0x000001e200191620 Uncommon trap: trap_request=0xffffffc6 fr.pc=0x000001e271631820 relative=0x0000000000000060
Event: 91.331 Thread 0x000001e200191620 Uncommon trap: reason=bimorphic_or_optimized_type_check action=maybe_recompile pc=0x000001e271631820 method=java.lang.ThreadLocal.remove()V @ 4 c2
Event: 91.331 Thread 0x000001e200191620 DEOPT PACKING pc=0x000001e271631820 sp=0x00000062e80ff050
Event: 91.331 Thread 0x000001e200191620 DEOPT UNPACKING pc=0x000001e2708669a3 sp=0x00000062e80ff010 mode 2
Event: 91.331 Thread 0x000001e200191620 Uncommon trap: trap_request=0xffffffc6 fr.pc=0x000001e271631820 relative=0x0000000000000060
Event: 91.331 Thread 0x000001e200191620 Uncommon trap: reason=bimorphic_or_optimized_type_check action=maybe_recompile pc=0x000001e271631820 method=java.lang.ThreadLocal.remove()V @ 4 c2
Event: 91.331 Thread 0x000001e200191620 DEOPT PACKING pc=0x000001e271631820 sp=0x00000062e80ff050
Event: 91.332 Thread 0x000001e200191620 DEOPT UNPACKING pc=0x000001e2708669a3 sp=0x00000062e80ff010 mode 2
Event: 91.332 Thread 0x000001e200191620 Uncommon trap: trap_request=0xffffffc6 fr.pc=0x000001e271631820 relative=0x0000000000000060
Event: 91.332 Thread 0x000001e200191620 Uncommon trap: reason=bimorphic_or_optimized_type_check action=maybe_recompile pc=0x000001e271631820 method=java.lang.ThreadLocal.remove()V @ 4 c2
Event: 91.332 Thread 0x000001e200191620 DEOPT PACKING pc=0x000001e271631820 sp=0x00000062e80ff050
Event: 91.332 Thread 0x000001e200191620 DEOPT UNPACKING pc=0x000001e2708669a3 sp=0x00000062e80ff010 mode 2
Event: 91.415 Thread 0x000001e224b1d490 Uncommon trap: trap_request=0xffffff45 fr.pc=0x000001e271859e04 relative=0x00000000000005c4
Event: 91.415 Thread 0x000001e224b1d490 Uncommon trap: reason=unstable_if action=reinterpret pc=0x000001e271859e04 method=org.gradle.api.internal.artifacts.ivyservice.resolveengine.graph.builder.EdgeState.<init>(Lorg/gradle/api/internal/artifacts/ivyservice/resolveengine/graph/builder/NodeState
Event: 91.415 Thread 0x000001e224b1d490 DEOPT PACKING pc=0x000001e271859e04 sp=0x00000062ee4f98d0
Event: 91.415 Thread 0x000001e224b1d490 DEOPT UNPACKING pc=0x000001e2708669a3 sp=0x00000062ee4f97b0 mode 2

Classes loaded (20 events):
Event: 90.403 Loading class java/util/concurrent/atomic/AtomicIntegerFieldUpdater
Event: 90.405 Loading class java/util/concurrent/atomic/AtomicIntegerFieldUpdater done
Event: 90.405 Loading class java/util/concurrent/atomic/AtomicIntegerFieldUpdater$AtomicIntegerFieldUpdaterImpl
Event: 90.406 Loading class java/util/concurrent/atomic/AtomicIntegerFieldUpdater$AtomicIntegerFieldUpdaterImpl done
Event: 90.407 Loading class java/util/concurrent/atomic/AtomicIntegerFieldUpdater$AtomicIntegerFieldUpdaterImpl$1
Event: 90.408 Loading class java/util/concurrent/atomic/AtomicIntegerFieldUpdater$AtomicIntegerFieldUpdaterImpl$1 done
Event: 90.441 Loading class java/util/concurrent/RejectedExecutionException
Event: 90.443 Loading class java/util/concurrent/RejectedExecutionException done
Event: 90.446 Loading class java/util/concurrent/atomic/AtomicLongFieldUpdater
Event: 90.446 Loading class java/util/concurrent/atomic/AtomicLongFieldUpdater done
Event: 90.446 Loading class java/util/concurrent/atomic/AtomicLongFieldUpdater$CASUpdater
Event: 90.447 Loading class java/util/concurrent/atomic/AtomicLongFieldUpdater$CASUpdater done
Event: 90.447 Loading class java/util/concurrent/atomic/AtomicLongFieldUpdater$CASUpdater$1
Event: 90.448 Loading class java/util/concurrent/atomic/AtomicLongFieldUpdater$CASUpdater$1 done
Event: 90.534 Loading class java/nio/file/Files$2
Event: 90.535 Loading class java/nio/file/Files$2 done
Event: 90.845 Loading class java/util/zip/Adler32
Event: 90.846 Loading class java/util/zip/Adler32 done
Event: 91.135 Loading class java/nio/channels/Channels$1
Event: 91.135 Loading class java/nio/channels/Channels$1 done

Classes unloaded (0 events):
No events

Classes redefined (0 events):
No events

Internal exceptions (20 events):
Event: 90.971 Thread 0x000001e224b1d490 Exception <a 'sun/nio/fs/WindowsException'{0x000000009406fdc0}> (0x000000009406fdc0) 
thrown [s\src\hotspot\share\prims\jni.cpp, line 516]
Event: 90.971 Thread 0x000001e224b1d490 Exception <a 'sun/nio/fs/WindowsException'{0x00000000940713a8}> (0x00000000940713a8) 
thrown [s\src\hotspot\share\prims\jni.cpp, line 516]
Event: 90.971 Thread 0x000001e224b1d490 Exception <a 'sun/nio/fs/WindowsException'{0x0000000094072a58}> (0x0000000094072a58) 
thrown [s\src\hotspot\share\prims\jni.cpp, line 516]
Event: 90.971 Thread 0x000001e224b1d490 Exception <a 'sun/nio/fs/WindowsException'{0x0000000094074050}> (0x0000000094074050) 
thrown [s\src\hotspot\share\prims\jni.cpp, line 516]
Event: 90.992 Thread 0x000001e224b1d490 Exception <a 'sun/nio/fs/WindowsException'{0x000000009409dd48}> (0x000000009409dd48) 
thrown [s\src\hotspot\share\prims\jni.cpp, line 516]
Event: 90.993 Thread 0x000001e224b1d490 Exception <a 'sun/nio/fs/WindowsException'{0x00000000940a1cb0}> (0x00000000940a1cb0) 
thrown [s\src\hotspot\share\prims\jni.cpp, line 516]
Event: 90.994 Thread 0x000001e224b1d490 Exception <a 'sun/nio/fs/WindowsException'{0x00000000940a57f0}> (0x00000000940a57f0) 
thrown [s\src\hotspot\share\prims\jni.cpp, line 516]
Event: 90.995 Thread 0x000001e224b1d490 Exception <a 'sun/nio/fs/WindowsException'{0x00000000940aa9f8}> (0x00000000940aa9f8) 
thrown [s\src\hotspot\share\prims\jni.cpp, line 516]
Event: 90.996 Thread 0x000001e224b1d490 Exception <a 'sun/nio/fs/WindowsException'{0x00000000940ac450}> (0x00000000940ac450) 
thrown [s\src\hotspot\share\prims\jni.cpp, line 516]
Event: 90.996 Thread 0x000001e224b1d490 Exception <a 'sun/nio/fs/WindowsException'{0x00000000940aeca0}> (0x00000000940aeca0) 
thrown [s\src\hotspot\share\prims\jni.cpp, line 516]
Event: 90.996 Thread 0x000001e224b1d490 Exception <a 'sun/nio/fs/WindowsException'{0x00000000940b0148}> (0x00000000940b0148) 
thrown [s\src\hotspot\share\prims\jni.cpp, line 516]
Event: 90.996 Thread 0x000001e224b1d490 Exception <a 'sun/nio/fs/WindowsException'{0x00000000940b1a00}> (0x00000000940b1a00) 
thrown [s\src\hotspot\share\prims\jni.cpp, line 516]
Event: 90.996 Thread 0x000001e224b1d490 Exception <a 'sun/nio/fs/WindowsException'{0x00000000940b2e80}> (0x00000000940b2e80) 
thrown [s\src\hotspot\share\prims\jni.cpp, line 516]
Event: 90.997 Thread 0x000001e224b1d490 Exception <a 'sun/nio/fs/WindowsException'{0x00000000940b45f0}> (0x00000000940b45f0) 
thrown [s\src\hotspot\share\prims\jni.cpp, line 516]
Event: 90.997 Thread 0x000001e224b1d490 Exception <a 'sun/nio/fs/WindowsException'{0x00000000940b6248}> (0x00000000940b6248) 
thrown [s\src\hotspot\share\prims\jni.cpp, line 516]
Event: 90.997 Thread 0x000001e224b1d490 Exception <a 'sun/nio/fs/WindowsException'{0x00000000940b76d8}> (0x00000000940b76d8) 
thrown [s\src\hotspot\share\prims\jni.cpp, line 516]
Event: 90.997 Thread 0x000001e224b1d490 Exception <a 'sun/nio/fs/WindowsException'{0x00000000940b8f60}> (0x00000000940b8f60) 
thrown [s\src\hotspot\share\prims\jni.cpp, line 516]
Event: 90.997 Thread 0x000001e224b1d490 Exception <a 'sun/nio/fs/WindowsException'{0x00000000940ba350}> (0x00000000940ba350) 
thrown [s\src\hotspot\share\prims\jni.cpp, line 516]
Event: 90.997 Thread 0x000001e224b1d490 Exception <a 'sun/nio/fs/WindowsException'{0x00000000940bbb48}> (0x00000000940bbb48) 
thrown [s\src\hotspot\share\prims\jni.cpp, line 516]
Event: 90.997 Thread 0x000001e224b1d490 Exception <a 'sun/nio/fs/WindowsException'{0x00000000940bd8e0}> (0x00000000940bd8e0) 
thrown [s\src\hotspot\share\prims\jni.cpp, line 516]

VM Operations (20 events):
Event: 87.399 Executing VM operation: Cleanup
Event: 87.420 Executing VM operation: Cleanup done
Event: 87.875 Executing VM operation: G1CollectForAllocation
Event: 87.966 Executing VM operation: G1CollectForAllocation done
Event: 88.027 Executing VM operation: HandshakeAllThreads
Event: 88.028 Executing VM operation: HandshakeAllThreads done
Event: 88.478 Executing VM operation: HandshakeAllThreads
Event: 88.480 Executing VM operation: HandshakeAllThreads done
Event: 89.481 Executing VM operation: Cleanup
Event: 89.483 Executing VM operation: Cleanup done
Event: 89.601 Executing VM operation: G1CollectForAllocation
Event: 89.613 Executing VM operation: G1CollectForAllocation done
Event: 90.627 Executing VM operation: Cleanup
Event: 90.628 Executing VM operation: Cleanup done
Event: 90.850 Executing VM operation: HandshakeAllThreads
Event: 90.851 Executing VM operation: HandshakeAllThreads done
Event: 91.314 Executing VM operation: G1CollectForAllocation
Event: 91.330 Executing VM operation: G1CollectForAllocation done
Event: 93.344 Executing VM operation: Cleanup
Event: 93.345 Executing VM operation: Cleanup done

Memory protections (0 events):
No events

Nmethod flushes (20 events):
Event: 88.537 Thread 0x000001e2001ce240 flushing  nmethod 0x000001e26b092510
Event: 88.537 Thread 0x000001e2001ce240 flushing  nmethod 0x000001e26b0a2410
Event: 88.537 Thread 0x000001e2001ce240 flushing  nmethod 0x000001e26b0d8790
Event: 88.538 Thread 0x000001e2001ce240 flushing osr nmethod 0x000001e26b125190
Event: 88.538 Thread 0x000001e2001ce240 flushing osr nmethod 0x000001e26b125910
Event: 88.538 Thread 0x000001e2001ce240 flushing  nmethod 0x000001e26b126f10
Event: 88.538 Thread 0x000001e2001ce240 flushing  nmethod 0x000001e26b130090
Event: 88.538 Thread 0x000001e2001ce240 flushing  nmethod 0x000001e26b132690
Event: 88.538 Thread 0x000001e2001ce240 flushing  nmethod 0x000001e26b133a90
Event: 88.538 Thread 0x000001e2001ce240 flushing  nmethod 0x000001e26b143210
Event: 88.538 Thread 0x000001e2001ce240 flushing  nmethod 0x000001e26b143610
Event: 88.538 Thread 0x000001e2001ce240 flushing  nmethod 0x000001e26b144110
Event: 88.538 Thread 0x000001e2001ce240 flushing  nmethod 0x000001e26b144610
Event: 88.538 Thread 0x000001e2001ce240 flushing  nmethod 0x000001e26b157a90
Event: 88.538 Thread 0x000001e2001ce240 flushing  nmethod 0x000001e26b161510
Event: 88.538 Thread 0x000001e2001ce240 flushing  nmethod 0x000001e26b161890
Event: 88.538 Thread 0x000001e2001ce240 flushing  nmethod 0x000001e26b170110
Event: 88.539 Thread 0x000001e2001ce240 flushing  nmethod 0x000001e26b1a4e90
Event: 88.539 Thread 0x000001e2001ce240 flushing  nmethod 0x000001e26b1a6590
Event: 88.539 Thread 0x000001e2001ce240 flushing  nmethod 0x000001e26b1f3e10

Events (20 events):
Event: 58.515 Thread 0x000001e2201d0d00 Thread added: 0x000001e225761ee0
Event: 58.638 Thread 0x000001e2201d0d00 Thread added: 0x000001e2257623f0
Event: 62.083 Thread 0x000001e200876010 Thread exited: 0x000001e200876010
Event: 62.214 Thread 0x000001e2001b9870 Thread added: 0x000001e200876010
Event: 64.172 Thread 0x000001e200876010 Thread exited: 0x000001e200876010
Event: 67.010 Thread 0x000001e221565740 Thread exited: 0x000001e221565740
Event: 67.409 Thread 0x000001e224c54580 Thread added: 0x000001e225763320
Event: 67.409 Thread 0x000001e224c52210 Thread added: 0x000001e221565740
Event: 68.794 Thread 0x000001e2001b9870 Thread added: 0x000001e200871060
Event: 76.952 Thread 0x000001e224b1bb40 Thread added: 0x000001e2289fb350
Event: 77.644 Thread 0x000001e200871060 Thread exited: 0x000001e200871060
Event: 77.961 Thread 0x000001e2001b9870 Thread added: 0x000001e200872050
Event: 81.474 Thread 0x000001e200872050 Thread exited: 0x000001e200872050
Event: 84.730 Thread 0x000001e224c53650 Thread exited: 0x000001e224c53650
Event: 84.731 Thread 0x000001e224c55ed0 Thread exited: 0x000001e224c55ed0
Event: 84.746 Thread 0x000001e224c52c30 Thread exited: 0x000001e224c52c30
Event: 89.207 Thread 0x000001e2001b9870 Thread added: 0x000001e200876010
Event: 89.378 Thread 0x000001e200876010 Thread exited: 0x000001e200876010
Event: 89.587 Thread 0x000001e2001b9870 Thread added: 0x000001e200876ab0
Event: 90.066 Thread 0x000001e200876ab0 Thread exited: 0x000001e200876ab0


Dynamic libraries:
0x00007ff707fb0000 - 0x00007ff707fbe000 	C:\Program Files\Microsoft\jdk-17.0.19.10-hotspot\bin\java.exe
0x00007ff860200000 - 0x00007ff860466000 	C:\windows\SYSTEM32\ntdll.dll
0x00007ff85f6e0000 - 0x00007ff85f7a9000 	C:\windows\System32\KERNEL32.DLL
0x00007ff85d5d0000 - 0x00007ff85d9ca000 	C:\windows\System32\KERNELBASE.dll
0x00007ff85da90000 - 0x00007ff85dbdc000 	C:\windows\System32\ucrtbase.dll
0x00007ff8339b0000 - 0x00007ff8339c8000 	C:\Program Files\Microsoft\jdk-17.0.19.10-hotspot\bin\jli.dll
0x00007ff833990000 - 0x00007ff8339ae000 	C:\Program Files\Microsoft\jdk-17.0.19.10-hotspot\bin\VCRUNTIME140.dll
0x00007ff85fda0000 - 0x00007ff85ff67000 	C:\windows\System32\USER32.dll
0x00007ff842ca0000 - 0x00007ff842f32000 	C:\windows\WinSxS\amd64_microsoft.windows.common-controls_6595b64144ccf1df_6.0.26100.8521_none_3e08b75ce33403b3\COMCTL32.dll
0x00007ff85df40000 - 0x00007ff85df67000 	C:\windows\System32\win32u.dll
0x00007ff85fa40000 - 0x00007ff85fae9000 	C:\windows\System32\msvcrt.dll
0x00007ff85fc90000 - 0x00007ff85fcbb000 	C:\windows\System32\GDI32.dll
0x00007ff85de10000 - 0x00007ff85df3b000 	C:\windows\System32\gdi32full.dll
0x00007ff85d490000 - 0x00007ff85d533000 	C:\windows\System32\msvcp_win.dll
0x00007ff85eb80000 - 0x00007ff85ebb2000 	C:\windows\System32\IMM32.DLL
0x00007ff8573c0000 - 0x00007ff8573cc000 	C:\Program Files\Microsoft\jdk-17.0.19.10-hotspot\bin\vcruntime140_1.dll
0x00007ff82e840000 - 0x00007ff82e8c9000 	C:\Program Files\Microsoft\jdk-17.0.19.10-hotspot\bin\msvcp140.dll
0x00007fff6f720000 - 0x00007fff7039b000 	C:\Program Files\Microsoft\jdk-17.0.19.10-hotspot\bin\server\jvm.dll
0x00007ff85fce0000 - 0x00007ff85fd96000 	C:\windows\System32\ADVAPI32.dll
0x00007ff85f4d0000 - 0x00007ff85f57a000 	C:\windows\System32\sechost.dll
0x00007ff85f910000 - 0x00007ff85fa28000 	C:\windows\System32\RPCRT4.dll
0x00007ff85ea10000 - 0x00007ff85ea90000 	C:\windows\System32\WS2_32.dll
0x00007ff852fe0000 - 0x00007ff853016000 	C:\windows\SYSTEM32\WINMM.dll
0x00007ff85d2f0000 - 0x00007ff85d34e000 	C:\windows\SYSTEM32\POWRPROF.dll
0x00007ff853d20000 - 0x00007ff853d2b000 	C:\windows\SYSTEM32\VERSION.dll
0x00007ff85d2d0000 - 0x00007ff85d2e4000 	C:\windows\SYSTEM32\UMPDC.dll
0x00007ff85c220000 - 0x00007ff85c23b000 	C:\windows\SYSTEM32\kernel.appcore.dll
0x00007ff853490000 - 0x00007ff85349a000 	C:\Program Files\Microsoft\jdk-17.0.19.10-hotspot\bin\jimage.dll
0x00007ff8502b0000 - 0x00007ff8504f2000 	C:\windows\SYSTEM32\DBGHELP.DLL
0x00007ff85e4b0000 - 0x00007ff85e833000 	C:\windows\System32\combase.dll
0x00007ff85eaa0000 - 0x00007ff85eb79000 	C:\windows\System32\OLEAUT32.dll
0x00007ff839680000 - 0x00007ff8396bb000 	C:\windows\SYSTEM32\dbgcore.DLL
0x00007ff85dd60000 - 0x00007ff85de08000 	C:\windows\System32\bcryptPrimitives.dll
0x00007ff8389f0000 - 0x00007ff8389ff000 	C:\Program Files\Microsoft\jdk-17.0.19.10-hotspot\bin\instrument.dll
0x00007ff82eb20000 - 0x00007ff82eb46000 	C:\Program Files\Microsoft\jdk-17.0.19.10-hotspot\bin\java.dll
0x00007ff81dbf0000 - 0x00007ff81dcc6000 	C:\Program Files\Microsoft\jdk-17.0.19.10-hotspot\bin\jsvml.dll
0x00007ff85ed40000 - 0x00007ff85f4c4000 	C:\windows\System32\SHELL32.dll
0x00007ff85b020000 - 0x00007ff85b8a0000 	C:\windows\SYSTEM32\windows.storage.dll
0x00007ff85e900000 - 0x00007ff85e9f6000 	C:\windows\System32\SHCORE.dll
0x00007ff860150000 - 0x00007ff8601b7000 	C:\windows\System32\shlwapi.dll
0x00007ff85d3b0000 - 0x00007ff85d3d9000 	C:\windows\SYSTEM32\profapi.dll
0x00007ff82eab0000 - 0x00007ff82eac8000 	C:\Program Files\Microsoft\jdk-17.0.19.10-hotspot\bin\zip.dll
0x00007ff82ee40000 - 0x00007ff82ee5b000 	C:\Program Files\Microsoft\jdk-17.0.19.10-hotspot\bin\net.dll
0x00007ff856c00000 - 0x00007ff856d29000 	C:\windows\SYSTEM32\WINHTTP.dll
0x00007ff85c790000 - 0x00007ff85c7fc000 	C:\windows\system32\mswsock.dll
0x00007ff82ece0000 - 0x00007ff82ecf6000 	C:\Program Files\Microsoft\jdk-17.0.19.10-hotspot\bin\nio.dll
0x00007ff83d400000 - 0x00007ff83d410000 	C:\Program Files\Microsoft\jdk-17.0.19.10-hotspot\bin\verify.dll
0x00007ff84ab90000 - 0x00007ff84abb7000 	C:\Users\HP\.gradle\native\660c5614fbf4a5f2a75b1949f50a0caf5cd603558e7d8a26e50b933a0cfb79d1\windows-amd64\native-platform.dll
0x00007ff838a20000 - 0x00007ff838a97000 	C:\Users\HP\.gradle\native\0.2.8\x86_64-windows-gnu\gradle-fileevents.dll
0x00007ff83def0000 - 0x00007ff83defa000 	C:\Program Files\Microsoft\jdk-17.0.19.10-hotspot\bin\management.dll
0x00007ff83d640000 - 0x00007ff83d64c000 	C:\Program Files\Microsoft\jdk-17.0.19.10-hotspot\bin\management_ext.dll
0x00007ff85fcd0000 - 0x00007ff85fcd8000 	C:\windows\System32\PSAPI.DLL
0x00007ff85bb70000 - 0x00007ff85bba3000 	C:\windows\SYSTEM32\IPHLPAPI.DLL
0x00007ff85fcc0000 - 0x00007ff85fcca000 	C:\windows\System32\NSI.dll
0x00007ff856d60000 - 0x00007ff856d7d000 	C:\windows\SYSTEM32\dhcpcsvc6.DLL
0x00007ff856d30000 - 0x00007ff856d55000 	C:\windows\SYSTEM32\dhcpcsvc.DLL
0x00007ff85bbb0000 - 0x00007ff85bcfa000 	C:\windows\SYSTEM32\DNSAPI.dll
0x00007ff85c5b0000 - 0x00007ff85c5bd000 	C:\windows\SYSTEM32\DSPARSE.dll
0x00007ff83d5d0000 - 0x00007ff83d5d9000 	C:\Program Files\Microsoft\jdk-17.0.19.10-hotspot\bin\extnet.dll
0x00007ff85ca70000 - 0x00007ff85ca8b000 	C:\windows\SYSTEM32\CRYPTSP.dll
0x00007ff85c180000 - 0x00007ff85c1b9000 	C:\windows\system32\rsaenh.dll
0x00007ff85c840000 - 0x00007ff85c873000 	C:\windows\SYSTEM32\USERENV.dll
0x00007ff85d380000 - 0x00007ff85d3aa000 	C:\windows\SYSTEM32\bcrypt.dll
0x00007ff85ca90000 - 0x00007ff85ca9c000 	C:\windows\SYSTEM32\CRYPTBASE.dll
0x00007ff8388d0000 - 0x00007ff8388de000 	C:\Program Files\Microsoft\jdk-17.0.19.10-hotspot\bin\sunmscapi.dll
0x00007ff85dbe0000 - 0x00007ff85dd58000 	C:\windows\System32\CRYPT32.dll
0x00007ff85cc90000 - 0x00007ff85ccc0000 	C:\windows\SYSTEM32\ncrypt.dll
0x00007ff85cc40000 - 0x00007ff85cc7f000 	C:\windows\SYSTEM32\NTASN1.dll
0x00007ff808c60000 - 0x00007ff808c68000 	C:\windows\system32\wshunix.dll

dbghelp: loaded successfully - version: 4.0.5 - missing functions: none
symbol engine: initialized successfully - sym options: 0x614 - pdb path: .;C:\Program Files\Microsoft\jdk-17.0.19.10-hotspot\bin;C:\windows\SYSTEM32;C:\windows\WinSxS\amd64_microsoft.windows.common-controls_6595b64144ccf1df_6.0.26100.8521_none_3e08b75ce33403b3;C:\Program Files\Microsoft\jdk-17.0.19.10-hotspot\bin\server;C:\Users\HP\.gradle\native\660c5614fbf4a5f2a75b1949f50a0caf5cd603558e7d8a26e50b933a0cfb79d1\windows-amd64;C:\Users\HP\.gradle\native\0.2.8\x86_64-windows-gnu

VM Arguments:
jvm_args: --add-opens=java.base/java.lang=ALL-UNNAMED --add-opens=java.base/java.lang.invoke=ALL-UNNAMED --add-opens=java.base/java.util=ALL-UNNAMED --add-opens=java.prefs/java.util.prefs=ALL-UNNAMED --add-exports=jdk.compiler/com.sun.tools.javac.api=ALL-UNNAMED --add-exports=jdk.compiler/com.sun.tools.javac.util=ALL-UNNAMED --add-opens=java.base/java.util=ALL-UNNAMED --add-opens=java.prefs/java.util.prefs=ALL-UNNAMED --add-opens=java.base/java.nio.charset=ALL-UNNAMED --add-opens=java.base/java.net=ALL-UNNAMED --add-opens=java.base/java.util.concurrent=ALL-UNNAMED --add-opens=java.base/java.util.concurrent.atomic=ALL-UNNAMED --add-opens=java.xml/javax.xml.namespace=ALL-UNNAMED --add-opens=java.base/java.time=ALL-UNNAMED -XX:MaxMetaspaceSize=512m -Xmx2048m -Dfile.encoding=windows-1252 -Duser.country=IN -Duser.language=en -Duser.variant -javaagent:C:\Users\HP\.gradle\wrapper\dists\gradle-9.3.1-bin\23ovyewtku6u96viwx3xl3oks\gradle-9.3.1\lib\agents\gradle-instrumentation-agent-9.3.1.jar 
java_command: org.gradle.launcher.daemon.bootstrap.GradleDaemon 9.3.1
java_class_path (initial): C:\Users\HP\.gradle\wrapper\dists\gradle-9.3.1-bin\23ovyewtku6u96viwx3xl3oks\gradle-9.3.1\lib\gradle-daemon-main-9.3.1.jar
Launcher Type: SUN_STANDARD

[Global flags]
     intx CICompilerCount                          = 4                                         {product} {ergonomic}
   size_t CompressedClassSpaceSize                 = 436207616                                 {product} {ergonomic}
     uint ConcGCThreads                            = 3                                         {product} {ergonomic}
     uint G1ConcRefinementThreads                  = 10                                        {product} {ergonomic}
   size_t G1HeapRegionSize                         = 1048576                                   {product} {ergonomic}
    uintx GCDrainStackTargetSize                   = 64                                        {product} {ergonomic}
   size_t InitialHeapSize                          = 123731968                                 {product} {ergonomic}
   size_t MarkStackSize                            = 4194304                                   {product} {ergonomic}
   size_t MaxHeapSize                              = 2147483648                                {product} {command line}
   size_t MaxMetaspaceSize                         = 536870912                                 {product} {command line}
   size_t MaxNewSize                               = 1287651328                                {product} {ergonomic}
   size_t MinHeapDeltaBytes                        = 1048576                                   {product} {ergonomic}
   size_t MinHeapSize                              = 8388608                                   {product} {ergonomic}
    uintx NonNMethodCodeHeapSize                   = 5839372                                {pd product} {ergonomic}
    uintx NonProfiledCodeHeapSize                  = 122909434                              {pd product} {ergonomic}
    uintx ProfiledCodeHeapSize                     = 122909434                              {pd product} {ergonomic}
    uintx ReservedCodeCacheSize                    = 251658240                              {pd product} {ergonomic}
     bool SegmentedCodeCache                       = true                                      {product} {ergonomic}
   size_t SoftMaxHeapSize                          = 2147483648                             {manageable} {ergonomic}
     bool UseCompressedClassPointers               = true                           {product lp64_product} {ergonomic}
     bool UseCompressedOops                        = true                           {product lp64_product} {ergonomic}
     bool UseG1GC                                  = true                                      {product} {ergonomic}
     bool UseLargePagesIndividualAllocation        = false                                  {pd product} {ergonomic}

Logging:
Log output configuration:
 #0: stdout all=warning uptime,level,tags
 #1: stderr all=off uptime,level,tags

Environment Variables:
JAVA_HOME=C:\Program Files\Microsoft\jdk-17.0.19.10-hotspot\
PATH=D:\HRportal-Mobile--version\node_modules\.bin;D:\node_modules\.bin;C:\Users\HP\AppData\Roaming\npm\node_modules\npm\node_modules\@npmcli\run-script\lib\node-gyp-bin;C:\Program Files\Microsoft\jdk-17.0.19.10-hotspot\bin;C:\windows\system32;C:\windows;C:\windows\System32\Wbem;C:\windows\System32\WindowsPowerShell\v1.0\;C:\windows\System32\OpenSSH\;C:\Program Files (x86)\NVIDIA Corporation\PhysX\Common;C:\Program Files\NVIDIA Corporation\NVIDIA NvDLISR;C:\Program Files\nodejs\;C:\Program Files\Git\cmd;C:\Program Files\cursor\resources\app\bin;C:\Program Files\Tailscale\;C:\Users\HP\AppData\Local\Android\Sdk\platform-tools;C:\Users\HP\AppData\Local\Android\Sdk\tools;C:\Users\HP\.local\bin;C:\Users\HP\AppData\Local\Programs\Python\Python313\Scripts\;C:\Users\HP\AppData\Local\Programs\Python\Python313\;C:\Users\HP\AppData\Local\Programs\Python\Launcher\;C:\Users\HP\AppData\Local\Microsoft\WindowsApps;C:\Users\HP\AppData\Local\Programs\Microsoft VS Code\bin;C:\Users\HP\AppData\Roaming\npm;C:\Users\HP\AppData\Local\Google\Cloud SDK\google-cloud-sdk\bin;C:\Users\HP\AppData\Local\Programs\Antigravity\bin;C:\Users\HP\AppData\Local\Programs\cursor\resources\app\bin;C:\Users\HP\AppData\Local\Programs\Antigravity IDE\bin;C:\Users\HP\AppData\Local\Android\Sdk\platform-tools;C:\Users\HP\AppData\Local\Android\Sdk\emulator;
USERNAME=HP
OS=Windows_NT
PROCESSOR_IDENTIFIER=AMD64 Family 25 Model 80 Stepping 0, AuthenticAMD
TMP=C:\Users\HP\AppData\Local\Temp
TEMP=C:\Users\HP\AppData\Local\Temp



Periodic native trim disabled


---------------  S Y S T E M  ---------------

OS:
 Windows 11 , 64 bit Build 26100 (10.0.26100.8521)
OS uptime: 0 days 1:10 hours
Hyper-V role detected

CPU: total 12 (initial active 12) (12 cores per cpu, 2 threads per core) family 25 model 80 stepping 0 microcode 0xa50000f, cx8, cmov, fxsr, ht, mmx, 3dnowpref, sse, sse2, sse3, ssse3, sse4a, sse4.1, sse4.2, popcnt, lzcnt, tsc, tscinvbit, avx, avx2, aes, erms, clmul, bmi1, bmi2, adx, sha, fma, vzeroupper, clflush, clflushopt, hv
Processor Information for processor 0
  Max Mhz: 3301, Current Mhz: 3301, Mhz Limit: 3301
Processor Information for processor 1
  Max Mhz: 3301, Current Mhz: 3301, Mhz Limit: 3301
Processor Information for processor 2
  Max Mhz: 3301, Current Mhz: 3301, Mhz Limit: 3301
Processor Information for processor 3
  Max Mhz: 3301, Current Mhz: 3301, Mhz Limit: 3301
Processor Information for processor 4
  Max Mhz: 3301, Current Mhz: 3301, Mhz Limit: 3301
Processor Information for processor 5
  Max Mhz: 3301, Current Mhz: 2630, Mhz Limit: 3301
Processor Information for processor 6
  Max Mhz: 3301, Current Mhz: 3301, Mhz Limit: 3301
Processor Information for processor 7
  Max Mhz: 3301, Current Mhz: 3301, Mhz Limit: 3301
Processor Information for processor 8
  Max Mhz: 3301, Current Mhz: 3301, Mhz Limit: 3301
Processor Information for processor 9
  Max Mhz: 3301, Current Mhz: 3301, Mhz Limit: 3301
Processor Information for processor 10
  Max Mhz: 3301, Current Mhz: 3301, Mhz Limit: 3301
Processor Information for processor 11
  Max Mhz: 3301, Current Mhz: 2630, Mhz Limit: 3301

Memory: 4k page, system-wide physical 7518M (602M free)
TotalPageFile size 31070M (AvailPageFile size 0M)
current process WorkingSet (physical memory assigned to process): 325M, peak: 493M
current process commit charge ("private bytes"): 730M, peak: 772M

vm_info: OpenJDK 64-Bit Server VM (17.0.19+10-LTS) for windows-amd64 JRE (17.0.19+10-LTS), built on Apr 18 2026 18:24:40 by "MicrosoftCorporation" with MS VC++ 17.14 (VS2022)

END.
