JvmtiExport can_access_local_variables 0
JvmtiExport can_hotswap_or_post_breakpoint 0
JvmtiExport can_post_on_exceptions 0
# 186 ciObject found
instanceKlass org/gradle/internal/resources/DefaultResourceLockCoordinationService$DefaultResourceLockState
ciInstanceKlass java/lang/Cloneable 1 0 7 100 1 100 1 1 1
instanceKlass com/android/build/gradle/internal/profile/AnalyticsUtil$1
instanceKlass com/google/wireless/android/sdk/stats/GradleBuildVariant$NativeLibraryInfoOrBuilder
instanceKlass com/google/wireless/android/sdk/stats/GradleBuildVariant$NativeBuildConfigInfoOrBuilder
instanceKlass com/android/build/gradle/internal/cxx/timing/TimingEnvironment$TimingScope
instanceKlass com/android/build/gradle/internal/cxx/timing/TimingEnvironment$Companion$TimingStack
instanceKlass com/android/build/gradle/internal/cxx/timing/TimingEnvironment$Companion$stack$1
instanceKlass com/android/build/gradle/internal/cxx/timing/TimingEnvironment$Companion
instanceKlass com/android/build/gradle/internal/cxx/timing/TimingEnvironment
instanceKlass com/android/build/gradle/tasks/CmakeExternalNativeJsonGeneratorUtilsKt
instanceKlass com/android/build/gradle/tasks/ExternalNativeJsonGenerator$Companion
instanceKlass com/android/build/gradle/tasks/ExternalNativeJsonGenerator
instanceKlass org/gradle/internal/configuration/inputs/AccessTrackingSet$Listener
instanceKlass com/android/build/gradle/internal/cxx/configure/NativeLocationsBuildServiceKt$rewriteWithLocations$1$WhenMappings
instanceKlass com/android/build/gradle/internal/cxx/configure/NinjaLocatorKt
instanceKlass com/android/build/gradle/internal/cxx/configure/NinjaLocator
instanceKlass com/android/build/gradle/internal/cxx/configure/NativeLocationsBuildService$locateNinja$1$1
instanceKlass com/android/build/gradle/internal/cxx/configure/NativeLocationsBuildService$NinjaLocatorParameters
instanceKlass com/android/utils/cxx/os/OsBehaviorKt$createOsBehavior$1
instanceKlass com/android/utils/cxx/os/OsBehavior
instanceKlass com/android/utils/cxx/os/OsBehaviorKt
instanceKlass kotlinx/coroutines/IncompleteStateBox
instanceKlass kotlinx/coroutines/internal/LockFreeLinkedListNode
instanceKlass com/google/common/collect/ComparisonChain
instanceKlass com/android/repository/util/RepoPackageUtilKt
instanceKlass com/google/common/hash/HashCode
instanceKlass com/google/common/hash/AbstractHasher
instanceKlass com/google/common/hash/Hasher
instanceKlass com/google/common/hash/PrimitiveSink
instanceKlass com/google/common/hash/AbstractHashFunction
instanceKlass com/google/common/hash/Hashing$Md5Holder
instanceKlass com/google/common/hash/HashFunction
instanceKlass com/google/common/hash/Hashing
instanceKlass com/google/common/collect/Comparators
instanceKlass com/android/sdklib/repository/legacy/descriptors/PkgDesc$Builder$3
instanceKlass com/android/sdklib/repository/legacy/AndroidVersionHelper
instanceKlass com/google/common/collect/AbstractMapBasedMultimap$WrappedCollection$WrappedIterator
instanceKlass com/android/sdklib/repository/legacy/descriptors/PkgDesc$Builder$1
instanceKlass java/util/zip/Adler32
instanceKlass com/android/sdklib/repository/legacy/descriptors/PkgDesc
instanceKlass com/android/sdklib/repository/legacy/descriptors/PkgDesc$IGetPath
instanceKlass com/android/sdklib/repository/legacy/descriptors/PkgDesc$IIsUpdateFor
instanceKlass com/android/sdklib/repository/legacy/descriptors/IPkgDesc
instanceKlass com/android/sdklib/repository/legacy/descriptors/PkgDesc$Builder
instanceKlass com/android/sdklib/repository/legacy/local/LocalDirInfo$1
instanceKlass com/android/sdklib/repository/legacy/local/LocalDirInfo
instanceKlass com/android/sdklib/repository/PackageParserUtils
instanceKlass com/android/sdklib/repository/legacy/local/LocalSdk$1
instanceKlass com/android/sdklib/repository/legacy/local/LocalDirInfo$MapComparator
instanceKlass com/android/build/gradle/internal/cxx/logging/LoggingMessageKt$WhenMappings
instanceKlass com/google/common/base/Predicates$InPredicate
instanceKlass com/google/common/base/Predicates
instanceKlass java/nio/file/Files$2
instanceKlass com/android/repository/impl/manager/LocalRepoLoaderImpl
instanceKlass com/android/repository/impl/manager/LocalRepoLoader
instanceKlass kotlinx/coroutines/DispatchedTaskKt
instanceKlass kotlinx/coroutines/CompletedExceptionally
instanceKlass kotlinx/coroutines/EventLoop_commonKt
instanceKlass kotlinx/coroutines/AbstractTimeSourceKt
instanceKlass kotlinx/coroutines/CompletionStateKt
instanceKlass kotlinx/coroutines/internal/ThreadState
instanceKlass kotlinx/coroutines/internal/ThreadContextKt
instanceKlass kotlinx/coroutines/internal/DispatchedContinuationKt
instanceKlass kotlinx/coroutines/scheduling/Task
instanceKlass kotlinx/coroutines/intrinsics/CancellableKt
instanceKlass kotlinx/coroutines/CoroutineStart$WhenMappings
instanceKlass kotlin/coroutines/CombinedContext
instanceKlass kotlinx/coroutines/Job$DefaultImpls
instanceKlass kotlin/coroutines/CoroutineContext$DefaultImpls
instanceKlass kotlinx/coroutines/Job$Key
instanceKlass kotlin/coroutines/ContinuationInterceptor$DefaultImpls
instanceKlass kotlinx/coroutines/internal/LockFreeTaskQueueCore$Companion
instanceKlass kotlinx/coroutines/internal/LockFreeTaskQueueCore
instanceKlass kotlinx/coroutines/internal/ResizableAtomicArray
instanceKlass kotlinx/coroutines/internal/LockFreeTaskQueue
instanceKlass java/util/concurrent/atomic/AtomicLongFieldUpdater$CASUpdater$1
instanceKlass java/util/concurrent/atomic/AtomicLongFieldUpdater
instanceKlass kotlinx/coroutines/scheduling/CoroutineScheduler$Companion
instanceKlass kotlinx/coroutines/scheduling/CoroutineScheduler
instanceKlass kotlinx/coroutines/scheduling/SchedulerTimeSource
instanceKlass kotlinx/coroutines/internal/SystemPropsKt__SystemProps_commonKt
instanceKlass kotlinx/coroutines/scheduling/TasksKt
instanceKlass kotlinx/coroutines/Dispatchers
instanceKlass kotlinx/coroutines/CopyableThreadContextElement
instanceKlass kotlinx/coroutines/CoroutineContextKt
instanceKlass kotlinx/coroutines/GlobalScope
instanceKlass kotlinx/coroutines/CoroutineScope
instanceKlass java/util/concurrent/atomic/AtomicIntegerFieldUpdater$AtomicIntegerFieldUpdaterImpl$1
instanceKlass java/util/concurrent/atomic/AtomicIntegerFieldUpdater
instanceKlass kotlin/coroutines/AbstractCoroutineContextKey
instanceKlass kotlinx/coroutines/Delay
instanceKlass kotlinx/coroutines/EventLoopKt
instanceKlass kotlinx/coroutines/internal/ThreadLocalKt
instanceKlass kotlinx/coroutines/ThreadLocalEventLoop
instanceKlass kotlinx/coroutines/BuildersKt__BuildersKt
instanceKlass kotlinx/coroutines/BuildersKt
instanceKlass com/android/repository/impl/manager/RepoManagerImpl$wrapRun$1
instanceKlass com/android/repository/api/ProgressRunner$ProgressRunnable
instanceKlass kotlinx/coroutines/NonDisposableHandle
instanceKlass kotlinx/coroutines/ChildHandle
instanceKlass kotlinx/coroutines/DisposableHandle
instanceKlass kotlinx/coroutines/internal/SystemPropsKt__SystemPropsKt
instanceKlass kotlinx/coroutines/internal/SystemPropsKt
instanceKlass kotlin/coroutines/AbstractCoroutineContextElement
instanceKlass kotlinx/coroutines/ThreadContextElement
instanceKlass kotlinx/coroutines/DebugKt
instanceKlass kotlinx/coroutines/Empty
instanceKlass kotlinx/coroutines/Incomplete
instanceKlass kotlinx/coroutines/internal/Symbol
instanceKlass kotlinx/coroutines/JobSupportKt
instanceKlass kotlinx/coroutines/JobSupport
instanceKlass kotlinx/coroutines/ParentJob
instanceKlass kotlinx/coroutines/ChildJob
instanceKlass kotlinx/coroutines/CompletableDeferred
instanceKlass kotlinx/coroutines/Deferred
instanceKlass kotlinx/coroutines/Job
instanceKlass kotlinx/coroutines/CompletableDeferredKt
instanceKlass com/android/repository/impl/manager/RepoManagerImpl$AbstractLoadTask
instanceKlass com/android/repository/impl/manager/RepoManagerImpl$LoadTask
instanceKlass com/android/repository/api/RepoManager$DirectProgressRunner
instanceKlass com/android/repository/api/ProgressRunner
instanceKlass com/android/repository/api/RepoManager$loadSynchronously$1
instanceKlass com/android/repository/api/RepoManager$RepoLoadedListener
instanceKlass com/google/common/collect/ForwardingObject
instanceKlass com/android/sdklib/repository/legacy/local/LocalPkgInfo
instanceKlass com/android/sdklib/repository/legacy/local/LocalSdk
instanceKlass com/android/sdklib/repository/legacy/LegacyLocalRepoLoader
instanceKlass com/android/sdklib/repository/legacy/remote/internal/sources/SdkSource
instanceKlass com/android/sdklib/repository/legacy/LegacyRemoteRepoLoader
instanceKlass com/android/repository/impl/manager/RepoManagerImpl$RemoteRepoLoaderFactoryImpl
instanceKlass com/android/repository/impl/manager/RepoManagerImpl$RemoteRepoLoaderFactory
instanceKlass com/android/repository/impl/manager/RepoManagerImpl$LocalRepoLoaderFactoryImpl
instanceKlass com/android/repository/impl/manager/RepoManagerImpl$LocalRepoLoaderFactory
instanceKlass com/google/common/collect/Ordering
instanceKlass com/google/common/collect/SortedSetMultimap
instanceKlass com/android/repository/impl/meta/RepositoryPackages
instanceKlass com/android/repository/impl/manager/RepoManagerImpl$Companion
instanceKlass com/android/repository/impl/sources/LocalSourceProvider
instanceKlass com/android/repository/api/SimpleRepositorySource
instanceKlass com/android/repository/api/ConstantSourceProvider
instanceKlass com/android/repository/impl/sources/generated/v1/package-info
instanceKlass com/android/repository/impl/sources/generated/v1/ObjectFactory
instanceKlass com/android/repository/api/RemoteListSourceProvider
instanceKlass com/android/sdklib/repository/sources/RemoteSiteType$SysImgSiteType
instanceKlass com/android/sdklib/repository/sources/RemoteSiteType$AddonSiteType
instanceKlass com/android/sdklib/repository/sources/generated/v6/package-info
instanceKlass com/android/sdklib/repository/sources/generated/v6/ObjectFactory
instanceKlass com/android/sdklib/repository/sources/generated/v5/package-info
instanceKlass com/android/sdklib/repository/sources/generated/v5/ObjectFactory
instanceKlass com/android/sdklib/repository/sources/generated/v4/package-info
instanceKlass com/android/sdklib/repository/sources/generated/v4/ObjectFactory
instanceKlass com/android/sdklib/repository/sources/generated/v3/package-info
instanceKlass com/android/sdklib/repository/sources/generated/v3/ObjectFactory
instanceKlass com/android/sdklib/repository/sources/generated/v2/package-info
instanceKlass com/android/sdklib/repository/sources/generated/v2/ObjectFactory
instanceKlass com/android/sdklib/repository/sources/generated/v1/package-info
instanceKlass com/android/sdklib/repository/sources/generated/v1/ObjectFactory
instanceKlass com/android/sdklib/repository/sources/RemoteSiteType
instanceKlass com/android/repository/api/FallbackLocalRepoLoader
instanceKlass com/android/repository/api/FallbackRemoteRepoLoader
instanceKlass com/android/repository/api/RepositorySourceProvider
instanceKlass com/android/sdklib/repository/AndroidSdkHandler$RepoConfig
instanceKlass com/android/build/gradle/internal/cxx/logging/ThreadLoggingEnvironment$Companion$getILogger$1
instanceKlass com/android/build/gradle/internal/cxx/configure/NativeLocationsBuildService$locateCMake$1$location$2
instanceKlass com/android/build/gradle/internal/cxx/configure/CmakeLocator
instanceKlass com/android/build/gradle/internal/cxx/configure/NativeLocationsBuildService$CMakeLocatorParameters
instanceKlass com/android/build/gradle/internal/cxx/configure/NativeLocationsBuildServiceKt
instanceKlass java/time/Clock
instanceKlass java/time/InstantSource
instanceKlass com/android/build/gradle/internal/profile/TaskProfilingRecord$Companion
instanceKlass com/android/build/gradle/internal/tasks/Blocks
instanceKlass com/android/build/gradle/internal/tasks/UnsafeOutputsTask$taskAction$$inlined$recordTaskAction$1
instanceKlass com/android/build/gradle/internal/tasks/Blocks$ThrowingBlock
instanceKlass com/android/build/gradle/internal/profile/WorkerProfilingRecord
instanceKlass com/google/wireless/android/sdk/stats/AndroidStudioEventOrBuilder
instanceKlass com/android/build/gradle/internal/profile/TaskProfilingRecord
instanceKlass com/google/wireless/android/sdk/stats/GradleTransformExecutionOrBuilder
instanceKlass com/android/build/gradle/internal/profile/AnalyticsService$Params$Inject_
instanceKlass org/gradle/api/internal/tasks/execution/ExecuteTaskActionBuildOperationType$2
instanceKlass org/gradle/api/internal/tasks/execution/ExecuteTaskActionBuildOperationType$1
instanceKlass org/gradle/api/internal/tasks/execution/ExecuteTaskActionBuildOperationType$Result
instanceKlass org/gradle/api/internal/tasks/execution/ExecuteTaskActionBuildOperationType$Details
instanceKlass org/gradle/api/internal/tasks/execution/ExecuteTaskActionBuildOperationType
instanceKlass org/gradle/api/internal/tasks/execution/TaskExecution$3
instanceKlass org/gradle/internal/execution/steps/ExecuteStep$2
instanceKlass org/gradle/internal/execution/steps/ExecuteStep$1$1
instanceKlass org/gradle/internal/execution/steps/ExecuteStep$Operation$Details
instanceKlass org/gradle/internal/execution/steps/ExecuteStep$1
instanceKlass org/gradle/internal/execution/steps/PreCreateOutputParentsStep$2
instanceKlass org/gradle/internal/execution/steps/PreCreateOutputParentsStep$1
instanceKlass org/gradle/internal/vfs/impl/VersionHierarchy$2
instanceKlass org/gradle/internal/execution/steps/BroadcastChangingOutputsStep$1
instanceKlass org/gradle/internal/execution/history/changes/ExecutionStateChanges$2
instanceKlass jdk/internal/misc/ScopedMemoryAccess$Scope$Handle
instanceKlass org/gradle/operations/execution/FilePropertyVisitor
instanceKlass org/gradle/operations/dependencies/transforms/SnapshotTransformInputsBuildOperationType$Result
instanceKlass org/gradle/internal/execution/workspace/impl/NonLockingMutableWorkspaceProvider
instanceKlass com/android/build/gradle/internal/dependency/JdkImageTransform$Parameters$Inject_
instanceKlass org/jetbrains/kotlin/gradle/tasks/CacheableTasksKt$cacheOnlyIfEnabledForKotlin$1$1
instanceKlass org/jetbrains/kotlin/gradle/plugin/DefaultKotlinBasePlugin$addKotlinCompilerConfiguration$2$1$1$1
instanceKlass org/jetbrains/kotlin/gradle/plugin/DefaultKotlinBasePlugin$addKotlinCompilerConfiguration$2$1$1
instanceKlass com/android/build/gradle/api/TestedComponentIdentifier
instanceKlass com/android/build/gradle/internal/dependency/ArtifactCollectionWithExtraArtifact$ExtraComponentIdentifierImpl
instanceKlass com/android/build/gradle/internal/dependency/ArtifactCollectionWithExtraArtifact$ExtraComponentIdentifier
instanceKlass com/android/build/gradle/internal/dependency/ArtifactCollectionWithExtraArtifact$ExtraComponentArtifactIdentifier
instanceKlass com/android/build/gradle/internal/dependency/AarToClassTransform$Params$Inject_
instanceKlass org/jetbrains/kotlin/gradle/tasks/KotlinCompile$disableMultiModuleIC$2$1
instanceKlass com/android/build/gradle/internal/dependency/AarResourcesCompilerTransform$Parameters$Inject_
instanceKlass com/android/build/gradle/internal/services/Aapt2Input$Inject_
instanceKlass java/util/concurrent/atomic/Striped64$Cell
instanceKlass org/gradle/api/internal/artifacts/transform/TransformExecutionResult$Builder$PartOfInputArtifact
instanceKlass com/android/build/gradle/internal/dependency/AarTransform$Parameters$Inject_
instanceKlass com/android/build/gradle/tasks/GenerateBuildConfigKt
instanceKlass org/gradle/api/internal/file/AttributeBasedFileVisitDetailsFactory
instanceKlass java/nio/file/FileTreeWalker$1
instanceKlass org/gradle/api/internal/file/collections/PathVisitor
instanceKlass org/gradle/api/file/ReproducibleFileVisitor
instanceKlass org/gradle/api/file/EmptyFileVisitor
instanceKlass org/gradle/internal/execution/history/impl/OutputSnapshotUtil$SnapshotFilteringVisitor$1
instanceKlass com/google/common/collect/Maps$EntryTransformer
instanceKlass org/gradle/internal/execution/history/impl/OutputSnapshotUtil
instanceKlass org/gradle/internal/execution/history/OverlappingOutputs
instanceKlass org/gradle/internal/execution/history/impl/DefaultOverlappingOutputDetector$OverlappingOutputsDetectingVisitor$1
instanceKlass org/gradle/internal/execution/history/impl/DefaultOverlappingOutputDetector$OverlappingOutputsDetectingVisitor
instanceKlass org/gradle/internal/reflect/validation/DefaultPluginId
instanceKlass org/gradle/api/problems/internal/DefaultTypeValidationData$DefaultTypeValidationDataBuilder
instanceKlass org/gradle/api/problems/internal/DefaultTypeValidationData
instanceKlass org/jetbrains/kotlin/gradle/plugin/statistics/ExecutedTaskMetrics
instanceKlass org/gradle/internal/reflect/validation/DelegatingProblemBuilder
instanceKlass org/jetbrains/kotlin/gradle/plugin/internal/state/TaskExecutionResults
instanceKlass com/android/build/gradle/internal/dependency/GenericTransformParameters$Inject_
instanceKlass com/android/build/gradle/internal/dependency/DexingOutputSplitTransform$Parameters$Inject_
instanceKlass com/android/build/gradle/internal/dependency/BaseDexingTransform$Parameters$Inject_
instanceKlass com/android/build/gradle/internal/dependency/IdentityTransform$Parameters$Inject_
instanceKlass org/gradle/execution/plan/QueryableExecutionPlan$1
instanceKlass org/gradle/internal/cc/impl/DefaultConfigurationCacheDegradationController$DegradationDecision$Companion
instanceKlass org/gradle/internal/cc/impl/promo/ConfigurationCachePromoHandler$onRootBuildTaskGraphIsAboutToExecute$hasDegradationReasons$1
instanceKlass org/gradle/execution/RunRootBuildWorkBuildOperationType$Details
instanceKlass org/gradle/internal/buildtree/BuildOperationFiringBuildTreeWorkExecutor$2
instanceKlass org/gradle/execution/plan/FinalizerGroup$ElementSuccessors
instanceKlass org/gradle/execution/plan/FinalizerGroup$WaitForNodesToComplete
instanceKlass org/gradle/api/internal/artifacts/transform/DefaultPlannedTransformStepIdentity
instanceKlass org/gradle/api/internal/artifacts/transform/TransformStepNode$1
instanceKlass org/gradle/api/internal/artifacts/transform/AttributesToMapConverter
instanceKlass org/gradle/api/internal/artifacts/transform/ComponentToOperationConverter$1
instanceKlass org/gradle/operations/dependencies/variants/ProjectComponentIdentifier
instanceKlass org/gradle/operations/dependencies/variants/ComponentIdentifier
instanceKlass org/gradle/api/internal/artifacts/transform/ComponentToOperationConverter
instanceKlass org/gradle/api/internal/artifacts/transform/DefaultPlannedTransformStep
instanceKlass org/gradle/execution/plan/FinalizerGroup$DoNotBlock
instanceKlass org/gradle/execution/plan/FinalizerGroup$MemberSuccessors
instanceKlass com/android/build/gradle/internal/cxx/build/CxxRepublishBuilder
instanceKlass com/android/build/gradle/internal/cxx/build/CxxRegularBuilder$Companion
instanceKlass com/android/build/gradle/internal/cxx/build/CxxRegularBuilder
instanceKlass com/android/build/gradle/internal/tasks/UnsafeOutputsTask$1
instanceKlass com/android/build/gradle/internal/cxx/build/CxxBuilder
instanceKlass com/android/build/gradle/internal/tasks/MergeNativeLibsTaskKt$getSubProjectNativeLibs$1
instanceKlass com/android/build/gradle/internal/tasks/MergeNativeLibsTaskKt$getExternalNativeLibs$1
instanceKlass com/android/build/gradle/internal/tasks/MergeNativeLibsTask$Companion$predicate$1
instanceKlass com/android/build/gradle/internal/tasks/MergeNativeLibsTask$Companion
instanceKlass com/android/build/api/variant/impl/FileBasedDirectoryEntryImpl$asFileTree$1$1
instanceKlass org/gradle/api/internal/artifacts/transform/DefaultTransform$IsolateTransformParameters$1
instanceKlass com/android/build/gradle/internal/tasks/DexArchiveBuilderTask$CreationAction$configure$1
instanceKlass com/android/build/gradle/internal/dexing/DexParameters
instanceKlass com/android/build/gradle/internal/tasks/DexArchiveBuilderTask$Companion
instanceKlass com/android/build/gradle/internal/tasks/DexParameterInputs
instanceKlass com/android/build/gradle/internal/tasks/DexArchiveBuilderTask$DexingOutputs
instanceKlass org/gradle/api/internal/artifacts/transform/DefaultTransformNodeDependency
instanceKlass com/android/build/gradle/internal/dependency/VariantDependencies$Companion$getComponentFilter$6
instanceKlass com/android/build/gradle/internal/core/dsl/impl/features/ShadersDslInfoImpl
instanceKlass com/android/build/gradle/internal/core/dsl/features/ShadersDslInfo
instanceKlass com/android/build/api/component/impl/features/ShadersCreationConfigImpl
instanceKlass com/android/build/gradle/internal/profile/ProfileAwareWorkAction$Parameters
instanceKlass org/gradle/internal/model/InMemoryCacheFactory$1
instanceKlass org/jetbrains/kotlin/gradle/internal/config/LanguageVersionSettings
instanceKlass org/jetbrains/kotlin/cli/common/messages/MessageCollector
instanceKlass org/jetbrains/kotlin/config/ApiVersion
instanceKlass org/jetbrains/kotlin/gradle/internal/config/LanguageOrApiVersion
instanceKlass org/jetbrains/kotlin/gradle/internal/utils/DescriptionAware
instanceKlass org/jetbrains/kotlin/cli/common/arguments/ArgumentParseErrors
instanceKlass org/gradle/api/internal/artifacts/repositories/DefaultMavenLocalArtifactRepository$MavenLocalMetadataValidator
instanceKlass org/gradle/api/internal/artifacts/ivyservice/ivyresolve/LocalModuleComponentRepository$RemoteAccess
instanceKlass org/gradle/api/internal/artifacts/ivyservice/ivyresolve/LocalModuleComponentRepository$LocalAccess
instanceKlass org/gradle/internal/resource/transport/file/FileTransport$FileCacheAwareExternalResourceAccessor
instanceKlass com/android/build/gradle/tasks/CompatibleScreensManifest$CreationAction$configure$1
instanceKlass com/android/manifmerger/ManifestMerger2$Invoker
instanceKlass com/android/build/gradle/tasks/ProcessApplicationManifest$Companion
instanceKlass com/android/build/gradle/internal/TaskManager$addAndroidJarDependency$1$1
instanceKlass org/gradle/api/internal/provider/ValueSupplier$PlusProducer
instanceKlass com/android/build/gradle/internal/tasks/ValidateResourcesTask$Companion
instanceKlass com/android/build/gradle/internal/tasks/CheckAarMetadataTask$CreationAction$configure$2$1
instanceKlass com/android/build/gradle/internal/tasks/CheckAarMetadataTask$CreationAction$configure$1$1
instanceKlass com/android/build/gradle/internal/tasks/CheckAarMetadataTask$CreationAction$configure$2
instanceKlass com/android/build/gradle/internal/tasks/CheckAarMetadataTask$CreationAction$configure$1
instanceKlass com/android/build/gradle/internal/AndroidJarInput$getAndroidJar$1
instanceKlass com/android/build/gradle/internal/AndroidJarInput$sdkLoader$1
instanceKlass com/android/build/api/variant/impl/LayeredSourceDirectoriesImpl$getVariantSourcesWithFilter$2$1$1
instanceKlass com/android/build/gradle/tasks/ExtractDeepLinksTask$BaseCreationAction$configure$1$2
instanceKlass com/android/build/gradle/tasks/ExtractDeepLinksTask$BaseCreationAction$configure$1$1
instanceKlass com/android/build/gradle/internal/tasks/ProcessJavaResTaskKt$getProjectJavaRes$3$3
instanceKlass com/android/build/gradle/internal/tasks/ProcessJavaResTaskKt$getProjectJavaRes$3$2
instanceKlass com/android/build/gradle/internal/tasks/ProcessJavaResTaskKt$getProjectJavaRes$3$1
instanceKlass com/android/build/gradle/internal/tasks/ProcessJavaResTaskKt$getProjectJavaRes$2
instanceKlass com/android/build/api/variant/impl/FlatSourceDirectoriesImpl$getAsFileTrees$1
instanceKlass com/android/build/gradle/internal/tasks/ProcessJavaResTaskKt
instanceKlass com/android/build/gradle/internal/tasks/ExportConsumerProguardFilesTask$Companion
instanceKlass com/android/build/gradle/tasks/ProcessLibraryArtProfileTask$CreationAction$configure$2$1
instanceKlass com/android/build/gradle/internal/tasks/MergeFileTask$Companion
instanceKlass com/android/build/gradle/internal/tasks/AarMetadataTask$Companion
instanceKlass com/android/build/gradle/tasks/MergeResources$CreationAction$configure$2
instanceKlass com/android/build/gradle/internal/DependencyResourcesComputer$ResourceSourceSetInput
instanceKlass com/android/build/gradle/tasks/MergeResources$CreationAction$configure$1
instanceKlass com/android/build/gradle/tasks/MergeResources$Companion
instanceKlass com/android/ide/common/resources/SingleFileProcessor
instanceKlass com/android/build/gradle/internal/DependencyResourcesComputer
instanceKlass com/android/ide/common/resources/ResourcePreprocessor
instanceKlass org/gradle/work/FileChange
instanceKlass com/android/ide/common/resources/DataMerger
instanceKlass com/android/build/gradle/tasks/MapSourceSetPathsTask$CreateAction$configure$7
instanceKlass com/android/build/api/variant/impl/LayeredSourceDirectoriesImpl$getVariantSourcesWithFilter$2$2
instanceKlass com/android/build/api/variant/impl/LayeredSourceDirectoriesImpl$getVariantSourcesWithFilter$2$projectDir$1
instanceKlass com/android/build/gradle/tasks/MapSourceSetPathsTask$CreateAction$configure$6$1$2$asFiles$2
instanceKlass com/android/build/gradle/tasks/MapSourceSetPathsTask$CreateAction$configure$6$1$2$asFiles$1
instanceKlass com/android/build/gradle/tasks/MapSourceSetPathsTask$CreateAction$configure$5
instanceKlass com/android/build/gradle/tasks/MapSourceSetPathsTask$CreateAction$configure$4
instanceKlass com/android/build/gradle/tasks/MapSourceSetPathsTask$CreateAction$configure$3
instanceKlass com/android/build/gradle/tasks/MapSourceSetPathsTask$CreateAction$configure$2
instanceKlass com/android/build/gradle/tasks/MapSourceSetPathsTask$CreateAction$configure$1
instanceKlass com/facebook/react/ReactPlugin$configureCodegen$generateCodegenSchemaTask$1$1
instanceKlass com/facebook/react/tasks/GenerateEntryPointTask$Companion
instanceKlass org/gradle/api/internal/AbstractTask$5
instanceKlass com/facebook/react/model/ModelCodegenConfigAndroid
instanceKlass com/facebook/react/model/ModelCodegenConfig
instanceKlass com/facebook/react/model/ModelPackageJson
instanceKlass org/gradle/process/internal/DefaultProcessForkOptions
instanceKlass com/facebook/react/tasks/GenerateAutolinkingNewArchitecturesFileTask$Companion
instanceKlass com/facebook/react/tasks/GeneratePackageListTask$Companion
instanceKlass org/jetbrains/kotlin/gradle/tasks/DefaultKotlinJavaToolchain$Companion$WhenMappings
instanceKlass org/jetbrains/kotlin/gradle/utils/CompatibilityKt
instanceKlass org/jetbrains/kotlin/gradle/plugin/diagnostics/CheckKotlinGradlePluginConfigurationErrorsKt$locateOrRegisterCheckKotlinGradlePluginErrorsTask$taskProvider$1$2
instanceKlass org/jetbrains/kotlin/gradle/plugin/diagnostics/CheckKotlinGradlePluginConfigurationErrorsKt$locateOrRegisterCheckKotlinGradlePluginErrorsTask$taskProvider$1$1
instanceKlass org/jetbrains/kotlin/gradle/plugin/diagnostics/CheckKotlinGradlePluginConfigurationErrors$Companion
instanceKlass org/jetbrains/kotlin/gradle/tasks/KotlinCompilerPluginData$InputsOutputsState
instanceKlass org/jetbrains/kotlin/gradle/tasks/AbstractKotlinCompile$friendPathsSet$1
instanceKlass com/android/build/gradle/internal/scope/BootClasspathBuilder$computeAdditionalAndRequestedOptionalLibraries$6
instanceKlass com/android/build/gradle/internal/scope/BootClasspathBuilder$computeAdditionalAndRequestedOptionalLibraries$5
instanceKlass com/android/build/gradle/internal/scope/BootClasspathBuilder$computeAdditionalAndRequestedOptionalLibraries$4
instanceKlass com/android/build/gradle/internal/scope/BootClasspathBuilder$computeAdditionalAndRequestedOptionalLibraries$3
instanceKlass com/android/build/gradle/internal/scope/BootClasspathBuilder$computeAdditionalAndRequestedOptionalLibraries$2
instanceKlass com/android/build/gradle/internal/scope/BootClasspathBuilder$computeAdditionalAndRequestedOptionalLibraries$1
instanceKlass com/android/build/gradle/internal/scope/BootClasspathBuilder$CacheKey
instanceKlass org/gradle/api/internal/file/DefaultProjectLayout$1
instanceKlass com/android/build/gradle/internal/services/VariantServicesImpl$toRegularFileProvider$1
instanceKlass org/gradle/internal/resolve/resolver/DefaultVariantArtifactResolver$SingleArtifactVariantIdentifier
instanceKlass com/android/tools/lint/model/LintModelJavaArtifact
instanceKlass com/android/build/gradle/internal/tasks/factory/GlobalTaskCreationConfigImpl$platformAttrs$2$1
instanceKlass com/android/build/gradle/internal/tasks/factory/GlobalTaskCreationConfigImpl$platformAttrs$2$attributes$1
instanceKlass org/codehaus/groovy/runtime/StringGroovyMethods$1
instanceKlass com/android/build/api/component/impl/features/ManifestPlaceholdersCreationConfigImpl
instanceKlass com/android/build/gradle/internal/core/dsl/impl/features/ManifestPlaceholdersDslInfoImpl
instanceKlass com/android/build/gradle/internal/core/dsl/features/ManifestPlaceholdersDslInfo
instanceKlass com/android/build/gradle/tasks/ManifestProcessorTask$Companion
instanceKlass com/android/manifmerger/MergingReport
instanceKlass kotlin/collections/builders/ListBuilder$Itr
instanceKlass kotlin/jvm/internal/markers/KMutableListIterator
instanceKlass kotlin/collections/builders/ListBuilderKt
instanceKlass kotlin/collections/builders/ListBuilder$Companion
instanceKlass com/android/build/gradle/internal/core/dsl/impl/features/OptimizationDslInfoImpl$WhenMappings
instanceKlass com/android/build/gradle/internal/ide/Utils
instanceKlass com/android/build/gradle/tasks/BundleAar$BaseCreationAction$configure$4
instanceKlass org/gradle/api/internal/file/copy/RegExpNameMapper
instanceKlass org/gradle/api/internal/file/copy/RenamingCopyAction
instanceKlass com/android/build/gradle/tasks/BundleAar$BaseCreationAction$configure$3
instanceKlass com/android/build/gradle/internal/component/KmpCreationConfig
instanceKlass com/android/build/gradle/tasks/BundleAar$BaseCreationAction$configure$2
instanceKlass com/android/build/gradle/tasks/BundleAar$Companion$prependToCopyPath$1$1
instanceKlass org/gradle/api/internal/file/copy/CopySpecWrapper
instanceKlass com/android/build/gradle/tasks/BundleAar$Companion$prependToCopyPath$1
instanceKlass com/android/build/gradle/tasks/BundleAar$2
instanceKlass com/android/build/gradle/tasks/BundleAar$1
instanceKlass com/android/build/gradle/tasks/BundleAar$Companion
instanceKlass com/android/build/gradle/internal/tasks/PrepareLintJarForPublishKt$getPublishedCustomLintChecks$1
instanceKlass com/android/build/gradle/internal/tasks/PrepareLintJarForPublishKt$getPublishedCustomLintChecks$attributes$1
instanceKlass com/android/build/gradle/internal/tasks/PrepareLintJarForPublishKt
instanceKlass com/android/build/gradle/internal/tasks/GlobalTask$ConfigureAction
instanceKlass com/android/build/gradle/internal/tasks/PrepareLintJarForPublish$Companion
instanceKlass com/android/build/gradle/internal/lint/UastInputs$initializeFromKotlinCompileTask$2
instanceKlass com/android/build/gradle/internal/lint/UastInputs$initializeFromKotlinCompileTask$1
instanceKlass com/android/build/gradle/internal/component/VariantCreationConfig$Companion$getLintUseK2UastManualSetting$ret$1
instanceKlass com/android/build/gradle/internal/lint/CustomLintCheckUtils$getLocalCustomLintChecks$1$1
instanceKlass com/android/build/gradle/internal/lint/CustomLintCheckUtils$getLocalCustomLintChecks$1
instanceKlass com/android/build/gradle/internal/lint/CustomLintCheckUtils
instanceKlass com/android/build/gradle/internal/services/LintParallelBuildService$Companion
instanceKlass com/android/build/gradle/internal/services/LintParallelBuildServiceKt$getLintParallelBuildService$1
instanceKlass com/android/build/gradle/internal/services/LintParallelBuildService
instanceKlass com/android/build/gradle/internal/services/LintParallelBuildServiceKt
instanceKlass com/android/build/gradle/internal/lint/EnvironmentVariableInputs$initialize$4
instanceKlass com/android/build/gradle/internal/lint/EnvironmentVariableInputs$initialize$3
instanceKlass com/android/build/gradle/internal/lint/EnvironmentVariableInputs$initialize$2
instanceKlass com/android/build/gradle/internal/lint/EnvironmentVariableInputs$initialize$1
instanceKlass com/android/build/gradle/internal/lint/SystemPropertyInputs$initialize$4
instanceKlass com/android/build/gradle/internal/lint/SystemPropertyInputs$initialize$3
instanceKlass com/android/build/gradle/internal/lint/SystemPropertyInputs$initialize$2
instanceKlass com/android/build/gradle/internal/lint/SystemPropertyInputs$initialize$1
instanceKlass com/android/build/gradle/internal/lint/AndroidLintAnalysisTask$initializeGlobalInputs$3
instanceKlass com/android/build/gradle/internal/lint/AndroidLintAnalysisTask$initializeGlobalInputs$globalLintJarsFromEnvVariable$1
instanceKlass com/android/build/gradle/internal/lint/AndroidLintAnalysisTask$initializeGlobalInputs$2
instanceKlass com/android/build/gradle/internal/lint/AndroidLintAnalysisTask$initializeGlobalInputs$1
instanceKlass com/android/build/gradle/internal/lint/EnvironmentVariableInputs
instanceKlass com/android/build/gradle/internal/lint/SystemPropertyInputs
instanceKlass com/android/build/gradle/internal/lint/LintTool
instanceKlass com/android/build/gradle/internal/lint/UastInputs
instanceKlass com/android/tools/lint/model/LintModelBuildFeatures
instanceKlass com/android/build/gradle/internal/lint/SourceProviderInput$initialize$5
instanceKlass com/android/build/gradle/internal/lint/SourceProviderInput$initialize$4
instanceKlass com/android/build/gradle/internal/lint/SourceProviderInput$initialize$3
instanceKlass com/android/build/gradle/internal/lint/SourceProviderInput$initialize$2
instanceKlass com/android/build/gradle/internal/lint/SourceProviderInput$initialize$1
instanceKlass com/android/build/gradle/internal/utils/DesugarLibUtils$getD8DesugarMethodFileFromTransform$1$1
instanceKlass com/android/build/gradle/internal/utils/DesugarLibUtils$getD8DesugarMethodFileFromTransform$1
instanceKlass com/android/build/gradle/internal/ide/dependencies/Level1RuntimeArtifactCollections
instanceKlass com/android/build/gradle/internal/ide/dependencies/ArtifactUtils
instanceKlass com/android/build/gradle/internal/ide/dependencies/ArtifactCollections
instanceKlass com/android/build/gradle/internal/ide/dependencies/BuildIdentifierMethods$getBuildPath$1
instanceKlass com/android/build/gradle/internal/ide/dependencies/BuildIdentifierMethods
instanceKlass com/android/build/gradle/internal/ide/dependencies/ArtifactCollectionsInputsImpl
instanceKlass com/android/build/gradle/internal/ide/dependencies/ArtifactCollectionsInputs
instanceKlass com/android/tools/lint/model/LintModelDependencies
instanceKlass com/android/tools/lint/model/LintModelAndroidArtifact
instanceKlass com/android/tools/lint/model/LintModelArtifact
instanceKlass com/android/build/gradle/internal/lint/DependencyCaches
instanceKlass com/android/build/gradle/internal/lint/KotlinCompilationWrapper
instanceKlass com/android/build/gradle/internal/lint/SourceProviderInput
instanceKlass com/android/build/gradle/internal/lint/ArtifactInput
instanceKlass com/android/build/gradle/internal/lint/SdkVersionInput
instanceKlass com/android/tools/lint/model/LintModelVariant
instanceKlass com/android/build/gradle/internal/lint/BuildFeaturesInput
instanceKlass com/android/tools/lint/model/LintModelLintOptions
instanceKlass com/android/build/gradle/internal/lint/ProjectInputs$initializeFromProject$1
instanceKlass com/android/build/gradle/internal/privaysandboxsdk/PrivacySandboxSdkVariantScope
instanceKlass com/android/tools/lint/model/LintModelModule
instanceKlass com/android/build/gradle/internal/lint/LintOptionsInput
instanceKlass com/android/build/gradle/internal/lint/LintModelWriterTask$partialResultsDirPath$1
instanceKlass com/android/build/gradle/internal/lint/ProjectInputs
instanceKlass com/android/build/gradle/internal/lint/VariantInputs
instanceKlass com/android/build/gradle/internal/ide/dependencies/UsesLibraryDependencyCacheBuildService
instanceKlass com/android/build/gradle/internal/lint/KotlinMultiplatformExtensionWrapper
instanceKlass com/android/build/gradle/internal/databinding/DataBindingExcludeDelegateKt
instanceKlass com/android/build/gradle/internal/tasks/BundleLibraryClassesKt
instanceKlass com/android/build/gradle/internal/databinding/DataBindingExcludeDelegate
instanceKlass org/gradle/api/internal/artifacts/ivyservice/ivyresolve/parser/PomReader$1
instanceKlass org/apache/commons/io/function/IOFunction
instanceKlass java/util/function/IntUnaryOperator
instanceKlass org/apache/commons/io/build/AbstractSupplier
instanceKlass org/apache/commons/io/function/IOSupplier
instanceKlass org/apache/ivy/plugins/parser/m2/PomReader
instanceKlass org/gradle/api/internal/artifacts/ivyservice/ivyresolve/parser/PomReader
instanceKlass org/gradle/api/internal/artifacts/ivyservice/ivyresolve/FilteredModuleComponentRepository$DefaultArtifactResolutionDetails
instanceKlass org/gradle/api/internal/artifacts/ivyservice/ivyresolve/FilteredModuleComponentRepository$FilteringAccess
instanceKlass org/gradle/api/internal/artifacts/ivyservice/dependencysubstitution/DefaultArtifactSelectionDetails
instanceKlass org/jetbrains/kotlin/gradle/internal/StdlibDependencyManagementKt$addStdlibDependency$1$1$1$1
instanceKlass org/jetbrains/kotlin/gradle/utils/ReportUtilsKt$addConfigurationMetrics$1
instanceKlass org/jetbrains/kotlin/gradle/plugin/statistics/KotlinStdlibConfigurationMetrics
instanceKlass org/jetbrains/kotlin/gradle/internal/StdlibDependencyManagementKt$WhenMappings
instanceKlass org/jetbrains/kotlin/gradle/targets/js/npm/SemverKt
instanceKlass org/jetbrains/kotlin/gradle/internal/KotlinDependenciesManagementKt$allNonProjectDependencies$1
instanceKlass org/jetbrains/kotlin/gradle/plugin/AndroidProjectHandler$wireKotlinTasks$1$2
instanceKlass org/jetbrains/kotlin/gradle/dsl/KotlinCommonOptions$DefaultImpls
instanceKlass org/jetbrains/kotlin/gradle/dsl/KotlinJvmOptions$DefaultImpls
instanceKlass org/jetbrains/kotlin/gradle/plugin/KotlinJvmFactory
instanceKlass org/jetbrains/kotlin/gradle/tasks/configuration/BaseKotlinCompileConfig$2$1$1$2
instanceKlass org/jetbrains/kotlin/gradle/tasks/configuration/BaseKotlinCompileConfig$2$1$1$1
instanceKlass org/jetbrains/kotlin/gradle/tasks/configuration/BaseKotlinCompileConfig$1$3$2
instanceKlass org/jetbrains/kotlin/gradle/tasks/configuration/AbstractKotlinCompileConfig$getClasspathSnapshotDir$1
instanceKlass org/jetbrains/kotlin/gradle/tasks/configuration/BaseKotlinCompileConfig$1$3$classpathEntrySnapshotFiles$1
instanceKlass org/jetbrains/kotlin/gradle/tasks/configuration/AbstractKotlinCompileConfig$2$4
instanceKlass org/jetbrains/kotlin/gradle/tasks/configuration/AbstractKotlinCompileConfig$2$3
instanceKlass org/jetbrains/kotlin/gradle/tasks/configuration/AbstractKotlinCompileConfig$2$2$1
instanceKlass org/jetbrains/kotlin/gradle/tasks/configuration/AbstractKotlinCompileConfig$1$6
instanceKlass org/jetbrains/kotlin/gradle/tasks/configuration/AbstractKotlinCompileConfig$1$5
instanceKlass org/jetbrains/kotlin/gradle/tasks/configuration/AbstractKotlinCompileConfig$1$4
instanceKlass org/jetbrains/kotlin/gradle/tasks/KotlinCompilerExecutionStrategy$Companion
instanceKlass org/jetbrains/kotlin/compilerRunner/KotlinCompilerArgumentsLogLevel$Companion
instanceKlass org/jetbrains/kotlin/gradle/plugin/PropertiesProvider$kotlinCompilerArgumentsLogLevel$1
instanceKlass org/jetbrains/kotlin/gradle/tasks/configuration/AbstractKotlinCompileConfig$1$2
instanceKlass org/jetbrains/kotlin/gradle/tasks/configuration/AbstractKotlinCompileConfig$1$1
instanceKlass org/jetbrains/kotlin/gradle/plugin/mpp/KotlinCompilationsKt$sam$java_util_concurrent_Callable$0
instanceKlass org/jetbrains/kotlin/gradle/tasks/DefaultKotlinJavaToolchain$DefaultJavaToolchainSetter$useAsConvention$1
instanceKlass org/jetbrains/kotlin/gradle/tasks/UsesKotlinJavaToolchain$DefaultImpls
instanceKlass org/jetbrains/kotlin/gradle/tasks/KotlinJvmCompile$DefaultImpls
instanceKlass org/jetbrains/kotlin/gradle/dsl/KotlinJvmCompile$DefaultImpls
instanceKlass org/jetbrains/kotlin/gradle/tasks/KotlinCompile$androidLayoutResources$1
instanceKlass org/jetbrains/kotlin/gradle/tasks/KotlinCompile$javaSources$1
instanceKlass org/jetbrains/kotlin/gradle/tasks/KotlinCompile$ScriptFilterSpec
instanceKlass org/jetbrains/kotlin/gradle/tasks/KotlinCompile$scriptSources$1
instanceKlass org/jetbrains/kotlin/gradle/tasks/K2MultiplatformStructure$RefinesEdge
instanceKlass org/jetbrains/kotlin/gradle/tasks/K2MultiplatformStructure$Fragment
instanceKlass org/jetbrains/kotlin/gradle/tasks/internal/KotlinJvmOptionsCompat
instanceKlass org/jetbrains/kotlin/gradle/tasks/AbstractKotlinCompile$compilerRunner$1
instanceKlass org/jetbrains/kotlin/gradle/tasks/DefaultKotlinJavaToolchain$DefaultJavaToolchainSetter
instanceKlass org/jetbrains/kotlin/gradle/tasks/DefaultKotlinJavaToolchain$DefaultJdkSetter
instanceKlass org/jetbrains/kotlin/gradle/tasks/DefaultKotlinJavaToolchain$currentJvmJdkToolsJar$1
instanceKlass org/jetbrains/kotlin/gradle/tasks/DefaultKotlinJavaToolchain$getToolsJarFromJvm$1
instanceKlass org/jetbrains/kotlin/gradle/tasks/DefaultKotlinJavaToolchain$javaExecutable$1
instanceKlass org/jetbrains/kotlin/gradle/tasks/DefaultKotlinJavaToolchain$javaVersion$1
instanceKlass org/jetbrains/kotlin/gradle/tasks/KotlinJavaToolchain$JdkSetter
instanceKlass org/jetbrains/kotlin/gradle/tasks/KotlinJavaToolchain$JavaToolchainSetter
instanceKlass org/jetbrains/kotlin/gradle/tasks/GradleCompileTaskProviderKt
instanceKlass org/jetbrains/kotlin/compilerRunner/GradleCompilerRunner$Companion
instanceKlass org/jetbrains/kotlin/gradle/tasks/CacheableTasksKt$cacheOnlyIfEnabledForKotlin$1
instanceKlass org/jetbrains/kotlin/gradle/utils/ConfigurationCacheKt
instanceKlass org/jetbrains/kotlin/gradle/tasks/CacheableTasksKt
instanceKlass org/jetbrains/kotlin/build/report/metrics/GcMetrics
instanceKlass org/jetbrains/kotlin/build/report/metrics/BuildAttribute$Companion
instanceKlass org/jetbrains/kotlin/build/report/metrics/BuildAttributeKind$Companion
instanceKlass org/jetbrains/kotlin/build/report/metrics/BuildAttributes$Companion
instanceKlass org/jetbrains/kotlin/build/report/metrics/BuildAttributes
instanceKlass org/jetbrains/kotlin/build/report/metrics/BuildPerformanceMetrics$Companion
instanceKlass org/jetbrains/kotlin/build/report/metrics/BuildPerformanceMetrics
instanceKlass org/jetbrains/kotlin/build/report/metrics/BuildTimes$Companion
instanceKlass org/jetbrains/kotlin/build/report/metrics/BuildTimes
instanceKlass org/jetbrains/kotlin/build/report/metrics/BuildMetricsReporterImpl
instanceKlass org/jetbrains/kotlin/gradle/internal/build/SourcesUtilsKt
instanceKlass org/jetbrains/kotlin/gradle/plugin/CompilerPluginConfig
instanceKlass org/jetbrains/kotlin/build/report/metrics/BuildMetricsReporter
instanceKlass org/jetbrains/kotlin/gradle/tasks/KotlinCompilerPluginData
instanceKlass org/jetbrains/kotlin/gradle/incremental/IncrementalModuleInfoProvider
instanceKlass org/jetbrains/kotlin/gradle/tasks/GradleCompileTaskProvider
instanceKlass org/jetbrains/kotlin/compilerRunner/GradleCompilerRunner
instanceKlass org/jetbrains/kotlin/daemon/common/MultiModuleICSettings
instanceKlass org/jetbrains/kotlin/buildtools/api/SourcesChanges
instanceKlass org/jetbrains/kotlin/gradle/tasks/TaskOutputsBackup
instanceKlass org/jetbrains/kotlin/incremental/ClasspathChanges
instanceKlass org/jetbrains/kotlin/gradle/tasks/K2MultiplatformStructure
instanceKlass org/jetbrains/kotlin/gradle/tasks/KotlinCompile$ClasspathSnapshotProperties
instanceKlass org/jetbrains/kotlin/incremental/IncrementalCompilationFeatures
instanceKlass org/jetbrains/kotlin/cli/common/arguments/Freezable
instanceKlass org/jetbrains/kotlin/gradle/plugin/KotlinCompilerArgumentsProducer$CreateCompilerArgumentsContext
instanceKlass com/android/build/gradle/internal/SdkDirectLoadingStrategy$DirectLoadComponents
instanceKlass com/android/ide/common/repository/AgpVersion$Companion$WhenMappings
instanceKlass kotlin/text/MatchResult$Destructured
instanceKlass kotlin/text/MatchResult$DefaultImpls
instanceKlass com/android/build/gradle/internal/EmulatorComponents$Companion$build$fileExists$1
instanceKlass com/android/build/gradle/internal/EmulatorComponents$Companion
instanceKlass com/android/build/gradle/internal/EmulatorComponents
instanceKlass com/android/sdklib/repository/targets/OptionalLibraryImpl
instanceKlass com/android/sdklib/repository/targets/PlatformTarget$Library
instanceKlass com/android/sdklib/repository/targets/PlatformTarget
instanceKlass com/android/sdklib/IAndroidTarget
instanceKlass com/sun/xml/bind/v2/runtime/unmarshaller/DefaultIDResolver$1
instanceKlass com/sun/xml/bind/DatatypeConverterImpl
instanceKlass javax/xml/bind/DatatypeConverterInterface
instanceKlass org/xml/sax/helpers/AttributesImpl
instanceKlass com/sun/org/apache/xerces/internal/impl/Constants$ArrayEnumeration
instanceKlass com/sun/org/apache/xerces/internal/impl/Constants
instanceKlass com/sun/org/apache/xerces/internal/parsers/AbstractSAXParser$LocatorProxy
instanceKlass org/xml/sax/ext/Locator2
instanceKlass com/sun/org/apache/xerces/internal/util/XMLSymbols
instanceKlass com/sun/org/apache/xerces/internal/util/XMLChar
instanceKlass com/sun/xml/internal/stream/Entity
instanceKlass com/sun/xml/internal/stream/util/BufferAllocator
instanceKlass com/sun/xml/internal/stream/util/ThreadLocalBufferAllocator
instanceKlass com/sun/org/apache/xerces/internal/impl/XMLEntityManager$EncodingInfo
instanceKlass com/sun/org/apache/xerces/internal/utils/XMLLimitAnalyzer
instanceKlass com/sun/org/apache/xerces/internal/xni/parser/XMLInputSource
instanceKlass com/sun/org/apache/xerces/internal/util/ErrorHandlerWrapper
instanceKlass com/sun/org/apache/xerces/internal/xni/parser/XMLErrorHandler
instanceKlass com/sun/org/apache/xerces/internal/impl/ExternalSubsetResolver
instanceKlass com/sun/org/apache/xerces/internal/util/EntityResolverWrapper
instanceKlass org/xml/sax/ext/EntityResolver2
instanceKlass com/sun/xml/bind/v2/runtime/unmarshaller/TagName
instanceKlass com/sun/xml/bind/v2/runtime/unmarshaller/SAXConnector
instanceKlass com/sun/org/apache/xerces/internal/parsers/AbstractSAXParser$AttributesProxy
instanceKlass org/xml/sax/ext/Attributes2
instanceKlass org/xml/sax/AttributeList
instanceKlass com/sun/org/apache/xerces/internal/util/FeatureState
instanceKlass com/sun/org/apache/xerces/internal/util/PropertyState
instanceKlass com/sun/org/apache/xerces/internal/impl/msg/XMLMessageFormatter
instanceKlass com/sun/org/apache/xerces/internal/util/MessageFormatter
instanceKlass com/sun/org/apache/xerces/internal/impl/XMLVersionDetector
instanceKlass com/sun/org/apache/xerces/internal/impl/validation/ValidationManager
instanceKlass com/sun/org/apache/xerces/internal/impl/dv/dtd/NMTOKENDatatypeValidator
instanceKlass com/sun/org/apache/xerces/internal/impl/dv/dtd/NOTATIONDatatypeValidator
instanceKlass com/sun/org/apache/xerces/internal/impl/dv/dtd/ENTITYDatatypeValidator
instanceKlass com/sun/org/apache/xerces/internal/impl/dv/dtd/ListDatatypeValidator
instanceKlass com/sun/org/apache/xerces/internal/impl/dv/dtd/IDREFDatatypeValidator
instanceKlass com/sun/org/apache/xerces/internal/impl/dv/dtd/IDDatatypeValidator
instanceKlass com/sun/org/apache/xerces/internal/impl/dv/dtd/StringDatatypeValidator
instanceKlass com/sun/org/apache/xerces/internal/impl/dv/DatatypeValidator
instanceKlass com/sun/org/apache/xerces/internal/impl/dv/DTDDVFactory
instanceKlass com/sun/org/apache/xerces/internal/impl/dtd/DTDGrammarBucket
instanceKlass com/sun/org/apache/xerces/internal/impl/dtd/XMLAttributeDecl
instanceKlass com/sun/org/apache/xerces/internal/impl/dtd/XMLSimpleType
instanceKlass com/sun/org/apache/xerces/internal/impl/dtd/XMLElementDecl
instanceKlass com/sun/org/apache/xerces/internal/impl/validation/ValidationState
instanceKlass com/sun/org/apache/xerces/internal/impl/dv/ValidationContext
instanceKlass com/sun/org/apache/xerces/internal/impl/dtd/XMLDTDValidator
instanceKlass com/sun/org/apache/xerces/internal/impl/RevalidationHandler
instanceKlass com/sun/org/apache/xerces/internal/impl/dtd/XMLDTDValidatorFilter
instanceKlass com/sun/org/apache/xerces/internal/xni/parser/XMLDocumentFilter
instanceKlass com/sun/org/apache/xerces/internal/impl/dtd/XMLEntityDecl
instanceKlass com/sun/org/apache/xerces/internal/impl/dtd/XMLDTDProcessor
instanceKlass com/sun/org/apache/xerces/internal/xni/parser/XMLDTDContentModelFilter
instanceKlass com/sun/org/apache/xerces/internal/xni/parser/XMLDTDFilter
instanceKlass com/sun/org/apache/xerces/internal/xni/parser/XMLDTDScanner
instanceKlass com/sun/org/apache/xerces/internal/xni/parser/XMLDTDContentModelSource
instanceKlass com/sun/org/apache/xerces/internal/xni/parser/XMLDTDSource
instanceKlass com/sun/org/apache/xerces/internal/xni/grammars/XMLDTDDescription
instanceKlass com/sun/org/apache/xerces/internal/xni/grammars/XMLGrammarDescription
instanceKlass com/sun/org/apache/xerces/internal/impl/XMLDocumentScannerImpl$TrailingMiscDriver
instanceKlass com/sun/org/apache/xerces/internal/impl/XMLDocumentScannerImpl$PrologDriver
instanceKlass com/sun/org/apache/xerces/internal/impl/XMLDocumentScannerImpl$XMLDeclDriver
instanceKlass com/sun/org/apache/xerces/internal/util/NamespaceSupport
instanceKlass com/sun/org/apache/xerces/internal/xni/NamespaceContext
instanceKlass com/sun/org/apache/xerces/internal/util/XMLAttributesImpl$Attribute
instanceKlass com/sun/org/apache/xerces/internal/util/XMLAttributesImpl
instanceKlass com/sun/org/apache/xerces/internal/xni/XMLAttributes
instanceKlass com/sun/org/apache/xerces/internal/impl/XMLDocumentFragmentScannerImpl$FragmentContentDriver
instanceKlass com/sun/org/apache/xerces/internal/impl/XMLDocumentFragmentScannerImpl$Driver
instanceKlass com/sun/org/apache/xerces/internal/impl/XMLDocumentFragmentScannerImpl$ElementStack2
instanceKlass com/sun/org/apache/xerces/internal/xni/QName
instanceKlass com/sun/org/apache/xerces/internal/impl/XMLDocumentFragmentScannerImpl$ElementStack
instanceKlass com/sun/org/apache/xerces/internal/xni/XMLString
instanceKlass com/sun/org/apache/xerces/internal/impl/XMLScanner
instanceKlass com/sun/xml/internal/stream/XMLBufferListener
instanceKlass com/sun/org/apache/xerces/internal/impl/XMLEntityHandler
instanceKlass com/sun/org/apache/xerces/internal/xni/parser/XMLDocumentScanner
instanceKlass com/sun/org/apache/xerces/internal/xni/parser/XMLDocumentSource
instanceKlass com/sun/org/apache/xerces/internal/impl/XMLErrorReporter
instanceKlass com/sun/org/apache/xerces/internal/impl/XMLEntityScanner
instanceKlass com/sun/org/apache/xerces/internal/xni/XMLLocator
instanceKlass com/sun/xml/internal/stream/XMLEntityStorage
instanceKlass com/sun/org/apache/xerces/internal/util/AugmentationsImpl$AugmentationsItemsContainer
instanceKlass com/sun/org/apache/xerces/internal/util/AugmentationsImpl
instanceKlass com/sun/org/apache/xerces/internal/xni/Augmentations
instanceKlass com/sun/org/apache/xerces/internal/util/XMLResourceIdentifierImpl
instanceKlass com/sun/org/apache/xerces/internal/xni/XMLResourceIdentifier
instanceKlass com/sun/org/apache/xerces/internal/impl/XMLEntityManager
instanceKlass com/sun/org/apache/xerces/internal/xni/parser/XMLEntityResolver
instanceKlass com/sun/org/apache/xerces/internal/xni/parser/XMLComponent
instanceKlass com/sun/org/apache/xerces/internal/util/SymbolTable$Entry
instanceKlass com/sun/org/apache/xerces/internal/util/SymbolTable
instanceKlass jdk/xml/internal/JdkConstants
instanceKlass jdk/xml/internal/JdkXmlUtils
instanceKlass com/sun/org/apache/xerces/internal/util/ParserConfigurationSettings
instanceKlass com/sun/org/apache/xerces/internal/parsers/XML11Configurable
instanceKlass com/sun/org/apache/xerces/internal/xni/parser/XMLPullParserConfiguration
instanceKlass com/sun/org/apache/xerces/internal/xni/parser/XMLParserConfiguration
instanceKlass com/sun/org/apache/xerces/internal/xni/parser/XMLComponentManager
instanceKlass com/sun/org/apache/xerces/internal/parsers/XMLParser
instanceKlass com/sun/org/apache/xerces/internal/xni/XMLDTDContentModelHandler
instanceKlass com/sun/org/apache/xerces/internal/xni/XMLDTDHandler
instanceKlass com/sun/org/apache/xerces/internal/xni/XMLDocumentHandler
instanceKlass org/xml/sax/Parser
instanceKlass com/sun/org/apache/xerces/internal/utils/XMLSecurityManager
instanceKlass javax/xml/parsers/SAXParser
instanceKlass com/sun/org/apache/xerces/internal/xs/PSVIProvider
instanceKlass com/sun/org/apache/xerces/internal/jaxp/JAXPConstants
instanceKlass javax/xml/parsers/SAXParserFactory
instanceKlass org/xml/sax/helpers/XMLFilterImpl
instanceKlass org/xml/sax/InputSource
instanceKlass javax/xml/transform/sax/SAXSource
instanceKlass com/sun/xml/bind/v2/runtime/unmarshaller/UnmarshallingContext$State
instanceKlass com/sun/xml/bind/v2/runtime/unmarshaller/Scope
instanceKlass javax/xml/bind/ValidationEventLocator
instanceKlass com/sun/xml/bind/v2/runtime/unmarshaller/LocatorExWrapper
instanceKlass org/xml/sax/helpers/LocatorImpl
instanceKlass com/sun/xml/bind/v2/runtime/Coordinator
instanceKlass com/sun/xml/bind/v2/runtime/unmarshaller/XmlVisitor$TextPredictor
instanceKlass javax/xml/bind/helpers/DefaultValidationEventHandler
instanceKlass org/xml/sax/helpers/DefaultHandler
instanceKlass javax/xml/bind/UnmarshallerHandler
instanceKlass com/sun/xml/bind/v2/runtime/unmarshaller/XmlVisitor
instanceKlass com/sun/xml/bind/IDResolver
instanceKlass javax/xml/bind/helpers/AbstractUnmarshallerImpl
instanceKlass javax/xml/bind/ValidationEventHandler
instanceKlass com/sun/xml/bind/v2/runtime/NameList
instanceKlass com/sun/xml/bind/v2/runtime/unmarshaller/ChildLoader
instanceKlass com/sun/xml/bind/v2/runtime/property/ArrayERProperty$ReceiverImpl
instanceKlass com/sun/xml/bind/v2/runtime/unmarshaller/StructureLoader$1
instanceKlass com/sun/xml/bind/v2/runtime/property/UnmarshallerChain
instanceKlass com/sun/xml/bind/v2/runtime/ElementBeanInfoImpl$1
instanceKlass javax/xml/bind/JAXBElement$GlobalScope
instanceKlass com/sun/xml/bind/v2/runtime/Utils$1
instanceKlass com/sun/xml/bind/v2/runtime/Utils
instanceKlass com/sun/xml/bind/v2/runtime/unmarshaller/Intercepter
instanceKlass javax/xml/bind/annotation/W3CDomHandler
instanceKlass javax/xml/bind/annotation/DomHandler
instanceKlass com/sun/xml/bind/v2/runtime/unmarshaller/Patcher
instanceKlass com/sun/xml/bind/v2/runtime/unmarshaller/LocatorEx
instanceKlass com/sun/xml/bind/v2/runtime/property/TagAndType
instanceKlass com/sun/xml/bind/v2/runtime/JaxBeanInfo$1
instanceKlass com/sun/xml/bind/v2/runtime/LifecycleMethods
instanceKlass com/sun/xml/bind/v2/runtime/Name
instanceKlass com/sun/xml/bind/v2/runtime/reflect/TransducedAccessor
instanceKlass com/sun/xml/bind/v2/ClassFactory
instanceKlass com/sun/xml/bind/v2/runtime/reflect/Lister$2
instanceKlass com/sun/xml/bind/v2/runtime/reflect/ListIterator
instanceKlass com/sun/xml/bind/v2/runtime/reflect/Lister
instanceKlass com/sun/xml/bind/v2/runtime/property/Utils$1
instanceKlass com/sun/xml/bind/v2/runtime/property/Utils
instanceKlass com/sun/xml/bind/v2/runtime/property/PropertyFactory$1
instanceKlass com/sun/xml/bind/v2/runtime/property/PropertyFactory
instanceKlass com/sun/xml/bind/v2/runtime/property/PropertyImpl
instanceKlass com/sun/xml/bind/v2/runtime/property/Property
instanceKlass com/sun/xml/bind/v2/runtime/property/StructureLoaderBuilder
instanceKlass com/sun/xml/bind/v2/runtime/unmarshaller/Loader
instanceKlass com/sun/xml/bind/v2/runtime/FilterTransducer
instanceKlass com/sun/xml/bind/v2/util/FlattenIterator
instanceKlass com/android/sdklib/repository/meta/DetailsTypes$MavenType
instanceKlass java/lang/Package$1PackageInfoProxy
instanceKlass com/sun/xml/bind/api/impl/NameUtil
instanceKlass com/sun/xml/bind/api/impl/NameConverter
instanceKlass com/android/repository/impl/meta/Archive$PatchesType
instanceKlass com/android/repository/impl/meta/Archive$HostConfig
instanceKlass com/sun/xml/bind/v2/model/impl/GetterSetterPropertySeed
instanceKlass javax/xml/bind/annotation/XmlElement$DEFAULT
instanceKlass com/android/repository/api/RepositorySource
instanceKlass javax/xml/bind/annotation/XmlSeeAlso
instanceKlass com/sun/xml/bind/v2/model/annotation/ClassLocatable
instanceKlass com/sun/xml/bind/v2/model/nav/ReflectionNavigator$10
instanceKlass com/sun/xml/bind/v2/model/annotation/MethodLocatable
instanceKlass com/sun/xml/bind/v2/model/impl/AttributePropertyInfoImpl$1
instanceKlass javax/xml/bind/annotation/XmlSchemaType$DEFAULT
instanceKlass com/sun/xml/bind/v2/runtime/reflect/Utils$1
instanceKlass com/sun/xml/bind/v2/runtime/reflect/Utils
instanceKlass com/sun/xml/bind/v2/model/core/Adapter
instanceKlass javax/xml/bind/annotation/adapters/XmlAdapter
instanceKlass javax/xml/bind/annotation/adapters/XmlJavaTypeAdapter$DEFAULT
instanceKlass com/sun/xml/bind/v2/model/impl/PropertyInfoImpl$1
instanceKlass com/sun/xml/bind/v2/TODO
instanceKlass com/sun/xml/bind/annotation/XmlLocation
instanceKlass javax/xml/bind/annotation/XmlSchemaTypes
instanceKlass com/sun/xml/bind/v2/model/nav/ParameterizedTypeImpl
instanceKlass com/sun/xml/bind/v2/model/nav/ReflectionNavigator$BinderArg
instanceKlass javax/xml/bind/annotation/adapters/XmlJavaTypeAdapters
instanceKlass com/sun/xml/bind/v2/model/impl/Util
instanceKlass com/sun/xml/bind/v2/model/impl/TypeRefImpl
instanceKlass com/sun/xml/bind/v2/model/impl/ClassInfoImpl$1
instanceKlass com/sun/xml/bind/v2/model/impl/FieldPropertySeed
instanceKlass com/sun/xml/bind/v2/model/impl/RuntimeClassInfoImpl$RuntimePropertySeed
instanceKlass java/lang/Short$ShortCache
instanceKlass com/sun/xml/bind/v2/model/nav/ReflectionNavigator$3
instanceKlass com/sun/xml/bind/AccessorFactoryImpl
instanceKlass com/sun/xml/bind/InternalAccessorFactory
instanceKlass javax/xml/bind/annotation/XmlAccessorOrder
instanceKlass com/sun/xml/bind/annotation/OverrideAnnotationOf
instanceKlass javax/xml/bind/annotation/XmlMixed
instanceKlass javax/xml/bind/annotation/XmlAnyElement
instanceKlass javax/xml/bind/annotation/XmlElements
instanceKlass javax/xml/bind/annotation/XmlAnyAttribute
instanceKlass javax/xml/bind/annotation/XmlList
instanceKlass javax/xml/bind/annotation/XmlElementWrapper
instanceKlass javax/xml/bind/annotation/XmlMimeType
instanceKlass javax/xml/bind/annotation/XmlInlineBinaryData
instanceKlass javax/xml/bind/annotation/XmlIDREF
instanceKlass javax/xml/bind/annotation/XmlID
instanceKlass com/sun/xml/bind/AccessorFactory
instanceKlass com/sun/xml/bind/v2/model/runtime/RuntimeAttributePropertyInfo
instanceKlass com/sun/xml/bind/v2/model/core/AttributePropertyInfo
instanceKlass com/sun/xml/bind/v2/model/runtime/RuntimeValuePropertyInfo
instanceKlass com/sun/xml/bind/v2/model/core/ValuePropertyInfo
instanceKlass com/sun/xml/bind/v2/model/runtime/RuntimeMapPropertyInfo
instanceKlass com/sun/xml/bind/v2/model/core/MapPropertyInfo
instanceKlass com/sun/xml/bind/v2/runtime/reflect/Accessor
instanceKlass com/sun/xml/bind/v2/runtime/unmarshaller/Receiver
instanceKlass com/sun/xml/bind/v2/model/runtime/RuntimeReferencePropertyInfo
instanceKlass com/sun/xml/bind/v2/model/impl/PropertySeed
instanceKlass com/sun/xml/bind/v2/model/impl/DummyPropertyInfo
instanceKlass com/sun/xml/bind/v2/model/core/ReferencePropertyInfo
instanceKlass com/sun/xml/bind/v2/model/impl/PropertyInfoImpl
instanceKlass javax/xml/bind/annotation/XmlType$DEFAULT
instanceKlass javax/xml/bind/annotation/XmlAccessorType
instanceKlass javax/xml/bind/annotation/XmlAttachmentRef
instanceKlass javax/xml/bind/annotation/adapters/XmlJavaTypeAdapter
instanceKlass com/sun/xml/bind/v2/model/runtime/RuntimeTypeRef
instanceKlass com/sun/xml/bind/v2/model/runtime/RuntimeNonElementRef
instanceKlass com/sun/xml/bind/v2/model/runtime/RuntimeElementPropertyInfo
instanceKlass com/sun/xml/bind/v2/model/runtime/RuntimePropertyInfo
instanceKlass com/sun/xml/bind/v2/model/impl/ElementInfoImpl$PropertyImpl
instanceKlass com/sun/xml/bind/v2/model/core/TypeRef
instanceKlass com/sun/xml/bind/v2/model/core/NonElementRef
instanceKlass com/sun/xml/bind/v2/model/core/ElementPropertyInfo
instanceKlass com/sun/xml/bind/v2/model/core/PropertyInfo
instanceKlass com/sun/xml/bind/v2/model/annotation/AnnotationSource
instanceKlass javax/xml/bind/annotation/XmlElementDecl$GLOBAL
instanceKlass com/android/repository/impl/meta/TypeDetails
instanceKlass javax/xml/bind/JAXBElement
instanceKlass com/sun/xml/bind/v2/model/nav/ReflectionNavigator$5
instanceKlass com/sun/xml/bind/v2/model/nav/ReflectionNavigator$4
instanceKlass com/sun/xml/bind/v2/model/impl/RegistryInfoImpl
instanceKlass com/sun/xml/bind/v2/model/annotation/SecureLoader
instanceKlass javax/xml/bind/annotation/XmlValue
instanceKlass javax/xml/bind/annotation/XmlType
instanceKlass javax/xml/bind/annotation/XmlTransient
instanceKlass javax/xml/bind/annotation/XmlSchemaType
instanceKlass javax/xml/bind/annotation/XmlRootElement
instanceKlass javax/xml/bind/annotation/XmlEnum
instanceKlass javax/xml/bind/annotation/XmlElementRefs
instanceKlass javax/xml/bind/annotation/XmlElementRef
instanceKlass javax/xml/bind/annotation/XmlElementDecl
instanceKlass javax/xml/bind/annotation/XmlElement
instanceKlass javax/xml/bind/annotation/XmlAttribute
instanceKlass com/sun/xml/bind/v2/model/annotation/Quick
instanceKlass com/sun/xml/bind/v2/model/annotation/Init
instanceKlass com/sun/xml/bind/v2/model/annotation/LocatableAnnotation
instanceKlass javax/xml/bind/annotation/XmlRegistry
instanceKlass com/sun/xml/bind/v2/model/core/Ref
instanceKlass com/sun/xml/bind/api/CompositeStructure
instanceKlass com/sun/xml/bind/v2/runtime/IllegalAnnotationsException$Builder
instanceKlass com/sun/xml/bind/v2/runtime/RuntimeUtil
instanceKlass com/sun/xml/bind/v2/model/impl/AnyTypeImpl
instanceKlass com/sun/xml/bind/v2/model/impl/TypeInfoSetImpl$1
instanceKlass com/sun/xml/bind/v2/model/impl/RuntimeBuiltinLeafInfoImpl$28
instanceKlass javax/xml/datatype/Duration
instanceKlass javax/xml/namespace/NamespaceContext
instanceKlass javax/xml/datatype/XMLGregorianCalendar
instanceKlass javax/xml/transform/Result
instanceKlass javax/activation/DataHandler
instanceKlass java/awt/datatransfer/Transferable
instanceKlass javax/activation/DataSource
instanceKlass java/awt/Graphics
instanceKlass java/awt/Component
instanceKlass java/awt/MenuContainer
instanceKlass java/awt/image/ImageObserver
instanceKlass java/awt/Transparency
instanceKlass java/awt/image/WritableRenderedImage
instanceKlass java/awt/Image
instanceKlass com/sun/xml/bind/v2/runtime/output/Pcdata
instanceKlass javax/xml/bind/ValidationEvent
instanceKlass java/awt/image/RenderedImage
instanceKlass javax/xml/datatype/DatatypeConstants$Field
instanceKlass javax/xml/datatype/DatatypeConstants
instanceKlass com/sun/xml/bind/v2/model/impl/RuntimeBuiltinLeafInfoImpl$1
instanceKlass com/sun/xml/bind/v2/model/impl/LeafInfoImpl
instanceKlass com/sun/xml/bind/v2/model/runtime/RuntimeBuiltinLeafInfo
instanceKlass com/sun/xml/bind/v2/model/core/BuiltinLeafInfo
instanceKlass com/sun/xml/bind/v2/model/impl/ModelBuilder$1
instanceKlass com/sun/xml/bind/v2/model/impl/Utils$1
instanceKlass com/sun/xml/bind/v2/model/nav/TypeVisitor
instanceKlass com/sun/xml/bind/v2/model/nav/ReflectionNavigator
instanceKlass com/sun/xml/bind/v2/model/nav/Navigator
instanceKlass com/sun/xml/bind/v2/model/impl/Utils
instanceKlass com/sun/xml/bind/WhiteSpaceProcessor
instanceKlass com/sun/xml/bind/v2/model/runtime/RuntimeArrayInfo
instanceKlass com/sun/xml/bind/v2/runtime/Location
instanceKlass com/sun/xml/bind/v2/model/core/ArrayInfo
instanceKlass com/sun/xml/bind/v2/model/runtime/RuntimeElementInfo
instanceKlass com/sun/xml/bind/v2/model/core/ElementInfo
instanceKlass com/sun/xml/bind/v2/model/runtime/RuntimeElement
instanceKlass com/sun/xml/bind/v2/model/runtime/RuntimeClassInfo
instanceKlass com/sun/xml/bind/v2/model/core/ClassInfo
instanceKlass com/sun/xml/bind/v2/runtime/Transducer
instanceKlass com/sun/xml/bind/v2/model/runtime/RuntimeEnumLeafInfo
instanceKlass com/sun/xml/bind/v2/model/impl/TypeInfoImpl
instanceKlass com/sun/xml/bind/v2/model/core/Element
instanceKlass com/sun/xml/bind/v2/model/core/EnumLeafInfo
instanceKlass com/sun/xml/bind/v2/model/runtime/RuntimeTypeInfoSet
instanceKlass com/sun/xml/bind/v2/model/impl/TypeInfoSetImpl
instanceKlass com/sun/xml/bind/v2/model/core/RegistryInfo
instanceKlass com/sun/xml/bind/v2/model/impl/ModelBuilder
instanceKlass com/sun/xml/bind/v2/model/impl/ModelBuilderI
instanceKlass com/sun/xml/bind/v2/runtime/NameBuilder
instanceKlass com/sun/istack/Pool$Impl
instanceKlass com/sun/xml/bind/v2/util/QNameMap$Entry
instanceKlass com/sun/xml/bind/v2/util/QNameMap
instanceKlass com/sun/xml/bind/v2/runtime/JAXBContextImpl$6
instanceKlass com/sun/xml/bind/api/ErrorListener
instanceKlass javax/xml/bind/Binder
instanceKlass com/sun/xml/bind/unmarshaller/InfosetScanner
instanceKlass javax/xml/bind/Unmarshaller
instanceKlass javax/xml/bind/Marshaller
instanceKlass com/sun/xml/bind/v2/model/core/ErrorHandler
instanceKlass com/sun/xml/bind/v2/model/core/TypeInfoSet
instanceKlass com/sun/xml/bind/api/BridgeContext
instanceKlass com/sun/xml/bind/api/RawAccessor
instanceKlass javax/xml/bind/JAXBIntrospector
instanceKlass com/sun/xml/bind/api/Bridge
instanceKlass com/sun/istack/Pool
instanceKlass com/sun/xml/bind/v2/runtime/AttributeAccessor
instanceKlass com/sun/xml/bind/v2/model/runtime/RuntimeLeafInfo
instanceKlass com/sun/xml/bind/v2/model/runtime/RuntimeNonElement
instanceKlass com/sun/xml/bind/v2/model/runtime/RuntimeTypeInfo
instanceKlass com/sun/xml/bind/v2/model/core/LeafInfo
instanceKlass com/sun/xml/bind/v2/model/core/MaybeElement
instanceKlass com/sun/xml/bind/v2/model/core/NonElement
instanceKlass com/sun/xml/bind/v2/model/core/TypeInfo
instanceKlass com/sun/xml/bind/v2/model/annotation/Locatable
instanceKlass com/sun/xml/bind/v2/runtime/JaxBeanInfo
instanceKlass com/sun/xml/bind/v2/model/annotation/AbstractInlineAnnotationReaderImpl
instanceKlass com/sun/xml/bind/v2/runtime/JAXBContextImpl$JAXBContextBuilder
instanceKlass com/sun/xml/bind/v2/util/TypeCast
instanceKlass com/sun/xml/bind/Util
instanceKlass com/sun/xml/bind/v2/model/annotation/RuntimeAnnotationReader
instanceKlass com/sun/xml/bind/v2/model/annotation/AnnotationReader
instanceKlass com/sun/xml/bind/v2/ContextFactory
instanceKlass javax/xml/bind/ServiceLoaderUtil
instanceKlass javax/xml/bind/JAXBContextFactory
instanceKlass javax/xml/bind/ModuleUtil
instanceKlass javax/xml/bind/GetPropertyAction
instanceKlass javax/xml/bind/ServiceLoaderUtil$ExceptionHandler
instanceKlass javax/xml/bind/ContextFinder
instanceKlass javax/xml/bind/JAXBContext
instanceKlass org/xml/sax/XMLFilter
instanceKlass org/xml/sax/XMLReader
instanceKlass javax/xml/transform/Source
instanceKlass org/w3c/dom/ls/LSResourceResolver
instanceKlass com/android/repository/impl/meta/SchemaModuleUtil
instanceKlass com/android/repository/impl/generated/generic/v2/package-info
instanceKlass com/android/repository/impl/generated/generic/v1/package-info
instanceKlass com/android/repository/impl/meta/TypeDetails$GenericType
instanceKlass com/android/repository/impl/meta/GenericFactory
instanceKlass com/android/repository/impl/generated/v2/package-info
instanceKlass com/android/repository/api/Checksum
instanceKlass com/android/repository/impl/generated/v1/package-info
instanceKlass com/android/repository/impl/meta/RevisionType
instanceKlass com/android/repository/impl/meta/Archive
instanceKlass com/android/repository/impl/meta/Archive$ArchiveFile
instanceKlass com/android/repository/api/License
instanceKlass com/android/repository/api/Channel
instanceKlass com/android/repository/api/LocalPackage
instanceKlass com/android/repository/impl/meta/RepoPackageImpl$Archives
instanceKlass com/android/repository/api/Repository
instanceKlass com/android/repository/impl/meta/RepoPackageImpl$UsesLicense
instanceKlass com/android/repository/impl/meta/RepoPackageImpl$Dependencies
instanceKlass com/android/repository/impl/meta/RepoPackageImpl
instanceKlass com/android/repository/api/RemotePackage
instanceKlass com/android/repository/api/RepoPackage
instanceKlass com/android/repository/impl/meta/RemotePackageImpl$ChannelRef
instanceKlass com/android/repository/api/Dependency
instanceKlass com/android/repository/impl/meta/CommonFactory
instanceKlass com/android/repository/api/RepoManager$Companion
instanceKlass com/android/repository/api/RepoManager
instanceKlass com/android/sdklib/util/CacheByCanonicalPath
instanceKlass com/android/sdklib/repository/generated/common/v3/package-info
instanceKlass com/android/sdklib/repository/generated/common/v2/package-info
instanceKlass com/android/sdklib/repository/generated/common/v1/package-info
instanceKlass com/android/sdklib/repository/meta/Library
instanceKlass com/android/sdklib/OptionalLibrary
instanceKlass com/android/sdklib/repository/IdDisplay
instanceKlass com/android/sdklib/repository/meta/SdkCommonFactory
instanceKlass com/android/sdklib/repository/generated/sysimg/v4/package-info
instanceKlass com/android/sdklib/repository/generated/sysimg/v3/package-info
instanceKlass com/android/sdklib/repository/generated/sysimg/v2/package-info
instanceKlass com/android/sdklib/repository/generated/sysimg/v1/package-info
instanceKlass com/android/sdklib/repository/meta/DetailsTypes$SysImgDetailsType
instanceKlass com/android/sdklib/repository/meta/SysImgFactory
instanceKlass com/android/sdklib/repository/generated/repository/v3/package-info
instanceKlass com/android/sdklib/repository/generated/repository/v2/package-info
instanceKlass com/android/sdklib/repository/generated/repository/v1/package-info
instanceKlass com/android/sdklib/repository/meta/DetailsTypes$SourceDetailsType
instanceKlass com/android/sdklib/repository/meta/DetailsTypes$PlatformDetailsType$LayoutlibType
instanceKlass com/android/sdklib/repository/meta/DetailsTypes$PlatformDetailsType
instanceKlass com/android/sdklib/repository/meta/RepoFactory
instanceKlass com/android/sdklib/repository/generated/addon/v3/package-info
instanceKlass com/android/sdklib/repository/generated/addon/v2/package-info
instanceKlass javax/xml/bind/annotation/XmlNs
instanceKlass com/android/sdklib/repository/generated/addon/v1/package-info
instanceKlass javax/xml/bind/annotation/XmlSchema
instanceKlass com/android/repository/api/SchemaModule$SchemaModuleVersion
instanceKlass javax/xml/namespace/QName
instanceKlass com/android/sdklib/repository/meta/DetailsTypes$ExtraDetailsType
instanceKlass com/android/sdklib/repository/meta/DetailsTypes$AddonDetailsType
instanceKlass com/android/sdklib/repository/meta/DetailsTypes$ApiDetailsType
instanceKlass com/android/repository/impl/meta/PackageDisplayNameQualifier
instanceKlass com/android/sdklib/repository/meta/DetailsTypes$AddonDetailsType$Libraries
instanceKlass com/android/sdklib/repository/meta/AddonFactory
instanceKlass com/android/repository/api/SchemaModule
instanceKlass com/android/sdklib/repository/AndroidSdkHandler
instanceKlass com/android/repository/api/ProgressIndicatorAdapter
instanceKlass com/android/build/gradle/internal/utils/ConsoleProgressIndicatorFactory$isTerminalSmart$2$1
instanceKlass com/android/build/gradle/internal/utils/ConsoleProgressIndicatorFactory$IsTerminalSmartValueSource
instanceKlass com/android/build/gradle/internal/PlatformComponents$Companion
instanceKlass com/android/build/gradle/internal/PlatformComponents
instanceKlass java/util/EnumMap$EntryIterator$Entry
instanceKlass java/util/EnumMap$EnumMapIterator
instanceKlass com/android/sdklib/BuildToolInfo
instanceKlass com/android/sdklib/repository/meta/DetailsTypes
instanceKlass com/android/build/gradle/internal/SdkParsingUtilsKt
instanceKlass com/android/build/gradle/internal/SupportToolsComponents$Companion$build$fileExists$1
instanceKlass com/android/build/gradle/internal/SupportToolsComponents$Companion
instanceKlass com/android/build/gradle/internal/SupportToolsComponents
instanceKlass com/android/build/gradle/internal/FileExistsValueSource$Params$Inject_
instanceKlass com/android/build/gradle/internal/FileExistsValueSource$Params_Decorated
instanceKlass com/android/build/gradle/internal/FileExistsValueSource$Params
instanceKlass com/android/build/gradle/internal/PlatformToolsComponents$Companion$build$fileExists$1
instanceKlass com/android/build/gradle/internal/FileExistsValueSource
instanceKlass com/android/build/gradle/internal/PlatformToolsComponents$Companion
instanceKlass com/android/build/gradle/internal/PlatformToolsComponents
instanceKlass com/android/build/gradle/internal/SdkLoadingStrategy
instanceKlass com/android/build/gradle/internal/SdkDirectLoadingStrategy$Companion
instanceKlass com/android/build/gradle/internal/SdkDirectLoadingStrategy
instanceKlass com/android/build/gradle/internal/SdkFullLoadingStrategy
instanceKlass com/android/build/gradle/internal/SdkComponentsBuildService$VersionedSdkLoader$sdkLoadStrategy$2$1$1
instanceKlass com/android/build/gradle/internal/SdkComponentsBuildService$VersionedSdkLoader$coreForSystemModulesProvider$1
instanceKlass com/android/build/gradle/internal/SdkComponentsBuildService$VersionedSdkLoader$emulatorDirectoryProvider$1
instanceKlass com/android/build/gradle/internal/SdkComponentsBuildService$VersionedSdkLoader$apiVersionsFile$1
instanceKlass com/android/build/gradle/internal/SdkComponentsBuildService$VersionedSdkLoader$aidlFrameworkProvider$1
instanceKlass com/android/build/gradle/internal/SdkComponentsBuildService$VersionedSdkLoader$aidlExecutableProvider$1
instanceKlass com/android/build/gradle/internal/SdkComponentsBuildService$VersionedSdkLoader$optionalLibrariesProvider$1
instanceKlass com/android/build/gradle/internal/SdkComponentsBuildService$VersionedSdkLoader$coreLambdaStubsProvider$1
instanceKlass com/android/build/gradle/internal/SdkComponentsBuildService$VersionedSdkLoader$adbHelper$1
instanceKlass com/android/build/gradle/internal/SdkComponentsBuildService$VersionedSdkLoader$additionalLibrariesProvider$1
instanceKlass com/android/build/gradle/internal/SdkComponentsBuildService$VersionedSdkLoader$annotationsJarProvider$1
instanceKlass com/android/build/gradle/internal/SdkComponentsBuildService$VersionedSdkLoader$androidJarProvider$1
instanceKlass com/android/build/gradle/internal/SdkComponentsBuildService$VersionedSdkLoader$sdkDirectoryProvider$1
instanceKlass com/android/build/gradle/internal/SdkComponentsBuildService$VersionedSdkLoader$renderScriptSupportJarProvider$1
instanceKlass com/android/build/gradle/internal/SdkComponentsBuildService$VersionedSdkLoader$adbExecutableProvider$1
instanceKlass com/android/build/gradle/internal/SdkComponentsBuildService$VersionedSdkLoader$buildToolInfoProvider$1
instanceKlass com/android/build/gradle/internal/SdkComponentsBuildService$VersionedSdkLoader$buildToolsRevisionProvider$1
instanceKlass com/android/build/gradle/internal/SdkComponentsBuildService$VersionedSdkLoader$targetAndroidVersionProvider$1
instanceKlass com/android/build/gradle/internal/SdkComponentsBuildService$VersionedSdkLoader$targetBootClasspathProvider$1
instanceKlass com/android/build/gradle/internal/SdkComponentsBuildService$VersionedSdkLoader$sdkSetupCorrectly$1
instanceKlass com/android/build/gradle/internal/services/VersionedSdkLoaderService$sam$java_util_concurrent_Callable$0
instanceKlass org/gradle/api/internal/artifacts/ivyservice/resolutionstrategy/ModuleForcingResolveRule
instanceKlass org/gradle/api/internal/artifacts/ivyservice/ivyresolve/FilteredModuleComponentRepository
instanceKlass org/gradle/api/internal/artifacts/repositories/DefaultRepositoryContentDescriptor$SimpleSpecMatcher
instanceKlass org/gradle/api/internal/artifacts/repositories/DefaultRepositoryContentDescriptor$1
instanceKlass org/gradle/api/internal/artifacts/repositories/DefaultRepositoryContentDescriptor$RepositoryFilterAction
instanceKlass org/jetbrains/kotlin/gradle/internal/StdlibDependencyManagementKt$configureStdlibVersionAlignment$1$1$1
instanceKlass org/jetbrains/kotlin/gradle/internal/KotlinDependenciesManagementKt$configureDefaultVersionsResolutionStrategy$1$1$1
instanceKlass com/android/build/gradle/internal/tasks/AppMetadataTask$Companion
instanceKlass com/android/build/gradle/internal/dependency/VariantDependencies$Companion$getComponentFilter$5
instanceKlass com/android/build/gradle/internal/utils/GlobalSyntheticsMergingUtilsKt
instanceKlass com/android/build/gradle/internal/tasks/DexMergingTask$SharedParams$MainDexListConfig
instanceKlass com/android/build/gradle/internal/tasks/DexMergingTask$SharedParams
instanceKlass com/android/build/gradle/internal/tasks/MergeJavaResourceTaskKt
instanceKlass com/android/build/api/artifact/impl/InternalScopedArtifacts
instanceKlass com/android/build/gradle/internal/tasks/MergeJavaResourceTask$Companion$predicate$1
instanceKlass com/android/build/gradle/internal/tasks/MergeJavaResourceTask$Companion
instanceKlass com/android/build/gradle/internal/tasks/MergeJavaResourceTask$OptionalCollectionWithProvenance
instanceKlass com/android/builder/files/SerializableInputChanges
instanceKlass com/android/build/gradle/internal/tasks/ValidateSigningTask$CreationAction$configure$2
instanceKlass com/android/build/gradle/internal/res/LinkApplicationAndroidResourcesTask$BaseCreationAction$configure$1
instanceKlass com/android/build/gradle/internal/res/LinkApplicationAndroidResourcesTask$Companion
instanceKlass com/android/build/gradle/internal/AndroidJarInput
instanceKlass com/android/build/gradle/tasks/JavaCompileKt$recordAnnotationProcessors$1
instanceKlass com/android/build/gradle/tasks/JavaCompileOptionsForRoom
instanceKlass com/android/build/api/variant/impl/FlatSourceDirectoriesImpl$getAsFileTreesForOldVariantAPI$1
instanceKlass com/android/build/gradle/tasks/JavaCompileKt
instanceKlass com/android/build/gradle/tasks/CommandLineArgumentProviderAdapter
instanceKlass org/gradle/api/internal/AbstractTask$13
instanceKlass com/android/build/gradle/tasks/JavaCompileUtils$checkDeprecatedSourceAndTargetAtExecutionTime$1
instanceKlass com/android/build/gradle/tasks/JdkImageInput$jrtFsJar$1
instanceKlass com/android/build/gradle/tasks/JdkImageInput$generatedModuleFile$1
instanceKlass com/android/build/gradle/tasks/JdkImageInput
instanceKlass com/android/build/gradle/internal/dependency/JdkImageTransformKt$getJdkImageFromTransform$1$1
instanceKlass com/android/build/gradle/internal/dependency/JdkImageTransformKt$getJdkImageFromTransform$1
instanceKlass com/android/build/gradle/internal/dependency/JdkImageTransform$Parameters_Decorated
instanceKlass com/android/build/gradle/internal/dependency/JdkImageTransform$Parameters
instanceKlass com/android/build/gradle/internal/dependency/JdkImageTransformKt$registerJdkImageTransform$1
instanceKlass com/android/build/gradle/internal/dependency/JdkImageTransform
instanceKlass com/android/build/gradle/internal/dependency/JdkImageTransformKt
instanceKlass com/android/sdklib/SdkVersionInfo
instanceKlass com/android/sdklib/AndroidTargetHash
instanceKlass com/android/build/api/variant/impl/LayeredSourceDirectoriesImpl$getAscendingOrderAssetSets$1
instanceKlass com/android/ide/common/resources/DataSet
instanceKlass com/android/ide/common/resources/DataMap
instanceKlass com/android/ide/common/resources/SourceSet
instanceKlass com/android/ide/common/resources/FileValidity
instanceKlass com/android/build/gradle/internal/signing/SigningConfigData$Companion
instanceKlass com/android/build/gradle/internal/signing/SigningConfigProviderParams
instanceKlass com/android/build/gradle/internal/signing/SigningConfigData
instanceKlass com/android/build/api/variant/impl/FilterConfigurationImpl
instanceKlass com/android/build/api/variant/impl/BuiltArtifactImpl
instanceKlass com/android/ide/common/build/CommonBuiltArtifact
instanceKlass com/android/build/api/variant/BuiltArtifact
instanceKlass com/android/build/api/variant/impl/VariantOutputImpl$SerializedForm
instanceKlass org/gradle/api/internal/AbstractTask$20
instanceKlass org/gradle/api/internal/AbstractTask$14
instanceKlass com/android/build/api/artifact/impl/InAndOutDirectoryOperationRequestImpl$Companion$initializeInput$1$1
instanceKlass com/android/build/gradle/tasks/PackageAndroidArtifactKt$getPageSize$2
instanceKlass com/android/build/gradle/tasks/PackageAndroidArtifactKt
instanceKlass com/android/build/gradle/internal/signing/SigningConfigDataProvider$Companion
instanceKlass com/android/build/api/variant/impl/MultiOutputHandlerImplBase
instanceKlass com/android/build/api/variant/MultiOutputHandler$Companion
instanceKlass com/android/build/gradle/tasks/PackageAndroidArtifact$CreationAction$configure$1
instanceKlass com/android/build/api/variant/MultiOutputHandler
instanceKlass com/android/build/gradle/internal/signing/SigningConfigDataProvider
instanceKlass com/android/build/api/variant/impl/BuiltArtifactsImpl
instanceKlass com/android/build/api/variant/BuiltArtifacts
instanceKlass com/android/ide/common/build/CommonBuiltArtifacts
instanceKlass com/android/build/gradle/internal/tasks/VariantTask$ConfigureAction
instanceKlass com/android/build/gradle/internal/tasks/UsesAnalytics$ConfigureAction
instanceKlass com/android/build/gradle/internal/tasks/BaseTask$ConfigureAction
instanceKlass com/android/build/gradle/internal/tasks/BuildAnalyzer
instanceKlass com/android/build/gradle/internal/BuildToolsExecutableInput
instanceKlass com/android/build/gradle/internal/UsesSdkComponentsBuildService
instanceKlass com/android/builder/testing/api/DeviceConnector
instanceKlass com/android/ddmlib/IShellEnabledDevice
instanceKlass com/android/build/gradle/internal/utils/DeviceApkOutput
instanceKlass org/gradle/execution/TaskNameResolver$1
instanceKlass org/gradle/execution/selection/DefaultBuildTaskSelector$ProjectResolutionResult
instanceKlass org/gradle/internal/typeconversion/NotationConverterToNotationParserAdapter$1
instanceKlass org/gradle/api/artifacts/ComponentMetadataSupplier
instanceKlass org/gradle/api/artifacts/ComponentMetadataVersionLister
instanceKlass org/gradle/api/internal/provider/DefaultMapProperty$1
instanceKlass org/gradle/api/internal/provider/ValueSupplier$1
instanceKlass org/jetbrains/kotlin/gradle/plugin/mpp/KotlinTargetSoftwareComponentImplKt$KotlinTargetSoftwareComponent$1$1$1
instanceKlass org/jetbrains/kotlin/gradle/plugin/attributes/KlibPackaging$Companion
instanceKlass org/jetbrains/kotlin/gradle/plugin/attributes/KlibPackaging
instanceKlass java/io/Console
instanceKlass org/gradle/internal/classpath/declarations/GroovyFileInterceptors
instanceKlass java/lang/invoke/MethodHandleImpl$CountingWrapper$1
instanceKlass org/codehaus/groovy/runtime/callsite/AbstractCallSite
instanceKlass org/codehaus/groovy/runtime/callsite/BooleanReturningMethodInvoker
instanceKlass org/jetbrains/kotlin/gradle/plugin/mpp/KotlinTargetSoftwareComponentImplKt
instanceKlass org/jetbrains/kotlin/gradle/plugin/mpp/KotlinSoftwareComponentKt
instanceKlass org/jetbrains/kotlin/gradle/plugin/mpp/InternalKotlinTargetComponentKt
instanceKlass org/jetbrains/kotlin/gradle/plugin/mpp/KotlinTargetComponentWithCoordinatesAndPublication
instanceKlass org/jetbrains/kotlin/gradle/internal/utils/CollectionsKt
instanceKlass org/jetbrains/kotlin/gradle/plugin/mpp/DefaultKotlinUsageContext$1
instanceKlass org/jetbrains/kotlin/gradle/plugin/mpp/AbstractKotlinTarget$createSourcesJarAndUsageContextIfPublishable$1
instanceKlass org/jetbrains/kotlin/gradle/plugin/mpp/DefaultKotlinUsageContext$PublishOnlyIf
instanceKlass org/jetbrains/kotlin/gradle/plugin/mpp/MppSourcesJarKt
instanceKlass org/jetbrains/kotlin/gradle/plugin/KotlinTarget$DefaultImpls
instanceKlass org/jetbrains/kotlin/gradle/plugin/mpp/InternalKotlinTarget$DefaultImpls
instanceKlass org/jetbrains/kotlin/gradle/plugin/mpp/publishing/PublishingKt
instanceKlass org/jetbrains/kotlin/gradle/utils/GradleAttributesContainerUtilsKt$setAttributeProvider$1
instanceKlass org/jetbrains/kotlin/gradle/plugin/mpp/KotlinAndroidTarget$createAndroidUsageContexts$artifact$1$1
instanceKlass com/android/build/gradle/internal/api/ImmutableFlavorList$1
instanceKlass com/android/build/gradle/internal/api/ImmutableFlavorList
instanceKlass com/android/build/gradle/api/LibraryVariantOutput
instanceKlass com/android/build/gradle/internal/tasks/factory/TaskFactoryUtils$dependsOn$1$1$1
instanceKlass com/android/build/gradle/internal/tasks/factory/TaskFactoryUtils$dependsOn$2$1
instanceKlass com/android/build/gradle/internal/cxx/io/IoUtilsKt
instanceKlass com/android/build/gradle/internal/cxx/prefab/PublicationModelUtilsKt
instanceKlass com/android/build/gradle/internal/cxx/prefab/PrefabPublicationTypeKt$WhenMappings
instanceKlass com/android/build/gradle/internal/cxx/prefab/PrefabPublicationTypeKt
instanceKlass com/android/build/gradle/internal/cxx/configure/PrefabHeaderOnlyPublicationFileCreator$Params$Inject_
instanceKlass com/android/build/gradle/internal/cxx/configure/PrefabHeaderOnlyPublicationFileCreator$Params_Decorated
instanceKlass com/android/build/gradle/internal/cxx/configure/PrefabHeaderOnlyPublicationFileCreator$Params
instanceKlass com/android/build/gradle/internal/cxx/configure/PrefabHeaderOnlyPublicationFileCreatorKt$writeHeaderOnlyPublicationFile$1
instanceKlass com/android/build/gradle/internal/cxx/configure/PrefabHeaderOnlyPublicationFileCreator
instanceKlass com/android/build/gradle/internal/cxx/configure/PrefabHeaderOnlyPublicationFileCreatorKt
instanceKlass com/android/build/gradle/internal/cxx/prefab/PrefabPackagePublication
instanceKlass com/android/build/gradle/internal/cxx/prefab/PrefabPublication$Companion
instanceKlass com/android/build/gradle/internal/cxx/prefab/PrefabPublication
instanceKlass com/android/build/gradle/internal/cxx/prefab/PrefabModulePublication
instanceKlass com/android/build/gradle/internal/cxx/configure/PrefabExperimentalPackagingOptions
instanceKlass com/android/build/gradle/internal/cxx/prefab/PrefabAbiPublication
instanceKlass com/android/build/gradle/internal/cxx/prefab/CreatePublicationModelKt
instanceKlass com/android/build/gradle/internal/tasks/LintModelMetadataTask$Companion
instanceKlass com/android/build/gradle/internal/TaskManager$createVerifyLibraryResTask$1
instanceKlass com/android/build/gradle/internal/LibraryTaskManager$sam$java_util_function_Predicate$0
instanceKlass com/android/build/gradle/internal/publishing/ComponentPublishingInfo
instanceKlass com/android/build/gradle/internal/LibraryTaskManager$createBundleTask$1
instanceKlass com/android/build/gradle/internal/scope/ArtifactTypeUtil
instanceKlass com/android/build/gradle/internal/tasks/factory/features/OptimizationTaskCreationActionImpl
instanceKlass com/android/build/gradle/internal/tasks/factory/features/OptimizationTaskCreationAction
instanceKlass com/android/build/api/variant/impl/JniLibsTestedComponentPackagingImpl$testOnly$1
instanceKlass com/android/build/gradle/internal/tasks/BundleLibraryClassesInputs
instanceKlass com/android/build/gradle/internal/LibraryTaskManager$MergeResourceCallback
instanceKlass com/android/build/gradle/tasks/ProcessLibraryManifest$CreationAction$handleProvider$5
instanceKlass com/android/build/api/variant/impl/LibraryVariantImpl$aarOutputFileName$1
instanceKlass com/android/build/api/variant/AarMetadata_Decorated
instanceKlass com/android/build/api/variant/AarMetadata
instanceKlass com/android/build/gradle/internal/core/dsl/impl/VariantDslInfoImpl$initApplicationId$1
instanceKlass com/android/build/gradle/internal/core/MergedAarMetadata
instanceKlass org/gradle/api/specs/internal/ClosureSpec
instanceKlass org/gradle/api/file/ExpandDetails
instanceKlass javax/annotation/Nonnull
instanceKlass javax/annotation/meta/TypeQualifierDefault
instanceKlass com/google/common/collect/ElementTypesAreNonnullByDefault
instanceKlass com/google/errorprone/annotations/DoNotMock
instanceKlass com/android/build/gradle/internal/attribution/BuildAnalyzerIssueReporter
instanceKlass com/android/builder/model/LintOptions$Companion
instanceKlass org/codehaus/groovy/runtime/memoize/EvictableCache$Action
instanceKlass java/util/WeakHashMap$HashIterator
instanceKlass jdk/internal/jrtfs/JrtDirectoryStream$1
instanceKlass jdk/internal/jrtfs/JrtDirectoryStream
instanceKlass jdk/internal/jrtfs/JrtFileAttributes
instanceKlass jdk/internal/jimage/ImageReader$SharedImageReader$LocationVisitor
instanceKlass jdk/internal/jimage/ImageReader$Node
instanceKlass jdk/internal/jrtfs/SystemImage$2
instanceKlass java/lang/Class$Holder
instanceKlass jdk/internal/jrtfs/SystemImage
instanceKlass jdk/internal/jrtfs/JrtPath
instanceKlass groovy/beans/ListenerList
instanceKlass jdk/nio/zipfs/ZipDirectoryStream$1
instanceKlass jdk/nio/zipfs/ZipDirectoryStream
instanceKlass jdk/nio/zipfs/ZipUtils
instanceKlass java/nio/file/SimpleFileVisitor
instanceKlass jdk/nio/zipfs/ZipFileSystem$END
instanceKlass jdk/nio/zipfs/ZipConstants
instanceKlass java/nio/file/attribute/PosixFileAttributeView
instanceKlass jdk/nio/zipfs/ZipFileAttributeView
instanceKlass jdk/nio/zipfs/ZipPath
instanceKlass jdk/nio/zipfs/ZipCoder
instanceKlass sun/nio/fs/WindowsSecurity
instanceKlass sun/nio/fs/AbstractAclFileAttributeView
instanceKlass java/nio/file/attribute/AclFileAttributeView
instanceKlass java/nio/file/attribute/FileOwnerAttributeView
instanceKlass sun/nio/fs/WindowsFileSystemProvider$1
instanceKlass java/nio/file/attribute/PosixFileAttributes
instanceKlass jdk/nio/zipfs/ZipFileAttributes
instanceKlass jdk/nio/zipfs/ZipFileSystem$IndexNode
instanceKlass sun/nio/fs/WindowsLinkSupport
instanceKlass java/util/AbstractMap$SimpleEntry
instanceKlass jdk/internal/jimage/ImageBufferCache$2
instanceKlass jdk/internal/jimage/ImageBufferCache
instanceKlass java/nio/channels/AsynchronousFileChannel
instanceKlass java/nio/channels/AsynchronousChannel
instanceKlass java/nio/file/FileStore
instanceKlass java/nio/file/spi/FileSystemProvider$1
instanceKlass sun/nio/fs/WindowsUriSupport
instanceKlass org/codehaus/groovy/vmplugin/v9/ClassFinder
instanceKlass org/codehaus/groovy/GroovyExceptionInterface
instanceKlass groovy/lang/GroovyClassLoader$1
instanceKlass org/codehaus/groovy/runtime/memoize/CommonCache
instanceKlass java/util/concurrent/locks/StampedLock
instanceKlass org/codehaus/groovy/runtime/memoize/StampedCommonCache
instanceKlass org/codehaus/groovy/runtime/memoize/ValueConvertable
instanceKlass org/codehaus/groovy/control/CompilationUnit$IPrimaryClassNodeOperation
instanceKlass org/codehaus/groovy/control/CompilationUnit$ClassgenCallback
instanceKlass org/codehaus/groovy/runtime/memoize/UnlimitedConcurrentCache
instanceKlass org/codehaus/groovy/runtime/memoize/EvictableCache
instanceKlass org/codehaus/groovy/control/ProcessingUnit
instanceKlass org/codehaus/groovy/ast/stmt/LoopingStatement
instanceKlass org/codehaus/groovy/control/messages/Message
instanceKlass org/codehaus/groovy/ast/CodeVisitorSupport
instanceKlass org/codehaus/groovy/ast/GroovyClassVisitor
instanceKlass org/codehaus/groovy/transform/ErrorCollecting
instanceKlass org/codehaus/groovy/ast/expr/ExpressionTransformer
instanceKlass org/codehaus/groovy/runtime/FormatHelper
instanceKlass org/codehaus/groovy/runtime/GStringUtil
instanceKlass groovy/transform/ImmutableOptions
instanceKlass org/apache/groovy/runtime/ObjectUtil
instanceKlass org/apache/groovy/ast/tools/ImmutablePropertyUtils
instanceKlass com/android/build/gradle/internal/dsl/PrefabImpl
instanceKlass org/gradle/internal/classpath/ThrowAsUnchecked
instanceKlass org/codehaus/groovy/runtime/metaclass/DefaultMetaClassInfo$ConstantMetaClassVersioning
instanceKlass org/codehaus/groovy/runtime/metaclass/DefaultMetaClassInfo
instanceKlass org/gradle/internal/serialize/Message
instanceKlass sun/nio/cs/Surrogate
instanceKlass sun/nio/cs/Surrogate$Parser
instanceKlass org/gradle/internal/classpath/DefaultInstrumentedGroovyCallsTracker$EntryPointCallSiteImpl
instanceKlass org/gradle/internal/classpath/InstrumentedGroovyCallsTracker$EntryPointCallSite
instanceKlass org/gradle/internal/classpath/DefaultInstrumentedGroovyCallsTracker
instanceKlass org/gradle/internal/classpath/PerThreadInstrumentedGroovyCallsTracker
instanceKlass org/gradle/internal/classpath/InstrumentedGroovyCallsTracker
instanceKlass org/gradle/internal/classpath/InstrumentedGroovyCallsHelper
instanceKlass org/gradle/internal/classpath/InstrumentedGroovyCallsHelper$ThrowingCallable
instanceKlass org/gradle/internal/instrumentation/api/groovybytecode/InvocationUtils
instanceKlass org/gradle/internal/instrumentation/api/groovybytecode/MethodHandleInvocation
instanceKlass org/gradle/configuration/internal/DefaultListenerBuildOperationDecorator$1
instanceKlass org/gradle/listener/ClosureBackedMethodInvocationDispatch
instanceKlass org/gradle/model/internal/inspect/ExtractedRuleSource
instanceKlass org/gradle/model/internal/core/NodePredicate
instanceKlass org/gradle/model/internal/core/ModelView
instanceKlass org/gradle/internal/typeconversion/TransformingConverter$ResultImpl
instanceKlass org/gradle/api/internal/plugins/DefaultObjectConfigurationAction$1
instanceKlass org/gradle/internal/operations/BuildOperationDescriptor$1
instanceKlass com/android/build/gradle/internal/dsl/LibraryPublishingImpl$Companion
instanceKlass com/android/build/gradle/internal/dsl/PublishingOptionsImpl
instanceKlass com/android/build/api/dsl/MultipleVariants
instanceKlass com/android/build/gradle/internal/dsl/PrefabModuleFactory
instanceKlass com/android/build/gradle/internal/dsl/LibraryExtensionImpl$buildFeatures$1
instanceKlass com/android/build/api/dsl/Prefab
instanceKlass com/android/build/api/variant/LibraryVariant
instanceKlass com/android/build/gradle/internal/core/dsl/LibraryVariantDslInfo
instanceKlass com/android/build/gradle/internal/core/dsl/AarProducingComponentDslInfo
instanceKlass com/android/build/api/variant/LibraryVariantBuilder
instanceKlass com/android/build/api/dsl/LibraryInstallation
instanceKlass com/android/build/gradle/internal/dsl/InternalLibraryExtension
instanceKlass com/android/build/api/variant/LibraryAndroidComponentsExtension
instanceKlass com/android/build/gradle/LibraryPluginKt
instanceKlass org/gradle/internal/fingerprint/impl/DefaultFileCollectionSnapshotter$1
instanceKlass org/gradle/internal/Try$1
instanceKlass com/facebook/react/ReactRootProjectPlugin$apply$2
instanceKlass org/jetbrains/kotlin/gradle/plugin/diagnostics/RenderReportedDiagnosticsKt
instanceKlass org/jetbrains/kotlin/gradle/plugin/KotlinPluginLifecycle$ProjectConfigurationResult
instanceKlass org/jetbrains/kotlin/gradle/plugin/cocoapods/KotlinCocoapodsPlugin$Companion
instanceKlass org/jetbrains/kotlin/gradle/plugin/cocoapods/KotlinCocoapodsPlugin
instanceKlass org/jetbrains/kotlin/gradle/plugin/statistics/KotlinProjectConfigurationMetrics
instanceKlass org/jetbrains/kotlin/gradle/plugin/statistics/FusMetrics
instanceKlass org/jetbrains/kotlin/gradle/plugin/statistics/ConfigurationMetricsBuildFusParameters
instanceKlass org/jetbrains/kotlin/gradle/plugin/diagnostics/checkers/CInteropInputChecker$runChecks$2
instanceKlass org/jetbrains/kotlin/gradle/internal/tasks/ProducesKlib
instanceKlass org/jetbrains/kotlin/gradle/utils/ProviderApiUtilsKt$mapOrNull$1$1
instanceKlass org/jetbrains/kotlin/gradle/plugin/mpp/SyncLanguageSettingsWithKotlinExtensionSetupActionKt$SyncLanguageSettingsWithKotlinExtensionSetupAction$1$1
instanceKlass org/jetbrains/kotlin/gradle/plugin/mpp/SyncLanguageSettingsWithKotlinExtensionSetupActionKt$SyncLanguageSettingsWithKotlinExtensionSetupAction$1$2
instanceKlass org/jetbrains/kotlin/gradle/plugin/hierarchy/KotlinSourceSetTreeClassifier$Default
instanceKlass org/jetbrains/kotlin/gradle/plugin/mpp/KotlinMetadataCompilation
instanceKlass com/facebook/react/utils/DependencyUtils$configureRepositories$1$1$5$1
instanceKlass org/gradle/api/internal/artifacts/repositories/DefaultMavenArtifactRepository$DefaultDescriber
instanceKlass com/facebook/react/utils/DependencyUtils$mavenRepoFromUrl$2
instanceKlass com/facebook/react/utils/DependencyUtils$configureRepositories$1$1$4$1
instanceKlass com/facebook/react/utils/DependencyUtils$configureRepositories$1$1$4
instanceKlass org/gradle/api/internal/artifacts/repositories/DefaultRepositoryContentDescriptor$SpecMatcher
instanceKlass org/gradle/api/internal/artifacts/repositories/DefaultRepositoryContentDescriptor$ContentSpec
instanceKlass com/facebook/react/utils/DependencyUtils$configureRepositories$1$1$3$1
instanceKlass com/facebook/react/utils/DependencyUtils$configureRepositories$1$1$3
instanceKlass com/facebook/react/utils/DependencyUtils$configureRepositories$1
instanceKlass org/gradle/api/internal/artifacts/ivyservice/dependencysubstitution/DefaultDependencySubstitutions$AbstractDependencySubstitutionAction
instanceKlass org/gradle/api/internal/artifacts/ivyservice/dependencysubstitution/DefaultDependencySubstitutions$1
instanceKlass org/gradle/api/internal/notations/ModuleNotationValidation
instanceKlass com/facebook/react/utils/DependencyUtils$configureDependencies$1$1$1
instanceKlass com/facebook/react/utils/DependencyUtils$configureDependencies$1$1
instanceKlass com/facebook/react/utils/DependencyUtils$configureDependencies$1
instanceKlass com/facebook/react/utils/DependencyUtils$Coordinates
instanceKlass com/facebook/react/utils/DependencyUtils
instanceKlass org/jetbrains/kotlin/gradle/internal/Kapt3KotlinGradleSubpluginKt
instanceKlass org/jetbrains/kotlin/gradle/utils/ProviderApiUtilsKt$sam$i$java_util_concurrent_Callable$0
instanceKlass org/jetbrains/kotlin/gradle/plugin/mpp/compilationImpl/KotlinCompilationAssociatorKt$addAllDependenciesFromOtherConfigurations$1
instanceKlass org/jetbrains/kotlin/gradle/plugin/mpp/compilationImpl/KotlinCompilationAssociatorKt
instanceKlass org/jetbrains/kotlin/gradle/plugin/SubpluginEnvironment$Companion
instanceKlass org/jetbrains/kotlin/gradle/plugin/SubpluginEnvironment
instanceKlass org/jetbrains/kotlin/gradle/plugin/AndroidProjectHandler$wireKotlinTasks$4
instanceKlass org/jetbrains/kotlin/gradle/plugin/AndroidProjectHandler$wireKotlinTasks$3
instanceKlass org/jetbrains/kotlin/gradle/plugin/AndroidTestedVariantArtifactsFilter
instanceKlass com/android/build/gradle/internal/dependency/ArtifactCollectionWithExtraArtifact
instanceKlass com/android/build/gradle/internal/variant/BaseVariantData$getGeneratedBytecode$1
instanceKlass com/android/build/api/component/impl/ComponentUtils
instanceKlass org/jetbrains/kotlin/gradle/tasks/configuration/KaptGenerateStubsConfig$Companion
instanceKlass org/jetbrains/kotlin/gradle/plugin/AndroidProjectHandler$wireKotlinTasks$1
instanceKlass org/jetbrains/kotlin/gradle/plugin/AndroidProjectHandler$wireKotlinTasks$preJavaKotlinOutput$1
instanceKlass org/jetbrains/kotlin/gradle/plugin/AndroidProjectHandler$postprocessVariant$2
instanceKlass org/jetbrains/kotlin/gradle/plugin/KotlinPluginLifecycleImpl$executeCurrentStageAndScheduleNext$3
instanceKlass org/jetbrains/kotlin/gradle/plugin/mpp/ApplyUserDefinedAttributesKt$UserDefinedAttributesSetupAction$1$1$3
instanceKlass com/android/build/gradle/api/LibraryVariant
instanceKlass org/jetbrains/kotlin/gradle/plugin/mpp/InternalKotlinTargetKt
instanceKlass kotlin/coroutines/jvm/internal/Boxing
instanceKlass com/android/build/api/variant/impl/ArtifactMetadataProcessor$Companion$handleFinalizedByForType$1$1$1
instanceKlass com/android/build/api/variant/impl/ArtifactMetadataProcessor$Companion
instanceKlass com/android/build/api/variant/impl/ArtifactMetadataProcessor
instanceKlass kotlin/comparisons/ComparisonsKt__ComparisonsKt
instanceKlass com/android/build/gradle/internal/scope/ArtifactPublishingUtil$publishArtifactToConfiguration$1$1$1
instanceKlass com/android/build/gradle/internal/scope/ArtifactPublishingUtil$publishArtifactToConfiguration$1$1
instanceKlass com/android/build/gradle/internal/dependency/AndroidAttributes$toAttributeMapString$$inlined$sortedBy$2
instanceKlass com/android/build/gradle/internal/dependency/AndroidAttributes$toAttributeMapString$$inlined$sortedBy$1
instanceKlass com/android/build/gradle/internal/scope/ArtifactPublishingUtil$publishArtifactToConfiguration$1
instanceKlass com/android/build/gradle/internal/scope/BuildArtifactSpec$Companion
instanceKlass com/android/build/gradle/internal/scope/BuildArtifactSpec
instanceKlass com/android/build/gradle/internal/publishing/VariantPublishingSpecImpl
instanceKlass com/android/build/gradle/internal/publishing/PublishingSpecs$VariantSpec
instanceKlass com/android/build/gradle/internal/publishing/PublishingSpecsKt
instanceKlass com/android/build/gradle/internal/publishing/OutputSpecImpl
instanceKlass com/android/build/gradle/internal/publishing/PublishingSpecs$OutputSpec
instanceKlass com/android/build/gradle/internal/publishing/VariantSpecBuilderImpl
instanceKlass com/android/build/gradle/internal/publishing/PublishingSpecs$VariantSpecBuilder
instanceKlass com/android/build/gradle/internal/publishing/PublishingSpecs$Companion
instanceKlass com/android/build/gradle/internal/publishing/PublishingSpecs
instanceKlass com/android/build/gradle/internal/scope/ArtifactPublishingUtil
instanceKlass com/android/build/gradle/internal/VariantTaskManager$createAnchorAssembleTasks$4
instanceKlass com/android/build/gradle/internal/VariantTaskManager$createAnchorAssembleTasks$3
instanceKlass com/android/build/gradle/internal/utils/KgpUtils$configureKotlinCompileTasks$1
instanceKlass com/android/build/gradle/internal/VariantTaskManager$addBindingDependenciesIfNecessary$dataBindingEnabled$1
instanceKlass com/android/build/gradle/internal/VariantTaskManager$addBindingDependenciesIfNecessary$viewBindingEnabled$1
instanceKlass org/jetbrains/kotlin/gradle/tooling/IncludeKotlinToolingMetadataInApkKt$includeKotlinToolingMetadataInApk$1$1$1
instanceKlass org/jetbrains/kotlin/gradle/plugin/mpp/KotlinCompilationsKt$moduleNameForCompilation$1
instanceKlass org/jetbrains/kotlin/gradle/internal/CompilerOptionsDslHelpersKt
instanceKlass org/jetbrains/kotlin/gradle/internal/KotlinTestDependencyManagementKt$maybeAddTestDependencyCapability$1
instanceKlass org/jetbrains/kotlin/gradle/internal/StdlibDependencyManagementKt$addStdlibDependency$1$1$1
instanceKlass org/jetbrains/kotlin/gradle/plugin/sources/KotlinDependencyScopeKt$WhenMappings
instanceKlass org/jetbrains/kotlin/gradle/plugin/sources/KotlinDependencyScopeKt
instanceKlass org/jetbrains/kotlin/gradle/plugin/sources/KotlinDependencyScope$Companion
instanceKlass org/jetbrains/kotlin/gradle/plugin/mpp/InternalKotlinCompilationKt
instanceKlass org/jetbrains/kotlin/gradle/plugin/AndroidProjectHandler$preprocessVariant$2
instanceKlass org/jetbrains/kotlin/gradle/tasks/configuration/BaseKotlinCompileConfig$2$1
instanceKlass org/jetbrains/kotlin/gradle/tasks/configuration/BaseKotlinCompileConfig$1$3
instanceKlass org/jetbrains/kotlin/gradle/tasks/configuration/BaseKotlinCompileConfig$1$1
instanceKlass org/jetbrains/kotlin/gradle/tasks/configuration/BaseKotlinCompileConfig$1$classpathConfiguration$1
instanceKlass org/jetbrains/kotlin/gradle/tasks/configuration/BaseKotlinCompileConfig$registerBuildToolsApiTransformations$2
instanceKlass org/jetbrains/kotlin/gradle/plugin/diagnostics/TransformActionUsingKotlinToolingDiagnostics$Companion
instanceKlass org/jetbrains/kotlin/gradle/plugin/diagnostics/UsesKotlinToolingDiagnosticsKt
instanceKlass org/jetbrains/kotlin/gradle/tasks/configuration/BaseKotlinCompileConfig$configureCommonParameters$2
instanceKlass org/jetbrains/kotlin/gradle/tasks/configuration/BaseKotlinCompileConfig$configureCommonParameters$1
instanceKlass org/jetbrains/kotlin/gradle/internal/transforms/BuildToolsApiClasspathEntrySnapshotTransform$Parameters
instanceKlass org/jetbrains/kotlin/gradle/plugin/diagnostics/TransformActionUsingKotlinToolingDiagnostics$Parameters
instanceKlass org/jetbrains/kotlin/gradle/tasks/configuration/BaseKotlinCompileConfig$registerBuildToolsApiTransformations$1
instanceKlass org/jetbrains/kotlin/gradle/internal/transforms/BuildToolsApiClasspathEntrySnapshotTransform
instanceKlass org/jetbrains/kotlin/gradle/plugin/diagnostics/TransformActionUsingKotlinToolingDiagnostics
instanceKlass org/jetbrains/kotlin/gradle/tasks/configuration/BaseKotlinCompileConfig$1$classpathConfiguration$jvmToolchain$1
instanceKlass org/jetbrains/kotlin/gradle/tasks/configuration/AbstractKotlinCompileConfigKt$sam$org_gradle_api_Action$0
instanceKlass org/jetbrains/kotlin/gradle/plugin/KotlinCompilationWithResources
instanceKlass org/jetbrains/kotlin/gradle/plugin/internal/BuildIdService$Companion$registerIfAbsent$1$1
instanceKlass org/jetbrains/kotlin/gradle/plugin/internal/BuildIdService$Companion
instanceKlass org/jetbrains/kotlin/gradle/plugin/internal/BuildIdService
instanceKlass org/jetbrains/kotlin/gradle/plugin/BuildFinishedListenerService$Companion$registerIfAbsent$2$1$1
instanceKlass org/jetbrains/kotlin/gradle/plugin/BuildFinishedListenerService$Companion$registerIfAbsent$1
instanceKlass org/jetbrains/kotlin/gradle/plugin/BuildFinishedListenerService$Companion
instanceKlass org/jetbrains/kotlin/gradle/plugin/BuildFinishedListenerService
instanceKlass org/jetbrains/kotlin/compilerRunner/CompilerSystemPropertiesService$Companion$registerIfAbsent$2$1$1
instanceKlass org/jetbrains/kotlin/compilerRunner/CompilerSystemPropertiesService$Parameters_Decorated
instanceKlass org/jetbrains/kotlin/compilerRunner/CompilerSystemPropertiesService$Parameters
instanceKlass org/jetbrains/kotlin/compilerRunner/CompilerSystemPropertiesService$Companion$registerIfAbsent$1
instanceKlass org/jetbrains/kotlin/compilerRunner/CompilerSystemPropertiesService$Companion
instanceKlass org/jetbrains/kotlin/compilerRunner/CompilerSystemPropertiesService
instanceKlass org/jetbrains/kotlin/gradle/tasks/configuration/AbstractKotlinCompileConfigKt$explicitApiMode$1
instanceKlass org/jetbrains/kotlin/gradle/tasks/configuration/AbstractKotlinCompileConfigKt
instanceKlass org/jetbrains/kotlin/gradle/plugin/KotlinCompilationInfo
instanceKlass org/jetbrains/kotlin/gradle/plugin/KotlinCompilationInfoKt
instanceKlass org/jetbrains/kotlin/gradle/tasks/configuration/BaseKotlinCompileConfig$Companion
instanceKlass org/jetbrains/kotlin/gradle/tasks/configuration/TaskConfigAction
instanceKlass org/jetbrains/kotlin/gradle/ExternalKotlinTargetApi
instanceKlass org/jetbrains/kotlin/gradle/plugin/hierarchy/KotlinSourceSetTreeClassifierKt
instanceKlass org/jetbrains/kotlin/gradle/plugin/hierarchy/KotlinSourceSetTreeClassifier$Property
instanceKlass org/jetbrains/kotlin/gradle/plugin/hierarchy/KotlinSourceSetTreeClassifier
instanceKlass org/jetbrains/kotlin/gradle/plugin/mpp/KotlinJvmAndroidCompilationFactory$WhenMappings
instanceKlass org/jetbrains/kotlin/gradle/plugin/KotlinCompilation$Companion
instanceKlass org/jetbrains/kotlin/gradle/dsl/KotlinJvmCompile
instanceKlass org/jetbrains/kotlin/gradle/tasks/KotlinJvmCompile
instanceKlass org/jetbrains/kotlin/gradle/tasks/KotlinCompilationTask
instanceKlass org/jetbrains/kotlin/gradle/tasks/K2MultiplatformCompilationTask
instanceKlass org/jetbrains/kotlin/gradle/dsl/KotlinCompile
instanceKlass org/jetbrains/kotlin/gradle/plugin/mpp/compilationImpl/factory/KotlinCompilationImplFactory$create$1
instanceKlass org/jetbrains/kotlin/gradle/plugin/KotlinCompilation$DefaultImpls
instanceKlass org/jetbrains/kotlin/gradle/plugin/mpp/InternalKotlinCompilation$DefaultImpls
instanceKlass org/jetbrains/kotlin/gradle/plugin/mpp/KotlinCompilationsKt$addSourcesToKotlinCompileTask$1
instanceKlass org/jetbrains/kotlin/gradle/tasks/BaseKotlinCompile
instanceKlass org/jetbrains/kotlin/gradle/plugin/internal/UsesBuildIdProviderService
instanceKlass org/jetbrains/kotlin/gradle/plugin/UsesBuildFinishedListenerService
instanceKlass org/jetbrains/kotlin/compilerRunner/UsesCompilerSystemPropertiesService
instanceKlass org/jetbrains/kotlin/gradle/incremental/UsesIncrementalModuleInfoBuildService
instanceKlass org/jetbrains/kotlin/gradle/report/UsesBuildMetricsService
instanceKlass org/jetbrains/kotlin/gradle/tasks/CompileUsingKotlinDaemonWithNormalization
instanceKlass org/jetbrains/kotlin/gradle/tasks/CompileUsingKotlinDaemon
instanceKlass org/jetbrains/kotlin/gradle/plugin/sources/DefaultKotlinSourceSet$special$$inlined$Iterable$1
instanceKlass org/jetbrains/kotlin/tooling/core/Extras$Entry$Companion
instanceKlass org/jetbrains/kotlin/tooling/core/Extras$Entry
instanceKlass org/jetbrains/kotlin/gradle/plugin/mpp/DefaultKotlinCompilationOutput$allOutputs$1$1
instanceKlass org/jetbrains/kotlin/gradle/plugin/mpp/DefaultKotlinCompilationOutput
instanceKlass org/jetbrains/kotlin/gradle/plugin/KotlinCompilationOutput
instanceKlass org/jetbrains/kotlin/gradle/plugin/mpp/compilationImpl/KotlinCompilationTaskNamesContainer
instanceKlass org/jetbrains/kotlin/gradle/plugin/mpp/compilationImpl/DefaultKotlinCompilationConfigurationsContainer
instanceKlass org/jetbrains/kotlin/gradle/plugin/mpp/compilationImpl/KotlinCompilationConfigurationsContainer
instanceKlass org/jetbrains/kotlin/gradle/plugin/mpp/compilationImpl/factory/KotlinCompilationDependencyConfigurationsFactoriesKt$WhenMappings
instanceKlass org/jetbrains/kotlin/gradle/plugin/KotlinTargetConfiguratorKt$WhenMappings
instanceKlass org/jetbrains/kotlin/gradle/plugin/ProjectLocalConfigurationsKt
instanceKlass org/jetbrains/kotlin/gradle/plugin/mpp/compilationImpl/factory/ConfigurationNaming$Default
instanceKlass org/jetbrains/kotlin/gradle/plugin/mpp/compilationImpl/factory/ConfigurationNaming
instanceKlass org/jetbrains/kotlin/gradle/plugin/mpp/compilationImpl/factory/KotlinCompilationDependencyConfigurationsFactoriesKt
instanceKlass org/jetbrains/kotlin/gradle/plugin/sources/InternalKotlinSourceSetKt
instanceKlass org/jetbrains/kotlin/gradle/plugin/mpp/compilationImpl/DefaultKotlinCompilationSourceSetsContainer
instanceKlass org/jetbrains/kotlin/gradle/plugin/mpp/compilationImpl/KotlinCompilationSourceSetsContainer
instanceKlass org/jetbrains/kotlin/gradle/plugin/mpp/compilationImpl/KotlinCompilationSourceSetsContainerKt
instanceKlass org/jetbrains/kotlin/gradle/plugin/sources/android/KotlinAndroidSourceSetNaming$DefaultImpls
instanceKlass org/jetbrains/kotlin/gradle/plugin/mpp/compilationImpl/KotlinCompilationImpl$Params
instanceKlass org/jetbrains/kotlin/gradle/plugin/mpp/compilationImpl/KotlinCompilationImpl
instanceKlass org/jetbrains/kotlin/gradle/plugin/mpp/compilationImpl/factory/KotlinCompilationImplFactory$KotlinCompilerOptionsFactory$Options
instanceKlass org/jetbrains/kotlin/gradle/plugin/mpp/compilationImpl/factory/KotlinJvmCompilerOptionsFactory$create$kotlinOptions$1
instanceKlass org/jetbrains/kotlin/gradle/plugin/mpp/compilationImpl/factory/KotlinJvmCompilerOptionsFactory$create$compilerOptions$1
instanceKlass org/jetbrains/kotlin/gradle/plugin/HasCompilerOptions
instanceKlass org/jetbrains/kotlin/gradle/plugin/mpp/KotlinCompilationFactory$DefaultImpls
instanceKlass org/jetbrains/kotlin/gradle/plugin/AndroidProjectHandlerKt
instanceKlass org/jetbrains/kotlin/gradle/plugin/mpp/compilationImpl/factory/CompositePostConfigure
instanceKlass org/jetbrains/kotlin/gradle/plugin/mpp/compilationImpl/KotlinCompilationCompilerOptionsFromTargetConfigurator
instanceKlass org/jetbrains/kotlin/gradle/plugin/mpp/compilationImpl/KotlinCompilationRegisterInSourceSetsConfigurator
instanceKlass org/jetbrains/kotlin/gradle/plugin/mpp/compilationImpl/factory/KotlinCompilationImplFactory$PostConfigure$Companion
instanceKlass org/jetbrains/kotlin/gradle/plugin/mpp/compilationImpl/factory/KotlinCompilationImplFactory$PostConfigure
instanceKlass org/jetbrains/kotlin/gradle/plugin/mpp/compilationImpl/DefaultKotlinCompilationPostConfigureKt
instanceKlass org/jetbrains/kotlin/gradle/plugin/mpp/compilationImpl/factory/DefaultProcessResourcesTaskNameFactory
instanceKlass org/jetbrains/kotlin/gradle/plugin/mpp/compilationImpl/factory/KotlinCompilationImplFactory$ProcessResourcesTaskNameFactory
instanceKlass org/jetbrains/kotlin/gradle/plugin/mpp/compilationImpl/factory/DefaultKotlinCompilationTaskNamesContainerFactory
instanceKlass org/jetbrains/kotlin/gradle/plugin/mpp/compilationImpl/factory/KotlinCompilationImplFactory$KotlinCompilationTaskNamesContainerFactory
instanceKlass org/jetbrains/kotlin/gradle/plugin/mpp/compilationImpl/factory/DefaultKotlinCompilationOutputFactory
instanceKlass org/jetbrains/kotlin/gradle/plugin/mpp/compilationImpl/factory/KotlinCompilationImplFactory$KotlinCompilationOutputFactory
instanceKlass org/jetbrains/kotlin/gradle/plugin/mpp/compilationImpl/KotlinCompilationSourceSetInclusion$DefaultAddSourcesToCompileTask
instanceKlass org/jetbrains/kotlin/gradle/plugin/mpp/compilationImpl/KotlinCompilationSourceSetInclusion$AddSourcesToCompileTask
instanceKlass org/jetbrains/kotlin/gradle/plugin/mpp/compilationImpl/KotlinCompilationSourceSetInclusion$Companion
instanceKlass org/jetbrains/kotlin/gradle/plugin/mpp/compilationImpl/KotlinCompilationSourceSetInclusion
instanceKlass org/jetbrains/kotlin/gradle/plugin/mpp/compilationImpl/factory/DefaultKotlinCompilationDependencyConfigurationsFactory
instanceKlass org/jetbrains/kotlin/gradle/plugin/mpp/compilationImpl/factory/KotlinCompilationImplFactory$KotlinCompilationDependencyConfigurationsFactory
instanceKlass org/jetbrains/kotlin/gradle/plugin/mpp/compilationImpl/factory/KotlinCompilationImplFactory
instanceKlass org/jetbrains/kotlin/gradle/plugin/mpp/compilationImpl/KotlinCompilationLanguageSettingsConfigurator
instanceKlass org/jetbrains/kotlin/gradle/plugin/mpp/compilationImpl/factory/KotlinCompilationImplFactory$PreConfigure
instanceKlass org/jetbrains/kotlin/gradle/plugin/mpp/compilationImpl/factory/AndroidCompilationSourceSetsContainerFactory
instanceKlass org/jetbrains/kotlin/gradle/plugin/mpp/compilationImpl/factory/KotlinCompilationImplFactory$KotlinCompilationSourceSetsContainerFactory
instanceKlass org/jetbrains/kotlin/gradle/plugin/mpp/compilationImpl/KotlinAndroidCompilationAssociator
instanceKlass org/jetbrains/kotlin/gradle/plugin/mpp/compilationImpl/KotlinCompilationAssociator
instanceKlass org/jetbrains/kotlin/gradle/plugin/mpp/compilationImpl/DefaultKotlinCompilationFriendPathsResolver$CompositeFriendArtifactResolver
instanceKlass org/jetbrains/kotlin/gradle/plugin/mpp/compilationImpl/DefaultKotlinCompilationFriendPathsResolver$AdditionalAndroidFriendArtifactResolver
instanceKlass org/jetbrains/kotlin/gradle/plugin/mpp/compilationImpl/DefaultKotlinCompilationFriendPathsResolver$DefaultFriendArtifactResolver
instanceKlass org/jetbrains/kotlin/gradle/plugin/mpp/compilationImpl/DefaultKotlinCompilationFriendPathsResolver$FriendArtifactResolver$Companion
instanceKlass org/jetbrains/kotlin/gradle/plugin/mpp/compilationImpl/DefaultKotlinCompilationFriendPathsResolver$FriendArtifactResolver
instanceKlass org/jetbrains/kotlin/gradle/plugin/mpp/compilationImpl/DefaultKotlinCompilationFriendPathsResolver
instanceKlass org/jetbrains/kotlin/gradle/plugin/mpp/compilationImpl/KotlinCompilationFriendPathsResolver
instanceKlass org/jetbrains/kotlin/gradle/plugin/mpp/compilationImpl/factory/KotlinJvmCompilerOptionsFactory
instanceKlass org/jetbrains/kotlin/gradle/plugin/mpp/compilationImpl/factory/KotlinCompilationImplFactory$KotlinCompilerOptionsFactory
instanceKlass org/jetbrains/kotlin/gradle/plugin/mpp/KotlinJvmAndroidCompilationFactory
instanceKlass org/jetbrains/kotlin/gradle/plugin/mpp/KotlinCompilationFactory
instanceKlass org/gradle/model/Managed
instanceKlass com/android/build/gradle/internal/ide/FilterDataImpl
instanceKlass com/android/build/gradle/internal/scope/GradleAwareFilterData
instanceKlass com/android/build/FilterData
instanceKlass com/android/build/api/variant/FilterConfiguration
instanceKlass com/android/build/api/component/impl/OldVariantApiLegacySupportImpl$getVariantOutputs$1
instanceKlass com/android/build/gradle/internal/api/BaseVariantOutputImpl
instanceKlass com/android/build/gradle/api/ApkVariantOutput
instanceKlass com/android/build/gradle/internal/dsl/VariantOutputFactory
instanceKlass com/android/build/gradle/internal/api/BaseVariantImpl
instanceKlass com/android/build/gradle/internal/ApiObjectFactory
instanceKlass com/android/build/gradle/internal/dependency/RecalculateStackFramesTransform$Companion$registerRecalculateStackFramesTransform$1$2
instanceKlass com/android/build/gradle/internal/dependency/RecalculateStackFramesTransform$Companion$registerRecalculateStackFramesTransform$1$1
instanceKlass com/android/build/gradle/internal/dependency/RecalculateStackFramesTransform$Parameters_Decorated
instanceKlass com/android/build/gradle/internal/dependency/RecalculateStackFramesTransform$Parameters
instanceKlass com/android/build/gradle/internal/dependency/RecalculateStackFramesTransform$Companion$registerRecalculateStackFramesTransform$1
instanceKlass com/android/build/gradle/internal/dependency/AgpVersionCompatibilityRule
instanceKlass com/android/build/gradle/internal/dependency/ModelArtifactCompatibilityRule$Companion$setUp$1
instanceKlass com/android/build/gradle/internal/dependency/ModelArtifactCompatibilityRule$Companion
instanceKlass com/android/build/gradle/internal/dependency/ModelArtifactCompatibilityRule
instanceKlass com/android/build/gradle/internal/DependencyConfigurator$setBuildTypeStrategy$2
instanceKlass com/android/build/gradle/internal/dependency/VariantConsumptionDisambiguationRule
instanceKlass com/android/build/gradle/internal/DependencyConfigurator$setBuildTypeStrategy$1
instanceKlass com/android/build/gradle/internal/dependency/AlternateCompatibilityRule
instanceKlass com/android/build/gradle/internal/dependency/DexingOutputSplitTransformKt$registerTransformWithOutputType$1$WhenMappings
instanceKlass com/android/build/gradle/internal/dependency/DexingOutputSplitTransformKt$registerTransformWithOutputType$1$1
instanceKlass com/android/build/gradle/internal/dependency/DexingOutputSplitTransform$Parameters_Decorated
instanceKlass com/android/build/gradle/internal/dependency/DexingOutputSplitTransform$Parameters
instanceKlass com/android/build/gradle/internal/dependency/DexingOutputSplitTransformKt$registerTransformWithOutputType$1
instanceKlass com/android/build/gradle/internal/dependency/DexingOutputSplitTransform
instanceKlass com/android/build/gradle/internal/dependency/DexingOutputSplitTransformKt
instanceKlass com/android/build/gradle/internal/dependency/EnumerateClassesTransform
instanceKlass com/android/build/gradle/internal/DependencyConfigurator$configureVariantTransforms$3$2$1
instanceKlass com/android/build/gradle/internal/DependencyConfigurator$configureVariantTransforms$3$2
instanceKlass com/android/build/gradle/internal/DependencyConfigurator$configureVariantTransforms$3$1$1
instanceKlass com/android/build/gradle/internal/utils/D8BackportedMethodsGenerator$Parameters_Decorated
instanceKlass com/android/build/gradle/internal/utils/D8BackportedMethodsGenerator$Parameters
instanceKlass com/android/build/gradle/internal/DependencyConfigurator$configureVariantTransforms$3$1
instanceKlass com/android/build/gradle/internal/utils/D8BackportedMethodsGenerator
instanceKlass com/android/builder/files/SerializableFileChanges
instanceKlass com/android/build/gradle/internal/dependency/DesugarGraph
instanceKlass com/android/builder/dexing/DependencyGraphUpdater
instanceKlass com/android/build/gradle/internal/dependency/BaseDexingTransform$Parameters_Decorated
instanceKlass com/android/build/gradle/internal/dependency/BaseDexingTransform$Parameters
instanceKlass com/android/build/gradle/internal/dependency/DexingRegistration$registerTransform$1
instanceKlass com/android/build/gradle/internal/dependency/BaseDexingTransform
instanceKlass com/android/build/gradle/internal/dependency/DexingRegistration$ComponentSpecificParameters$Companion
instanceKlass com/android/build/gradle/internal/dependency/DexingRegistration$ComponentSpecificParameters
instanceKlass com/android/build/gradle/internal/dependency/DexingRegistration$ComponentAgnosticParameters
instanceKlass com/android/build/gradle/internal/utils/DesugarLibUtils$getDesugarLibConfigFromTransform$1$1
instanceKlass com/android/build/gradle/internal/utils/DesugarLibUtils$getDesugarLibConfigFromTransform$1
instanceKlass com/android/build/gradle/internal/utils/DesugarLibUtils$registerDesugarLibConfigExtractorTransformIfAbsent$1
instanceKlass com/android/build/gradle/internal/utils/DesugarLibConfigExtractor
instanceKlass com/android/build/gradle/internal/utils/DesugarLibUtils
instanceKlass com/android/build/gradle/internal/dependency/DexingRegistration
instanceKlass com/android/build/gradle/internal/scope/BootClasspathBuilder$computeClasspath$1
instanceKlass com/android/build/gradle/internal/tasks/factory/BootClasspathConfigImpl$sam$org_gradle_api_Transformer$0
instanceKlass com/android/build/gradle/internal/scope/BootClasspathBuilder
instanceKlass com/android/build/gradle/internal/dependency/RecalculateStackFramesTransform$Companion
instanceKlass com/android/build/gradle/internal/dependency/RecalculateStackFramesTransform
instanceKlass com/android/build/gradle/internal/dependency/AsmClassesTransform$Companion
instanceKlass com/android/build/gradle/internal/dependency/AsmClassesTransform
instanceKlass com/android/build/gradle/internal/dependency/CollectClassesTransform
instanceKlass com/android/build/gradle/internal/dependency/CollectResourceSymbolsTransform
instanceKlass com/android/build/gradle/internal/dependency/ClassesDirToClassesTransform
instanceKlass com/android/build/gradle/internal/DependencyConfigurator$configureGeneralTransforms$13
instanceKlass com/android/build/gradle/internal/dependency/ExtractJniTransform
instanceKlass com/android/build/gradle/internal/dependency/IdentityTransform$Parameters_Decorated
instanceKlass com/android/build/gradle/internal/dependency/IdentityTransform$Parameters
instanceKlass com/android/build/gradle/internal/dependency/IdentityTransform
instanceKlass com/android/build/gradle/internal/dependency/LibrarySymbolTableTransform
instanceKlass com/android/build/gradle/internal/dependency/ExtractProGuardRulesTransform$Companion
instanceKlass com/android/build/gradle/internal/dependency/ExtractProGuardRulesTransform
instanceKlass com/android/build/gradle/internal/DependencyConfigurator$configureGeneralTransforms$9$1
instanceKlass com/android/build/gradle/internal/DependencyConfigurator$configureGeneralTransforms$9
instanceKlass com/android/build/gradle/internal/dependency/AarToClassTransform$Companion
instanceKlass com/android/build/gradle/internal/DependencyConfigurator$configureGeneralTransforms$8$1
instanceKlass com/android/build/gradle/internal/dependency/AarToClassTransform$Params_Decorated
instanceKlass com/android/build/gradle/internal/dependency/AarToClassTransform$Params
instanceKlass com/android/build/gradle/internal/DependencyConfigurator$configureGeneralTransforms$8
instanceKlass com/android/build/gradle/internal/dependency/AarToClassTransform
instanceKlass com/android/build/gradle/internal/services/Aapt2Input_Decorated
instanceKlass com/android/build/gradle/internal/dependency/AarResourcesCompilerTransform$Parameters_Decorated
instanceKlass com/android/build/gradle/internal/services/Aapt2Input
instanceKlass com/android/build/gradle/internal/services/UsesAapt2ThreadPoolBuildService
instanceKlass com/android/build/gradle/internal/services/UsesAapt2DaemonBuildService
instanceKlass com/android/build/gradle/internal/dependency/AarResourcesCompilerTransform$Parameters
instanceKlass com/android/build/gradle/internal/dependency/AarResourcesCompilerTransform
instanceKlass com/android/build/gradle/internal/dependency/AarTransform$Parameters_Decorated
instanceKlass com/android/build/gradle/internal/dependency/AarTransform$Parameters
instanceKlass com/android/build/gradle/internal/DependencyConfigurator$configureGeneralTransforms$6
instanceKlass com/android/build/gradle/internal/dependency/AarTransform$Companion
instanceKlass com/android/build/gradle/internal/dependency/AarTransform
instanceKlass com/android/build/gradle/internal/dependency/PlatformAttrTransform
instanceKlass com/android/build/gradle/internal/DependencyConfigurator$configureGeneralTransforms$5
instanceKlass com/android/build/gradle/internal/dependency/MockableJarTransform$Parameters_Decorated
instanceKlass com/android/build/gradle/internal/dependency/MockableJarTransform$Parameters
instanceKlass com/android/build/gradle/internal/DependencyConfigurator$configureGeneralTransforms$4
instanceKlass com/android/build/gradle/internal/dependency/MockableJarTransform
instanceKlass com/android/build/gradle/internal/utils/HasConfigurableValuesKt
instanceKlass com/android/build/gradle/internal/DependencyConfigurator$registerTransform$1
instanceKlass com/android/build/gradle/internal/dependency/ExtractAarTransform
instanceKlass com/android/build/gradle/internal/DependencyConfigurator$configureGeneralTransforms$3
instanceKlass com/android/build/gradle/internal/publishing/AarOrJarTypeToConsume
instanceKlass com/android/build/gradle/internal/publishing/ProcessedArtifactUtils
instanceKlass com/android/build/gradle/internal/DependencyConfigurator$Companion
instanceKlass com/android/build/gradle/internal/DependencyConfigurator
instanceKlass com/android/build/gradle/tasks/ExternalNativeCleanTaskKt
instanceKlass com/android/build/gradle/internal/cxx/gradle/generator/CxxConfigurationModel
instanceKlass com/android/build/gradle/tasks/ExternalNativeBuildTaskKt$createWorkingCxxBuildTask$1$handleProvider$1
instanceKlass com/android/build/gradle/tasks/ExternalNativeBuildTaskKt
instanceKlass com/android/build/gradle/internal/tasks/factory/TaskFactoryUtils$dependsOn$3$1
instanceKlass com/android/build/gradle/tasks/ExternalNativeBuildJsonTaskKt
instanceKlass com/android/build/gradle/internal/cxx/configure/CxxTaskDependencyModel
instanceKlass com/android/build/gradle/internal/cxx/configure/CxxGradleTaskModel
instanceKlass com/android/build/gradle/internal/cxx/configure/CxxConfigurationFolding$createBuildTask$2
instanceKlass com/android/build/gradle/internal/cxx/configure/CxxConfigurationFolding$createBuildTask$1
instanceKlass com/android/build/gradle/internal/cxx/configure/CxxConfigurationFolding$buildTaskNameOf$1
instanceKlass com/android/build/gradle/internal/cxx/configure/CxxConfigurationFolding$createConfigurationTask$2
instanceKlass com/android/build/gradle/internal/cxx/configure/CxxConfigurationFolding$createConfigurationTask$1
instanceKlass com/android/build/gradle/internal/cxx/configure/CxxConfigurationFolding$configureTaskNameOf$1
instanceKlass com/android/build/gradle/internal/cxx/configure/CxxConfigurationFoldingKt$WhenMappings
instanceKlass com/android/build/gradle/internal/cxx/configure/CxxConfigurationFoldingKt
instanceKlass com/android/build/gradle/internal/cxx/configure/CxxConfigurationFolding
instanceKlass com/google/gson/internal/Streams
instanceKlass com/google/gson/internal/bind/TypeAdapters$29
instanceKlass com/google/gson/InstanceCreator
instanceKlass com/google/gson/JsonDeserializer
instanceKlass com/google/gson/JsonSerializer
instanceKlass com/android/build/gradle/internal/cxx/json/JsonHelpersKt
instanceKlass com/android/build/gradle/internal/cxx/hashing/HashHelpersKt
instanceKlass com/android/build/gradle/internal/cxx/cmake/CmakeLanguageKt
instanceKlass com/android/build/gradle/internal/cxx/settings/SettingsEnvironmentNameResolver$Match
instanceKlass com/android/build/gradle/internal/cxx/settings/SettingsEnvironmentNameResolver$resolve$1
instanceKlass com/android/build/gradle/internal/cxx/settings/Token
instanceKlass com/android/build/gradle/internal/cxx/settings/ParseMacroStringKt$WhenMappings
instanceKlass com/android/build/gradle/internal/cxx/settings/ParseMacroStringKt
instanceKlass com/android/build/gradle/internal/cxx/settings/RewriteConfiguration
instanceKlass com/android/build/gradle/internal/cxx/settings/SettingsEnvironmentNameResolver
instanceKlass com/android/build/gradle/internal/cxx/configure/CommandLineArgument$CmakeGeneratorName$Companion
instanceKlass com/android/build/gradle/internal/cxx/configure/CommandLineArgument$CmakeBinaryOutputPath$Companion
instanceKlass com/android/build/gradle/internal/cxx/configure/CommandLineArgument$CmakeListsPath$Companion
instanceKlass com/android/build/gradle/internal/cxx/settings/CxxAbiModelSettingsRewriterKt$WhenMappings
instanceKlass com/android/build/gradle/internal/cxx/settings/SettingsConfigurationKt
instanceKlass com/android/build/gradle/internal/cxx/settings/SettingsKt
instanceKlass com/android/build/gradle/internal/cxx/settings/SettingsFactoryKt
instanceKlass com/android/build/gradle/internal/cxx/settings/MergeSettingsKt
instanceKlass com/android/build/gradle/internal/cxx/settings/SettingsEnvironment
instanceKlass com/android/build/gradle/internal/cxx/model/CxxVariantModelKt
instanceKlass com/android/repository/Revision$1
instanceKlass com/android/build/gradle/internal/cxx/configure/CmakeVersionRequirements
instanceKlass com/android/build/gradle/internal/cxx/model/CxxCmakeModuleModelKt
instanceKlass com/android/build/gradle/internal/cxx/model/MetaModelKt$WhenMappings
instanceKlass com/android/build/gradle/internal/cxx/model/MetaModelKt
instanceKlass com/android/build/gradle/internal/cxx/settings/LookupSettingFromModelKt
instanceKlass com/android/build/gradle/internal/cxx/settings/NameTable
instanceKlass com/android/build/gradle/internal/cxx/settings/Settings
instanceKlass com/android/build/gradle/internal/cxx/settings/SettingsConfigurationVariable
instanceKlass com/android/build/gradle/internal/cxx/model/CxxAbiModelKt
instanceKlass com/android/build/gradle/internal/cxx/settings/BuiltInSettingsJsonKt$WhenMappings
instanceKlass com/android/build/gradle/internal/cxx/settings/BuiltInSettingsJsonKt
instanceKlass com/android/build/gradle/internal/cxx/settings/CxxAbiModelSettingsRewriterKt
instanceKlass com/android/build/gradle/internal/cxx/settings/BuildSettingsConfiguration
instanceKlass com/android/build/gradle/internal/cxx/settings/BuildSettingsFactoryKt
instanceKlass com/android/build/gradle/internal/cxx/model/CxxCmakeAbiModel
instanceKlass com/android/build/gradle/internal/cxx/settings/SettingsConfiguration
instanceKlass com/android/build/gradle/internal/cxx/model/CreateCxxAbiModelKt$WhenMappings
instanceKlass com/android/build/gradle/internal/cxx/hashing/MessageDigestKt
instanceKlass com/android/build/gradle/internal/cxx/model/CreateCxxAbiModelKt
instanceKlass com/android/build/gradle/internal/cxx/model/CxxVariantModel
instanceKlass com/android/build/gradle/internal/cxx/configure/CommandLineArgument$DefineProperty$Companion
instanceKlass com/android/build/gradle/internal/cxx/configure/CommandLineArgument
instanceKlass com/android/build/gradle/internal/cxx/configure/BuildSystemCommandLineKt
instanceKlass com/android/build/gradle/internal/cxx/model/CxxModuleModelKt$WhenMappings
instanceKlass com/android/build/gradle/internal/cxx/model/CxxModuleModelKt
instanceKlass com/android/build/gradle/internal/cxx/configure/AbiConfiguration
instanceKlass com/android/build/gradle/internal/cxx/configure/AbiConfigurationKey
instanceKlass com/android/build/gradle/internal/cxx/configure/AbiConfigurator
instanceKlass com/android/build/gradle/internal/cxx/model/CreateCxxVariantModelKt
instanceKlass com/android/build/gradle/internal/cxx/model/CxxModuleModel
instanceKlass com/android/build/gradle/internal/cxx/model/CreateCxxModuleModelKt$WhenMappings
instanceKlass com/android/build/gradle/internal/ndk/NdkR25Info$WhenMappings
instanceKlass com/android/build/gradle/internal/cxx/model/CxxCmakeModuleModel
instanceKlass com/android/build/gradle/internal/cxx/settings/Macro$Companion
instanceKlass com/android/build/gradle/internal/cxx/configure/CMakeVersion$Companion
instanceKlass com/android/build/gradle/internal/cxx/configure/CmakeLocatorKt
instanceKlass com/android/build/gradle/internal/SdkComponentsKt
instanceKlass com/android/build/gradle/internal/cxx/model/CxxProjectModel
instanceKlass com/android/build/gradle/internal/cxx/model/CreateCxxProjectModelKt
instanceKlass com/google/gson/internal/ConstructorConstructor$3
instanceKlass com/android/build/gradle/internal/cxx/configure/NdkMetaPlatforms$Companion
instanceKlass com/android/build/gradle/internal/cxx/configure/NdkMetaPlatforms
instanceKlass com/android/build/gradle/internal/cxx/configure/NdkSymlinkerKt
instanceKlass com/android/build/gradle/internal/cxx/model/CreateCxxModuleModelKt
instanceKlass com/android/build/gradle/internal/cxx/configure/NativeLocationsBuildService$ServiceParameters$Inject_
instanceKlass com/android/build/gradle/internal/cxx/configure/NativeLocationsBuildService$ServiceParameters_Decorated
instanceKlass com/android/build/gradle/internal/cxx/configure/NativeLocationsBuildService$ServiceParameters
instanceKlass com/android/build/gradle/internal/cxx/configure/NativeLocationsBuildService$Companion
instanceKlass com/android/build/gradle/internal/cxx/configure/NativeLocationsBuildService
instanceKlass com/android/build/gradle/internal/cxx/configure/NativeBuildSystemVariantConfig
instanceKlass com/android/build/api/variant/impl/ExternalCmakeImpl
instanceKlass com/android/build/api/component/impl/features/NativeBuildCreationConfigImpl$externalNativeBuild$2$WhenMappings
instanceKlass com/android/build/gradle/internal/cxx/configure/NativeBuildSystemVariantConfigurationKt
instanceKlass com/android/build/api/variant/impl/VariantApiExtensionsKt
instanceKlass com/android/build/gradle/internal/cxx/gradle/generator/CxxConfigurationParameters
instanceKlass com/android/build/gradle/tasks/GetPrefabFromMavenKt$getPrefabArtifact$1$1
instanceKlass com/android/build/gradle/tasks/GetPrefabFromMavenKt$getPrefabArtifact$1
instanceKlass com/android/build/gradle/tasks/GetPrefabFromMavenKt$getPrefabFromMaven$config$1
instanceKlass com/android/build/gradle/tasks/GetPrefabFromMavenKt
instanceKlass com/android/build/gradle/internal/ndk/NdkPlatform
instanceKlass com/android/build/gradle/internal/ndk/NdkInstallStatus
instanceKlass com/android/build/gradle/internal/ndk/Stl$Companion
instanceKlass com/android/build/gradle/internal/ndk/AbiInfo
instanceKlass com/android/build/gradle/internal/ndk/NullableAbiInfo
instanceKlass com/google/gson/internal/$Gson$Types$WildcardTypeImpl
instanceKlass com/android/build/gradle/internal/cxx/configure/NdkAbiFileKt
instanceKlass com/android/build/gradle/internal/cxx/configure/NdkAbiFile
instanceKlass com/android/build/gradle/internal/cxx/configure/PlatformConfigurator
instanceKlass com/android/build/gradle/internal/ndk/NdkR25Info
instanceKlass com/android/build/gradle/internal/ndk/NdkInfo
instanceKlass com/android/build/gradle/internal/cxx/configure/NdkLocatorRecord
instanceKlass org/gradle/internal/classpath/declarations/Handles
instanceKlass com/android/build/gradle/internal/cxx/configure/SdkSourceProperties$Companion
instanceKlass com/android/build/gradle/internal/cxx/configure/SdkSourceProperties
instanceKlass com/android/build/gradle/internal/cxx/logging/IssueReporterLoggingEnvironment$WhenMappings
instanceKlass com/android/build/gradle/internal/cxx/logging/LoggingMessageOrBuilder
instanceKlass com/android/build/gradle/internal/cxx/logging/LoggingMessage$LoggingLevel$1
instanceKlass com/android/build/gradle/internal/cxx/logging/LoggingMessageKt
instanceKlass com/android/build/gradle/internal/cxx/logging/LoggingEnvironmentKt
instanceKlass com/android/build/gradle/internal/cxx/configure/NdkLocatorKt
instanceKlass com/android/build/gradle/internal/SdkLocation
instanceKlass com/android/build/gradle/internal/SdkLocator$ValidationResult
instanceKlass com/android/build/gradle/internal/SdkLocator
instanceKlass com/android/build/gradle/internal/SdkComponentsBuildService$VersionedNdkHandler$stripExecutableFinderProvider$1
instanceKlass com/android/build/gradle/internal/SdkComponentsBuildService$VersionedNdkHandler$objcopyExecutableMapProvider$1
instanceKlass com/android/build/gradle/internal/SdkComponentsBuildService$VersionedNdkHandler$ndkDirectoryProvider$1
instanceKlass com/android/sdklib/repository/legacy/remote/internal/DownloadCache
instanceKlass com/android/repository/io/FileOpUtils
instanceKlass com/android/sdklib/repository/legacy/FileOp
instanceKlass com/android/sdklib/repository/legacy/LegacyDownloader
instanceKlass com/android/repository/impl/downloader/LocalFileAwareDownloader
instanceKlass com/android/repository/api/Downloader
instanceKlass com/android/build/gradle/internal/SdkLibDataFactory$getSettingsController$1
instanceKlass com/android/repository/api/SettingsController
instanceKlass java/net/Proxy
instanceKlass com/android/build/gradle/internal/SdkLibDataFactory
instanceKlass com/android/builder/sdk/SdkLibData
instanceKlass com/android/build/gradle/internal/utils/ConsoleProgressIndicatorFactory
instanceKlass com/android/build/gradle/internal/SystemPropertiesFactory
instanceKlass com/android/build/gradle/internal/EnvironmentVariablesPropertiesFactory
instanceKlass com/android/build/gradle/internal/GradleLocalPropertiesFactory$get$propertiesContent$1
instanceKlass com/android/build/gradle/internal/GradleLocalPropertiesFactory
instanceKlass com/android/repository/api/ProgressIndicator
instanceKlass com/android/builder/model/SyncIssue
instanceKlass com/android/build/gradle/internal/errors/SyncIssueReporterImpl$GlobalSyncIssueService$Parameters$Inject_
instanceKlass com/android/build/gradle/internal/cxx/gradle/generator/CxxConfigurationModelKt$WhenMappings
instanceKlass com/android/build/gradle/internal/cxx/configure/Ninja
instanceKlass com/android/build/gradle/internal/cxx/configure/ExperimentalPropertyExtensionsKt
instanceKlass com/android/build/gradle/internal/cxx/gradle/generator/NativeProjectPath
instanceKlass com/android/build/gradle/internal/cxx/gradle/generator/CxxConfigurationModelKt
instanceKlass com/android/build/gradle/internal/cxx/logging/IssueReporterLoggingEnvironmentKt
instanceKlass com/android/build/gradle/internal/cxx/logging/ThreadLoggingEnvironment$Companion$LoggerStack
instanceKlass com/android/build/gradle/internal/cxx/logging/ThreadLoggingEnvironment$Companion$BottomLoggingEnvironment
instanceKlass com/android/build/gradle/internal/cxx/logging/ThreadLoggingEnvironment$Companion$loggerStack$1
instanceKlass com/android/build/gradle/internal/cxx/logging/ThreadLoggingEnvironment$Companion
instanceKlass com/android/build/gradle/internal/cxx/logging/ThreadLoggingEnvironment
instanceKlass com/android/build/gradle/internal/cxx/logging/LoggingEnvironment
instanceKlass com/android/build/gradle/internal/cxx/configure/CxxCreateGradleTasksKt
instanceKlass com/android/build/gradle/internal/SdkComponentsBuildService$sdkDirectoryProvider$1
instanceKlass com/android/build/gradle/internal/PropertiesValueSource$Params$Inject_
instanceKlass com/android/build/gradle/internal/PropertiesValueSource$Params_Decorated
instanceKlass com/android/build/gradle/internal/PropertiesValueSource$Params
instanceKlass com/android/build/gradle/internal/cxx/configure/GradleLocalPropertiesKt$gradleLocalProperties$propertiesContent$1
instanceKlass com/android/build/gradle/internal/PropertiesValueSource
instanceKlass com/android/build/gradle/internal/cxx/configure/GradleLocalPropertiesKt
instanceKlass com/android/build/gradle/internal/ndk/NdkHandler
instanceKlass com/android/build/gradle/internal/NdkHandlerInput
instanceKlass com/android/build/gradle/internal/SdkLibDataFactory$Environment
instanceKlass com/android/build/gradle/internal/SdkComponentsBuildService$VersionedSdkLoader
instanceKlass com/android/build/gradle/internal/SdkHandler
instanceKlass com/android/build/gradle/internal/cxx/configure/NdkLocator
instanceKlass com/android/build/gradle/internal/SdkLocationSourceSet
instanceKlass com/android/build/gradle/internal/SdkComponentsBuildService$Parameters$Inject_
instanceKlass com/android/build/gradle/internal/attribution/CheckJetifierBuildService$Parameters_Decorated
instanceKlass com/android/build/gradle/internal/attribution/CheckJetifierBuildService$Parameters
instanceKlass com/android/build/gradle/internal/attribution/CheckJetifierBuildService
instanceKlass com/android/build/gradle/internal/VariantTaskManager$createReportTasks$2
instanceKlass com/android/build/gradle/internal/VariantTaskManager$createReportTasks$signingReportComponents$2
instanceKlass com/android/build/gradle/internal/VariantTaskManager$createReportTasks$signingReportComponents$1
instanceKlass com/android/build/gradle/internal/VariantTaskManager$createReportTasks$1
instanceKlass com/android/build/gradle/internal/lint/LintTaskManager$createLintTasks$7
instanceKlass com/android/build/gradle/internal/lint/LintTaskManager$createLintTasks$6
instanceKlass com/android/build/gradle/internal/lint/LintTaskManager$createLintTasks$5
instanceKlass com/android/build/gradle/internal/lint/LintTaskManager$createLintTasks$4
instanceKlass com/android/build/gradle/internal/lint/LintTaskManager$createLintTasks$lintVitalTask$1$1
instanceKlass com/android/build/gradle/internal/lint/LintTaskManager$createLintTasks$3$1
instanceKlass com/android/build/gradle/internal/lint/LintTaskManager$createLintTasks$variantLintTask$1$1
instanceKlass com/android/build/gradle/internal/lint/AndroidLintTask$SingleVariantCreationAction$Companion
instanceKlass com/android/build/gradle/internal/lint/AndroidLintTask$VariantCreationAction$Companion
instanceKlass com/android/build/gradle/internal/lint/VariantWithTests
instanceKlass com/android/build/gradle/internal/variant/DefaultFlavorComparator
instanceKlass com/android/build/gradle/internal/variant/DefaultBuildTypeComparator
instanceKlass com/android/build/gradle/internal/variant/BuildAuthorSpecifiedDefaultsFlavorComparator
instanceKlass com/android/build/gradle/internal/variant/BuildAuthorSpecifiedDefaultBuildTypeComparator
instanceKlass com/google/common/collect/AbstractMapBasedMultimap$KeySet$1
instanceKlass com/android/build/gradle/internal/HostTestTaskManager$createRunHostTestTask$1
instanceKlass org/gradle/testing/jacoco/plugins/JacocoPluginExtension
instanceKlass com/android/build/gradle/internal/HostTestTaskManager$setupAssembleTasks$2
instanceKlass com/android/build/gradle/internal/HostTestTaskManager$setupAssembleTasks$1
instanceKlass com/android/build/gradle/internal/AndroidTestTaskManager$createConnectedTestForVariant$1
instanceKlass com/android/build/gradle/internal/testing/utp/UtpDependencyUtilsKt$maybeCreateUtpConfigurations$1$1
instanceKlass com/android/build/gradle/internal/testing/utp/UtpDependencies
instanceKlass com/android/build/gradle/internal/testing/utp/UtpDependencyUtilsKt
instanceKlass com/android/ide/common/workers/ExecutorServiceAdapter
instanceKlass com/android/ide/common/workers/WorkerExecutorFacade
instanceKlass com/android/build/gradle/internal/tasks/AndroidTestTask
instanceKlass com/android/build/gradle/internal/AndroidTestTaskManager$createConnectedTestForVariant$connectedCheckSerials$1
instanceKlass com/android/build/gradle/internal/services/TaskCreationServicesImpl$sam$java_util_concurrent_Callable$0
instanceKlass com/android/build/gradle/internal/core/dsl/impl/InstrumentedTestDslInfoImpl$getInstrumentationRunner$2
instanceKlass com/android/build/gradle/internal/testing/TestData$Companion
instanceKlass com/android/build/gradle/internal/test/AbstractTestDataImpl
instanceKlass com/android/build/gradle/internal/testing/TestData
instanceKlass com/android/build/gradle/internal/lint/LintModelWriterTask$Companion
instanceKlass com/android/build/gradle/internal/lint/AndroidLintAnalysisTask$Companion
instanceKlass com/android/build/gradle/internal/AndroidTestTaskManager$createTasks$1
instanceKlass com/google/common/base/Strings
instanceKlass com/android/build/gradle/internal/tasks/featuresplit/FeatureSplitUtils
instanceKlass com/android/build/gradle/internal/core/dsl/DynamicFeatureVariantDslInfo
instanceKlass com/android/build/gradle/internal/dependency/SubtractingArtifactCollection$SubtractingArtifactResult$initFileCollection$1
instanceKlass com/android/build/gradle/internal/dependency/SubtractingArtifactCollection$SubtractingArtifactResult
instanceKlass com/android/build/gradle/internal/dependency/SubtractingArtifactCollection
instanceKlass com/android/build/gradle/internal/AndroidTestTaskManager$createVariantPreBuildTask$1
instanceKlass com/android/build/gradle/internal/tasks/PerModuleReportDependenciesTask$CreationAction$Companion
instanceKlass com/android/build/gradle/internal/tasks/ApplicationTaskManager$createDynamicBundleTask$2
instanceKlass com/android/build/gradle/internal/tasks/ApplicationTaskManager$createDynamicBundleTask$1
instanceKlass com/android/build/gradle/internal/tasks/AnchorTaskNames
instanceKlass com/android/build/gradle/internal/tasks/BundleToStandaloneApkTask$CreationAction$handleProvider$2
instanceKlass com/android/build/gradle/internal/tasks/FinalizeBundleTask$CreationAction$handleProvider$bundleNameProvider$1
instanceKlass com/android/build/gradle/internal/tasks/ApplicationTaskManager$doCreateTasksForVariant$d8DexStartupOptimizationEnabled$1
instanceKlass com/android/build/gradle/internal/tasks/ApplicationTaskManager$doCreateTasksForVariant$r8DexStartupOptimizationEnabled$1
instanceKlass com/android/build/gradle/internal/tasks/AppMetadataTaskKt
instanceKlass com/android/build/gradle/internal/tasks/ApplicationTaskManager$createBundleTask$2
instanceKlass com/android/build/gradle/internal/tasks/ApplicationTaskManager$createBundleTask$1
instanceKlass com/android/build/gradle/internal/TaskManager$createPackagingTask$3
instanceKlass com/android/build/gradle/internal/TaskManager$createPackagingTask$2
instanceKlass com/android/build/gradle/tasks/PackageApplication$Companion
instanceKlass com/android/build/gradle/tasks/PackageAndroidArtifact$Companion
instanceKlass com/android/build/gradle/internal/TaskManager$createPackagingTask$1
instanceKlass com/android/build/gradle/tasks/PackageAndroidArtifact$CreationAction$Companion
instanceKlass com/android/build/gradle/internal/TaskManager$createPackagingTask$configureResourcesAndAssetsDependencies$1
instanceKlass com/android/build/api/variant/impl/SigningConfigImpl$storeType$1
instanceKlass com/android/build/api/variant/impl/SigningConfigImpl$keyPassword$1
instanceKlass com/android/build/api/variant/impl/SigningConfigImpl$keyAlias$1
instanceKlass com/android/build/api/variant/impl/SigningConfigImpl$storePassword$1
instanceKlass com/android/build/api/variant/impl/SigningConfigImpl$storeFile$1
instanceKlass com/android/build/api/variant/impl/SigningConfigImpl$enableV1Signing$1
instanceKlass com/android/build/api/variant/impl/SigningConfigImpl$enableV2Signing$1
instanceKlass com/android/build/api/variant/impl/SigningConfigImpl$enableV3Signing$1
instanceKlass com/android/build/api/variant/impl/SigningConfigImpl$enableV4Signing$1
instanceKlass com/android/build/api/artifact/impl/OperationRequestsImplKt$toAppend$2
instanceKlass com/android/build/api/artifact/impl/OperationRequestsImplKt$toAppend$1
instanceKlass com/android/build/api/artifact/impl/MultiplePropertyAdapter
instanceKlass com/android/build/gradle/internal/tasks/DexMergingTask$CreationAction$WhenMappings
instanceKlass com/android/build/gradle/internal/tasks/factory/features/DexingTaskCreationActionImpl
instanceKlass com/android/build/gradle/internal/tasks/factory/features/DexingTaskCreationAction
instanceKlass com/android/build/gradle/internal/tasks/ClassesClasspathUtils
instanceKlass com/android/ide/common/gradle/Part
instanceKlass com/android/ide/common/gradle/Version$Companion$ParseState$NUMERIC
instanceKlass com/android/ide/common/gradle/Version$Companion$ParseState$EMPTY
instanceKlass com/android/ide/common/gradle/Version$Companion$ParseState
instanceKlass com/android/ide/common/gradle/Version$Companion
instanceKlass com/android/ide/common/gradle/Version
instanceKlass kotlin/text/MatchNamedGroupCollection
instanceKlass kotlin/text/MatchGroupCollection
instanceKlass kotlin/text/MatcherMatchResult
instanceKlass kotlin/text/MatchResult
instanceKlass kotlin/text/RegexKt
instanceKlass com/android/tools/r8/internal/Ly0
instanceKlass com/android/tools/r8/Version
instanceKlass com/android/builder/dexing/R8Version
instanceKlass com/android/build/gradle/internal/dependency/ShrinkerVersion$Companion
instanceKlass com/android/build/gradle/internal/dependency/ShrinkerVersion
instanceKlass com/android/build/gradle/internal/tasks/R8VersionCheckKt
instanceKlass com/android/build/gradle/internal/services/R8D8ThreadPoolBuildService$Parameters
instanceKlass com/android/build/gradle/internal/tasks/MergeGeneratedProguardFilesCreationAction$Companion
instanceKlass com/android/build/gradle/internal/component/KmpComponentCreationConfig
instanceKlass com/android/build/gradle/internal/tasks/MergeNativeLibsTaskKt
instanceKlass com/android/build/gradle/internal/tasks/R8ResourceShrinkingParametersKt
instanceKlass com/android/build/gradle/internal/TaskManager$WhenMappings
instanceKlass com/android/build/gradle/internal/tasks/factory/features/BuildConfigTaskCreationActionImpl
instanceKlass com/android/build/gradle/internal/tasks/factory/features/BuildConfigTaskCreationAction
instanceKlass com/android/build/api/artifact/impl/OperationRequestsImplKt$toCreate$2
instanceKlass com/android/build/api/artifact/impl/OperationRequestsImplKt$toCreate$1
instanceKlass com/android/build/api/artifact/impl/OperationRequestsImplKt
instanceKlass com/android/build/api/artifact/impl/OutOperationRequestImpl
instanceKlass com/android/build/api/artifact/OutOperationRequest
instanceKlass com/android/build/gradle/internal/tasks/factory/features/AndroidResourcesTaskCreationActionImpl
instanceKlass com/android/build/gradle/internal/tasks/factory/features/AndroidResourcesTaskCreationAction
instanceKlass com/android/build/api/component/impl/features/AndroidResourcesCreationConfigImpl
instanceKlass com/android/build/api/component/impl/features/ResValuesCreationConfigImpl
instanceKlass com/android/build/gradle/internal/tasks/factory/features/ResValuesTaskCreationActionImpl
instanceKlass com/android/build/gradle/internal/tasks/factory/features/ResValuesTaskCreationAction
instanceKlass com/android/build/gradle/tasks/ProcessApplicationManifest$CreationAction$handleProvider$4
instanceKlass com/android/build/api/artifact/impl/ArtifactTransformationRequestImpl
instanceKlass com/android/build/api/artifact/ArtifactTransformationRequest
instanceKlass com/android/build/api/artifact/impl/InAndOutDirectoryOperationRequestImpl$Companion$initializeInput$1
instanceKlass com/android/build/api/artifact/impl/InAndOutDirectoryOperationRequestImpl$Companion
instanceKlass com/android/build/api/artifact/impl/InAndOutDirectoryOperationRequestImpl
instanceKlass com/android/build/api/artifact/InAndOutDirectoryOperationRequest
instanceKlass com/android/build/api/artifact/impl/TaskBasedOperationImpl
instanceKlass com/android/build/api/artifact/impl/ArtifactOperationRequest
instanceKlass com/android/build/api/artifact/TaskBasedOperation
instanceKlass com/android/build/api/artifact/Artifact$ContainsMany
instanceKlass org/gradle/api/internal/resources/FileCollectionBackedTextResource
instanceKlass com/android/build/api/component/impl/OldVariantApiLegacySupportImpl$JavaCompileOptionsForOldVariantAPI$_annotationProcessorOptions$1
instanceKlass com/android/build/api/component/impl/OldVariantApiLegacySupportImpl$JavaCompileOptionsForOldVariantAPI
instanceKlass com/android/build/gradle/internal/core/dsl/impl/SigningConfigResolver$Companion
instanceKlass com/android/build/gradle/internal/core/dsl/impl/SigningConfigResolver
instanceKlass com/android/build/api/component/impl/OldVariantApiLegacySupportImpl
instanceKlass com/android/build/gradle/internal/dependency/ProvidedClasspathSubtractor$getFileCollection$1
instanceKlass com/android/build/gradle/internal/dependency/ProvidedClasspathSubtractor
instanceKlass com/android/build/gradle/internal/dependency/ProvidedClasspath
instanceKlass com/android/build/gradle/internal/dsl/ModulePropertyKey$OptionalBoolean$Companion
instanceKlass org/gradle/api/internal/provider/DefaultMapProperty$FixedSupplier
instanceKlass com/android/build/gradle/internal/tasks/R8TaskKt
instanceKlass com/android/build/api/component/impl/features/OptimizationCreationConfigImpl
instanceKlass com/android/build/gradle/internal/dependency/VariantDependencies$Companion$getComponentFilter$4
instanceKlass com/android/build/gradle/internal/dependency/VariantDependencies$Companion$computeLocalFileDependencies$2
instanceKlass com/android/build/gradle/internal/dependency/VariantDependencies$Companion$computeLocalFileDependencies$dependencies$1
instanceKlass com/android/build/api/component/impl/ComponentImpl$computeLocalPackagedJars$1
instanceKlass com/android/build/api/artifact/impl/ScopedArtifactsImpl$ScopedArtifactsContainer
instanceKlass com/android/build/gradle/internal/dependency/AndroidAttributes
instanceKlass com/android/build/gradle/internal/publishing/AndroidArtifactsUtilKt
instanceKlass com/android/build/gradle/internal/publishing/AndroidArtifacts
instanceKlass com/android/build/gradle/internal/dependency/VariantDependencies$computeArtifactCollection$2
instanceKlass com/android/build/gradle/internal/dependency/VariantDependencies$Companion$getComponentFilter$3
instanceKlass com/android/build/gradle/internal/dependency/VariantDependencies$computeArtifactCollection$attributesAction$1
instanceKlass com/android/build/gradle/internal/dependency/VariantDependencies$WhenMappings
instanceKlass com/android/build/gradle/internal/dependency/VariantDependencies$Companion$WhenMappings
instanceKlass com/android/build/api/artifact/Artifact$Transformable
instanceKlass com/android/build/api/artifact/Artifact$Appendable
instanceKlass com/android/build/gradle/internal/instrumentation/AsmClassVisitorsFactoryRegistry
instanceKlass com/android/build/gradle/internal/component/LibraryCreationConfig
instanceKlass com/android/build/gradle/internal/dsl/InstrumentationImpl
instanceKlass com/android/build/api/component/impl/features/InstrumentationCreationConfigImpl
instanceKlass com/android/build/gradle/internal/TaskManager$createCompileAnchorTask$1
instanceKlass com/android/build/gradle/internal/TaskManager$createAnchorTasks$1
instanceKlass com/android/build/gradle/internal/tasks/AppPreBuildTask$Companion
instanceKlass com/android/build/gradle/internal/component/DynamicFeatureCreationConfig
instanceKlass com/android/build/gradle/internal/TaskManager$createAssembleTask$2
instanceKlass com/android/build/gradle/internal/TaskManager$createAssembleTask$1
instanceKlass com/android/build/api/component/impl/features/DexingImpl
instanceKlass com/android/build/gradle/internal/AndroidTestTaskManager$createTopLevelTasks$4
instanceKlass com/android/build/gradle/internal/AndroidTestTaskManager$createTopLevelTasks$3
instanceKlass com/android/build/gradle/internal/AndroidTestTaskManager$createTopLevelTasks$2
instanceKlass com/android/build/gradle/internal/AndroidTestTaskManager$createTopLevelTasks$1
instanceKlass com/android/build/gradle/internal/AndroidTestTaskManager$createMockableJarTask$1
instanceKlass com/android/build/gradle/internal/TaskManager$addAndroidJarDependency$1
instanceKlass com/android/build/gradle/internal/HostTestTaskManager$createTopLevelTasksCore$2
instanceKlass com/android/build/gradle/internal/HostTestTaskManager$createTopLevelTasksCore$1
instanceKlass com/android/build/gradle/internal/VariantTaskManager$createTasks$1
instanceKlass com/android/tools/build/jetifier/processor/com/android/tools/build/jetifier/processor/transform/java/JavaTransformer
instanceKlass com/android/tools/build/jetifier/processor/transform/proguard/ProGuardClassFilterParser$Companion
instanceKlass com/android/tools/build/jetifier/processor/transform/proguard/ProGuardClassFilterParser
instanceKlass com/android/tools/build/jetifier/processor/transform/proguard/patterns/PatternHelper
instanceKlass com/android/tools/build/jetifier/processor/transform/proguard/ProGuardClassSpecParser$Companion
instanceKlass com/android/tools/build/jetifier/processor/transform/proguard/ProGuardClassSpecParser
instanceKlass com/android/tools/build/jetifier/processor/transform/proguard/patterns/GroupsReplacer
instanceKlass com/android/tools/build/jetifier/processor/transform/proguard/patterns/ReplacersRunner
instanceKlass com/android/tools/build/jetifier/processor/transform/proguard/ProGuardTypesMapper$Companion
instanceKlass com/android/tools/build/jetifier/processor/transform/proguard/ProGuardTypesMapper
instanceKlass com/android/tools/build/jetifier/processor/transform/proguard/ProGuardTransformer
instanceKlass com/android/tools/build/jetifier/processor/transform/resource/XmlResourcesTransformer$Companion
instanceKlass com/android/tools/build/jetifier/processor/transform/resource/XmlResourcesTransformer
instanceKlass com/android/tools/build/jetifier/processor/transform/bytecode/ByteCodeTransformer
instanceKlass com/android/tools/build/jetifier/processor/transform/Transformer
instanceKlass com/android/tools/build/jetifier/core/TypeRewriter$Companion
instanceKlass com/android/tools/build/jetifier/core/TypeRewriter
instanceKlass com/android/tools/build/jetifier/processor/transform/TransformationContext
instanceKlass com/android/tools/build/jetifier/core/pom/DependencyVersions$Companion
instanceKlass com/android/tools/build/jetifier/core/pom/DependencyVersions
instanceKlass com/android/tools/build/jetifier/processor/TimestampsPolicy$Companion
instanceKlass com/android/tools/build/jetifier/processor/TimestampsPolicy
instanceKlass com/android/tools/build/jetifier/core/config/Config$Companion
instanceKlass com/android/tools/build/jetifier/core/config/Config
instanceKlass com/android/tools/build/jetifier/core/proguard/ProGuardTypesMap$Companion
instanceKlass com/android/tools/build/jetifier/core/proguard/ProGuardTypesMap
instanceKlass com/android/tools/build/jetifier/core/proguard/ProGuardType$Companion
instanceKlass com/android/tools/build/jetifier/core/proguard/ProGuardType
instanceKlass com/android/tools/build/jetifier/core/type/TypesMap$Companion
instanceKlass com/android/tools/build/jetifier/core/type/TypesMap
instanceKlass com/android/tools/build/jetifier/core/type/JavaType$Companion
instanceKlass com/android/tools/build/jetifier/core/type/JavaType
instanceKlass com/android/tools/build/jetifier/core/pom/DependencyVersionsMap$Companion
instanceKlass com/android/tools/build/jetifier/core/pom/DependencyVersionsMap
instanceKlass com/android/tools/build/jetifier/core/pom/PomRewriteRule$Companion
instanceKlass com/android/tools/build/jetifier/core/pom/PomRewriteRule
instanceKlass com/android/tools/build/jetifier/core/PackageMap$Companion
instanceKlass com/android/tools/build/jetifier/core/PackageMap
instanceKlass com/android/tools/build/jetifier/core/PackageMap$PackageRule
instanceKlass com/android/tools/build/jetifier/core/rule/RewriteRulesMap$Companion
instanceKlass com/android/tools/build/jetifier/core/rule/RewriteRulesMap
instanceKlass com/android/tools/build/jetifier/core/rule/RewriteRule$Companion
instanceKlass com/android/tools/build/jetifier/core/rule/RewriteRule
instanceKlass com/google/gson/internal/ConstructorConstructor$11
instanceKlass com/android/tools/build/jetifier/core/pom/PomDependency
instanceKlass com/android/tools/build/jetifier/core/pom/PomRewriteRule$JsonData
instanceKlass com/android/tools/build/jetifier/core/PackageMap$PackageRule$JsonData
instanceKlass com/android/tools/build/jetifier/core/rule/RewriteRule$JsonData
instanceKlass com/android/tools/build/jetifier/core/proguard/ProGuardTypesMap$JsonData
instanceKlass com/android/tools/build/jetifier/core/type/TypesMap$JsonData
instanceKlass com/android/tools/build/jetifier/core/config/Config$JsonData
instanceKlass com/android/tools/build/jetifier/core/utils/StdOutLogConsumer
instanceKlass com/android/tools/build/jetifier/core/utils/LogConsumer
instanceKlass com/android/tools/build/jetifier/core/utils/Log
instanceKlass com/google/gson/GsonBuilder
instanceKlass com/android/tools/build/jetifier/core/config/ConfigParser
instanceKlass com/android/tools/build/jetifier/processor/Processor$Companion
instanceKlass com/android/tools/build/jetifier/processor/Processor
instanceKlass com/android/tools/build/jetifier/processor/archive/ArchiveItemVisitor
instanceKlass com/android/build/gradle/internal/dependency/AndroidXDependencySubstitution
instanceKlass com/android/build/gradle/internal/VariantTaskManager$Companion
instanceKlass android/databinding/tool/writer/JavaFileWriter
instanceKlass android/databinding/tool/DataBindingBuilder
instanceKlass com/android/build/gradle/internal/tasks/factory/TaskManagerConfigImpl
instanceKlass com/android/build/api/variant/impl/SourceDirectoriesImpl$addGeneratedSourceDirectory$1
instanceKlass com/android/build/api/variant/impl/SourceDirectoriesImpl$addGeneratedSourceDirectory$mappedValue$1
instanceKlass com/facebook/react/TaskConfigurationKt$configureReactTasks$bundleTask$1
instanceKlass com/android/build/api/variant/impl/SourcesImpl$manifestOverlayFiles$1
instanceKlass com/android/build/api/variant/impl/LayeredSourceDirectoriesImpl$addAll$1
instanceKlass com/android/build/api/variant/impl/LayeredSourceDirectoriesImpl$static$1
instanceKlass com/android/build/api/variant/impl/LayeredSourceDirectoriesImpl$all$1
instanceKlass com/android/build/api/variant/impl/DirectoryEntries
instanceKlass com/android/build/api/variant/SourceDirectories$Layered
instanceKlass com/android/build/api/variant/impl/FileBasedFileEntry$asFile$1
instanceKlass com/android/build/api/variant/impl/ManifestFilesImpl$addSource$1
instanceKlass com/android/build/api/variant/impl/FileBasedFileEntry
instanceKlass com/android/build/api/variant/impl/FileEntry
instanceKlass com/android/build/api/variant/impl/ManifestFilesImpl$allStatic$1
instanceKlass com/android/build/api/variant/impl/ManifestFilesImpl$all$1
instanceKlass com/android/build/api/variant/impl/ManifestFilesImpl
instanceKlass com/android/build/api/variant/ManifestFiles
instanceKlass com/android/build/api/variant/impl/TaskProviderBasedDirectoryEntryImpl$asFiles$1
instanceKlass com/android/build/api/variant/impl/FlatSourceDirectoriesImpl$addStaticSource$1
instanceKlass com/android/build/api/variant/impl/FileBasedDirectoryEntryImpl$asFiles$1
instanceKlass com/android/build/api/variant/impl/FlatSourceDirectoriesImpl$addSource$1
instanceKlass com/android/build/api/variant/impl/TaskProviderBasedDirectoryEntryImpl
instanceKlass com/android/build/gradle/internal/core/dsl/impl/features/BuildConfigDslInfoImpl
instanceKlass com/android/build/gradle/internal/core/dsl/features/BuildConfigDslInfo
instanceKlass com/android/build/api/component/impl/features/BuildConfigCreationConfigImpl
instanceKlass com/android/build/api/variant/impl/FileBasedDirectoryEntryImpl
instanceKlass com/android/build/api/variant/impl/DirectoryEntry
instanceKlass com/android/build/api/variant/impl/SourceDirectoriesImpl
instanceKlass com/android/build/api/variant/SourceDirectories$Flat
instanceKlass com/android/build/api/variant/SourceDirectories
instanceKlass com/android/build/api/component/impl/DefaultSourcesProviderImpl
instanceKlass com/android/build/api/component/impl/DefaultSourcesProvider
instanceKlass com/android/build/api/variant/impl/JniLibsTestedApkPackagingImpl$testOnly$1
instanceKlass com/android/build/api/variant/JniLibsTestedApkPackaging
instanceKlass com/android/build/api/variant/JniLibsTestedComponentPackaging
instanceKlass com/android/build/api/variant/impl/ResourcesApkPackagingImpl$excludes$1
instanceKlass com/android/build/api/variant/JniLibsApkPackaging
instanceKlass com/android/build/api/variant/impl/DexPackagingOptionsImpl
instanceKlass com/android/build/api/variant/DexPackagingOptions
instanceKlass com/android/build/api/variant/impl/ResourcesPackagingImpl$merges$1
instanceKlass com/android/build/api/variant/impl/ResourcesPackagingImpl$pickFirsts$1
instanceKlass com/android/build/api/variant/impl/ResourcesPackagingImpl$excludes$1
instanceKlass com/android/build/api/variant/impl/ResourcesPackagingImpl
instanceKlass com/android/build/api/variant/ResourcesPackaging
instanceKlass com/android/build/api/variant/impl/JniLibsPackagingImpl$keepDebugSymbols$1
instanceKlass com/android/build/api/variant/impl/JniLibsPackagingImpl$pickFirsts$1
instanceKlass com/android/build/api/variant/impl/JniLibsPackagingImpl$excludes$1
instanceKlass com/android/build/api/variant/impl/JniLibsPackagingImpl
instanceKlass com/android/build/api/variant/JniLibsPackaging
instanceKlass com/facebook/react/TaskConfigurationKt
instanceKlass com/android/build/gradle/internal/VariantManager$createVariantsFromCombination$variantExtensionConfig$1
instanceKlass com/android/build/api/variant/VariantExtensionConfig
instanceKlass com/android/build/api/variant/impl/AndroidResourcesImplKt
instanceKlass com/android/build/gradle/internal/core/dsl/impl/features/AndroidResourcesDslInfoImpl
instanceKlass com/android/build/gradle/internal/core/dsl/features/AndroidResourcesDslInfo
instanceKlass com/android/build/gradle/internal/scope/UnitTestBuildFeatureValuesImpl
instanceKlass com/android/build/gradle/internal/core/dsl/impl/features/UnitTestOptionsDslInfoImpl
instanceKlass com/android/build/gradle/internal/core/dsl/features/UnitTestOptionsDslInfo
instanceKlass com/android/build/gradle/internal/core/dsl/HostTestComponentDslInfo
instanceKlass com/android/build/gradle/internal/core/dsl/impl/InstrumentedTestDslInfoImpl$testLabel$1
instanceKlass com/android/build/gradle/internal/core/dsl/impl/InstrumentedTestDslInfoImpl$functionalTest$2
instanceKlass com/android/build/gradle/internal/core/dsl/impl/InstrumentedTestDslInfoImpl$handleProfiling$2
instanceKlass com/android/build/gradle/internal/core/dsl/impl/InstrumentedTestDslInfoImpl
instanceKlass com/android/build/gradle/internal/core/dsl/impl/DslInfoCommonKt$getTestComponentNamespace$2$1
instanceKlass com/android/build/gradle/internal/component/DeviceTestCreationConfig
instanceKlass com/android/build/gradle/internal/component/InstrumentedTestCreationConfig
instanceKlass com/android/build/gradle/internal/dependency/ConstraintHandler$checkConfigurationAlignments$1
instanceKlass com/android/build/gradle/internal/dependency/ConstraintHandler
instanceKlass com/android/build/gradle/internal/core/dsl/impl/DslInfoCommonKt$initTestApplicationId$2
instanceKlass com/android/build/gradle/internal/core/dsl/impl/DslInfoCommonKt
instanceKlass com/android/build/gradle/internal/core/dsl/AndroidTestComponentDslInfo
instanceKlass com/android/build/gradle/internal/core/dsl/InstrumentedTestComponentDslInfo
instanceKlass com/android/build/gradle/internal/core/dsl/TestComponentDslInfo
instanceKlass com/android/build/gradle/internal/variant/ComponentInfo
instanceKlass com/android/build/gradle/internal/utils/VariantPostCreationChecksKt
instanceKlass com/android/build/api/variant/impl/VariantOutputList$Companion
instanceKlass com/android/build/api/variant/impl/ApplicationVariantImpl$addVariantOutput$1
instanceKlass com/android/build/gradle/internal/core/dsl/NestedComponentDslInfo
instanceKlass com/android/build/api/variant/impl/VariantOutputConfigurationImplKt$WhenMappings
instanceKlass com/android/build/api/variant/impl/VariantOutputConfigurationImplKt
instanceKlass com/android/build/gradle/internal/core/dsl/impl/ApplicationVariantDslInfoImpl$versionName$2$2
instanceKlass com/android/build/gradle/internal/core/dsl/impl/ApplicationVariantDslInfoImpl$versionCode$2$2
instanceKlass com/android/build/api/variant/impl/VariantOutputImpl
instanceKlass com/android/build/api/variant/VariantOutput
instanceKlass com/android/build/api/variant/impl/VariantOutputConfigurationImpl
instanceKlass com/android/build/gradle/internal/core/MergedExternalNativeCmakeOptions
instanceKlass com/android/build/gradle/internal/core/MergedExternalNativeNdkBuildOptions
instanceKlass com/android/build/gradle/internal/core/MergedExternalNativeBuildOptions
instanceKlass com/android/build/gradle/internal/core/MergedNdkConfig
instanceKlass com/android/build/gradle/internal/core/dsl/impl/features/NativeBuildDslInfoImpl
instanceKlass com/android/build/gradle/internal/core/dsl/features/NativeBuildDslInfo
instanceKlass com/android/build/api/component/impl/features/NativeBuildCreationConfigImpl
instanceKlass com/android/build/gradle/internal/variant/BaseVariantData$WhenMappings
instanceKlass com/android/build/api/variant/impl/MetadataRecord
instanceKlass com/android/build/api/variant/impl/CodeTransparencyImpl
instanceKlass com/android/build/api/variant/CodeTransparency
instanceKlass com/android/build/api/component/impl/AnnotationProcessorImpl$finalListOfClassNames$1
instanceKlass com/android/build/api/component/impl/AnnotationProcessorImpl
instanceKlass com/android/build/api/variant/AnnotationProcessor
instanceKlass com/android/build/api/component/impl/JavaCompilationImpl
instanceKlass com/android/build/gradle/internal/core/dsl/impl/VariantDslInfoImpl$namespace$1
instanceKlass com/android/build/api/variant/ResValue
instanceKlass com/android/build/gradle/internal/core/ProductFlavor
instanceKlass com/android/build/api/variant/BuildConfigField
instanceKlass com/android/build/gradle/internal/component/VariantCreationConfig$Companion
instanceKlass com/android/build/api/variant/AndroidTest
instanceKlass com/android/build/gradle/internal/component/features/ResValuesCreationConfig
instanceKlass com/android/build/gradle/internal/services/BuiltInKaptSupportMode
instanceKlass com/android/build/gradle/internal/services/BuiltInKotlinSupportMode
instanceKlass com/android/build/api/variant/JavaCompilation
instanceKlass com/android/build/gradle/internal/component/legacy/OldVariantApiLegacySupport
instanceKlass com/android/build/gradle/internal/component/features/PrivacySandboxCreationConfig
instanceKlass com/android/build/gradle/internal/component/features/InstrumentationCreationConfig
instanceKlass com/android/build/gradle/internal/component/features/AndroidResourcesCreationConfig
instanceKlass com/android/build/api/variant/Instrumentation
instanceKlass com/android/build/api/component/impl/LifecycleTasksImpl
instanceKlass com/android/build/api/variant/LifecycleTasks
instanceKlass com/android/build/api/variant/impl/SourcesImpl
instanceKlass com/android/build/api/variant/InternalSources
instanceKlass com/android/build/api/variant/Sources
instanceKlass com/android/build/api/variant/ExternalNativeBuild
instanceKlass com/android/build/gradle/internal/component/features/OptimizationCreationConfig
instanceKlass com/android/build/gradle/internal/component/features/BuildConfigCreationConfig
instanceKlass com/android/build/gradle/internal/component/features/ShadersCreationConfig
instanceKlass com/android/build/gradle/internal/component/features/RenderscriptCreationConfig
instanceKlass com/android/build/gradle/internal/component/features/NativeBuildCreationConfig
instanceKlass com/android/build/gradle/internal/component/features/ManifestPlaceholdersCreationConfig
instanceKlass com/android/build/api/component/UnitTest
instanceKlass com/android/build/api/variant/DependenciesInfo
instanceKlass com/android/build/api/variant/impl/SigningConfigImpl
instanceKlass com/android/build/api/variant/SigningConfig
instanceKlass com/android/build/api/variant/ApplicationAndroidResources
instanceKlass com/android/build/api/variant/impl/AndroidResourcesImpl
instanceKlass com/android/build/api/variant/AndroidResources
instanceKlass com/android/build/api/variant/ApkOutputProviders
instanceKlass com/android/build/api/variant/impl/BundleConfigImpl
instanceKlass com/android/build/api/variant/BundleConfig
instanceKlass com/android/build/gradle/internal/component/TestSuiteCreationConfig
instanceKlass com/android/build/gradle/internal/testsuites/TestSuite
instanceKlass com/android/build/api/variant/DeviceTest
instanceKlass com/android/build/api/variant/GeneratesTestApk
instanceKlass com/android/build/gradle/internal/component/TestFixturesCreationConfig
instanceKlass com/android/build/gradle/internal/component/AarCreationConfig
instanceKlass com/android/build/api/variant/TestFixtures
instanceKlass com/android/build/api/variant/GeneratesAar
instanceKlass com/android/build/gradle/internal/component/HostTestCreationConfig
instanceKlass com/android/build/api/variant/HostTest
instanceKlass com/android/build/gradle/internal/component/TestComponentCreationConfig
instanceKlass com/android/build/gradle/internal/component/NestedComponentCreationConfig
instanceKlass com/android/build/gradle/internal/component/TestCreationConfig
instanceKlass com/android/build/api/variant/VariantOutputConfiguration
instanceKlass com/android/build/api/variant/impl/VariantOutputList
instanceKlass com/android/build/api/variant/impl/PackagingImpl
instanceKlass com/android/build/api/variant/TestedApkPackaging
instanceKlass com/android/build/api/variant/ApkPackaging
instanceKlass com/android/build/api/variant/TestedComponentPackaging
instanceKlass com/android/build/api/variant/Packaging
instanceKlass com/android/build/api/variant/Renderscript
instanceKlass com/android/build/gradle/internal/component/features/DexingCreationConfig
instanceKlass com/android/build/api/variant/Dexing
instanceKlass com/android/build/api/variant/UnitTest
instanceKlass com/android/build/api/variant/TestComponent
instanceKlass com/android/build/gradle/internal/services/VariantBuilderServicesImpl$ValueImpl
instanceKlass com/android/build/gradle/internal/services/VariantBuilderServices$Value
instanceKlass com/android/build/api/variant/impl/DependenciesInfoBuilderImpl
instanceKlass com/android/build/api/component/impl/ComponentImpl
instanceKlass com/android/build/gradle/internal/testsuites/HasTestSuites
instanceKlass com/android/build/api/variant/impl/HasTestFixtures
instanceKlass com/android/build/api/variant/impl/HasTestSuitesCreationConfig
instanceKlass com/android/build/api/variant/impl/HasHostTestsCreationConfig
instanceKlass com/android/build/api/variant/impl/HasDeviceTestsCreationConfig
instanceKlass org/gradle/api/internal/resources/StringBackedTextResource
instanceKlass com/android/build/gradle/internal/variant/BaseVariantData$Companion
instanceKlass com/android/build/gradle/internal/variant/BaseVariantData
instanceKlass com/android/build/gradle/internal/variant/TestedVariantData
instanceKlass com/android/build/gradle/internal/scope/MutableTaskContainer
instanceKlass com/android/build/gradle/internal/scope/TaskContainer
instanceKlass com/android/build/gradle/internal/variant/VariantPathHelper$Companion
instanceKlass com/android/build/gradle/internal/variant/VariantPathHelper
instanceKlass com/android/build/gradle/internal/dependency/VariantDependencies$Companion
instanceKlass com/android/build/gradle/internal/dependency/VariantDependencies
instanceKlass com/android/build/gradle/internal/dependency/ResolutionResultProvider
instanceKlass com/android/build/gradle/internal/publishing/PublishedConfigSpec
instanceKlass com/android/build/gradle/internal/attributes/VariantAttr$Impl
instanceKlass com/android/build/gradle/internal/attributes/VariantAttr$Companion
instanceKlass com/android/build/gradle/internal/attributes/VariantAttr
instanceKlass com/android/build/gradle/internal/dependency/SourceTypeCompatibilityRule
instanceKlass com/android/build/gradle/internal/dependency/SourceTypeAttributeKt
instanceKlass com/android/build/api/attributes/BuildTypeAttr$Impl
instanceKlass org/apache/commons/lang3/text/WordUtils
instanceKlass com/android/build/api/attributes/BuildTypeAttr$Companion
instanceKlass com/android/build/api/attributes/BuildTypeAttr
instanceKlass com/android/build/api/attributes/AgpVersionAttr$Impl
instanceKlass com/android/build/api/attributes/AgpVersionAttr$Companion
instanceKlass com/android/build/api/attributes/AgpVersionAttr
instanceKlass com/android/build/gradle/internal/VariantManager$getFlavorSelection$2
instanceKlass com/android/build/gradle/internal/VariantManager$getFlavorSelection$1
instanceKlass com/android/build/gradle/internal/dependency/VariantDependenciesBuilder
instanceKlass com/android/build/gradle/internal/core/VariantSources
instanceKlass com/android/build/gradle/internal/testsuites/impl/TestSuiteBuilderImpl$Companion
instanceKlass com/android/build/gradle/internal/testsuites/impl/TestSuiteBuilderImpl
instanceKlass com/android/build/gradle/internal/dsl/ModulePropertyKey$BooleanWithDefault$Companion
instanceKlass com/android/build/gradle/internal/dsl/ModulePropertyKey
instanceKlass com/android/build/gradle/internal/core/dsl/ComponentDslInfo$DslDefinedHostTest
instanceKlass com/android/build/api/variant/impl/HostTestBuilderImpl$Companion
instanceKlass com/android/build/api/variant/impl/HostTestBuilderImpl
instanceKlass com/android/build/api/variant/impl/ApplicationAndroidResourcesBuilderImpl
instanceKlass com/android/build/gradle/internal/core/dsl/ComponentDslInfo$DslDefinedDeviceTest
instanceKlass com/android/build/api/variant/impl/DeviceTestBuilderImpl$Companion
instanceKlass com/android/build/gradle/internal/core/dsl/impl/features/DexingDslInfoImpl
instanceKlass com/android/build/gradle/internal/core/dsl/features/DexingDslInfo
instanceKlass com/android/build/gradle/internal/profile/ProfilingMode$Companion
instanceKlass com/android/build/gradle/internal/core/dsl/impl/features/OptimizationDslInfoImpl$postProcessingOptions$2$1
instanceKlass com/android/build/gradle/internal/core/PostProcessingOptions
instanceKlass com/android/build/gradle/internal/core/MergedOptimization
instanceKlass com/android/build/gradle/internal/core/dsl/impl/features/OptimizationDslInfoImpl
instanceKlass com/android/build/gradle/internal/core/dsl/features/OptimizationDslInfo
instanceKlass com/android/build/gradle/internal/core/dsl/impl/features/RenderscriptDslInfoImpl
instanceKlass com/android/build/gradle/internal/core/dsl/features/RenderscriptDslInfo
instanceKlass com/google/common/collect/Lists$ReverseList$1
instanceKlass com/android/builder/core/DefaultApiVersion
instanceKlass com/android/build/gradle/internal/core/dsl/impl/VariantDslInfoImpl$initApplicationId$2
instanceKlass com/android/build/gradle/internal/core/MergedFlavor$Companion
instanceKlass com/android/build/gradle/internal/core/InternalBaseVariant$MergedFlavor
instanceKlass com/android/build/api/annotations/ReplacedByIncubating
instanceKlass com/android/build/gradle/internal/testsuites/TestSuiteBuilder
instanceKlass com/android/build/api/variant/impl/DeviceTestBuilderImpl
instanceKlass com/android/build/api/variant/impl/MutableAndroidVersion
instanceKlass com/android/build/api/variant/AndroidVersion
instanceKlass com/android/build/api/variant/HostTestBuilder
instanceKlass com/android/build/api/variant/DependenciesInfoBuilder
instanceKlass com/android/build/api/variant/ApplicationAndroidResourcesBuilder
instanceKlass com/android/build/api/variant/AndroidResourcesBuilder
instanceKlass com/android/build/api/variant/AndroidTestBuilder
instanceKlass com/android/build/api/variant/DeviceTestBuilder
instanceKlass com/android/build/api/variant/GeneratesTestApkBuilder
instanceKlass com/android/build/api/component/impl/ComponentBuilderImpl
instanceKlass com/android/build/api/variant/impl/InternalVariantBuilder
instanceKlass com/android/build/gradle/internal/testsuites/HasTestSuitesBuilder
instanceKlass com/android/build/gradle/internal/core/dsl/impl/features/PrivacySandboxDslInfoImpl
instanceKlass com/android/build/gradle/internal/core/dsl/features/PrivacySandboxDslInfo
instanceKlass com/android/build/gradle/internal/core/MergedJavaCompileOptions
instanceKlass com/android/build/gradle/internal/core/MergedOptions
instanceKlass com/android/build/gradle/internal/core/dsl/impl/ComponentDslInfoImpl
instanceKlass com/android/build/gradle/internal/publishing/VariantPublishingInfo
instanceKlass com/android/build/gradle/internal/utils/PublishingUtils
instanceKlass com/android/build/gradle/internal/core/dsl/impl/DslInfoUtilsKt
instanceKlass com/android/build/api/component/impl/ComponentIdentityImpl
instanceKlass com/android/build/gradle/internal/manifest/LazyManifestParser$manifestData$2
instanceKlass com/android/build/gradle/internal/manifest/ManifestValueSource$Params_Decorated
instanceKlass com/android/build/gradle/internal/manifest/ManifestValueSource$Params
instanceKlass com/android/build/gradle/internal/manifest/LazyManifestParser$manifestData$1
instanceKlass com/android/build/gradle/internal/manifest/ManifestValueSource
instanceKlass com/android/build/gradle/internal/manifest/LazyManifestParser
instanceKlass com/android/build/gradle/internal/manifest/ManifestDataProvider
instanceKlass com/android/build/gradle/internal/VariantManager$getLazyManifestParser$1
instanceKlass com/android/build/gradle/internal/core/dsl/impl/DslInfoBuilder$Companion
instanceKlass com/android/build/gradle/internal/core/dsl/impl/DslInfoBuilder
instanceKlass com/android/build/api/variant/impl/GlobalVariantBuilderConfigImpl
instanceKlass com/android/build/api/variant/impl/GlobalVariantBuilderConfig
instanceKlass com/android/build/gradle/internal/variant/DimensionCombinationImpl
instanceKlass com/android/build/gradle/internal/variant/DimensionCombinator$Companion
instanceKlass com/android/build/gradle/internal/variant/DimensionCombinator
instanceKlass com/android/build/api/dsl/LibraryBuildFeatures
instanceKlass com/android/build/gradle/internal/scope/BuildFeatureValuesImpl
instanceKlass com/android/build/gradle/internal/scope/BuildFeatureValues
instanceKlass com/android/build/gradle/internal/profile/AnalyticsUtil
instanceKlass com/android/build/gradle/internal/api/DefaultAndroidSourceDirectorySet$getSourceDirectoryTrees$1$1
instanceKlass com/google/common/collect/RangeGwtSerializationDependencies
instanceKlass com/google/common/collect/ImmutableRangeSet$Builder
instanceKlass com/google/common/collect/SortedIterable
instanceKlass com/google/common/collect/AbstractRangeSet
instanceKlass com/google/common/collect/RangeSet
instanceKlass com/google/common/collect/CollectCollectors
instanceKlass com/android/build/gradle/internal/api/DefaultAndroidSourceDirectorySet$getSourceDirectoryTrees$1
instanceKlass com/android/build/gradle/internal/utils/KgpUtils$syncAgpAndKgpSources$2
instanceKlass com/android/build/gradle/internal/utils/KgpUtils
instanceKlass com/android/build/gradle/internal/plugins/DslContainerProvider$lock$6
instanceKlass com/android/build/gradle/internal/plugins/DslContainerProvider$lock$5
instanceKlass com/android/build/gradle/internal/plugins/DslContainerProvider$lock$4
instanceKlass com/android/build/gradle/internal/plugins/DslContainerProvider$lock$3
instanceKlass com/android/build/gradle/internal/plugins/DslContainerProvider$lock$2
instanceKlass com/android/build/gradle/internal/plugins/DslContainerProvider$lock$1
instanceKlass com/android/build/gradle/internal/plugins/BasePlugin$createAndroidTasks$1
instanceKlass com/android/build/gradle/tasks/JavaCompileUtils
instanceKlass com/android/build/gradle/internal/dsl/PostProcessingBlock$1
instanceKlass com/google/common/collect/AbstractMapBasedMultimap$Itr
instanceKlass com/google/common/collect/SetMultimap
instanceKlass com/android/build/api/dsl/HasInitWith
instanceKlass com/android/build/gradle/internal/dsl/InitWithUtilKt
instanceKlass com/android/build/api/variant/impl/ResValueKeyImpl
instanceKlass com/android/build/api/variant/ResValue$Key
instanceKlass com/android/builder/internal/ClassFieldImpl
instanceKlass com/android/build/gradle/internal/plugins/BasePlugin$createTasks$2$1
instanceKlass jdk/internal/ValueBased
instanceKlass com/android/build/gradle/internal/dsl/TargetSdkVersionImpl
instanceKlass com/android/build/gradle/internal/dsl/MinSdkVersionImpl
instanceKlass com/android/build/gradle/internal/utils/SdkUtilsKt
instanceKlass com/android/build/gradle/internal/dsl/CompileSdkVersionImpl
instanceKlass com/android/build/api/dsl/CompileSdkReleaseSpec
instanceKlass com/fasterxml/jackson/core/io/NumberOutput
instanceKlass org/gradle/api/problems/internal/DefaultFileLocation
instanceKlass org/gradle/api/problems/LineInFileLocation
instanceKlass org/gradle/problems/Location
instanceKlass com/android/build/gradle/internal/tasks/VariantTask
instanceKlass com/facebook/react/ReactPlugin$apply$2
instanceKlass com/facebook/react/utils/AgpConfiguratorUtils$configureNamespaceForLibraries$1$1
instanceKlass com/facebook/react/utils/AgpConfiguratorUtils$configureNamespaceForLibraries$1
instanceKlass com/facebook/react/utils/AgpConfiguratorUtils$configureBuildConfigFieldsForLibraries$1$1
instanceKlass com/facebook/react/utils/AgpConfiguratorUtils$configureBuildConfigFieldsForLibraries$1
instanceKlass com/facebook/react/ReactPlugin$configureCodegen$generateCodegenArtifactsTask$1
instanceKlass com/facebook/react/ReactPlugin$configureCodegen$generateCodegenSchemaTask$1
instanceKlass com/android/build/gradle/internal/tasks/factory/TaskFactoryUtils$dependsOn$7
instanceKlass com/facebook/react/ReactPlugin$configureAutolinking$generateAutolinkingNewArchitectureFilesTask$1
instanceKlass com/facebook/react/ReactPlugin$configureAutolinking$generateEntryPointTask$1
instanceKlass com/facebook/react/ReactPlugin$configureAutolinking$generatePackageListTask$1
instanceKlass com/android/build/api/extension/impl/OperationsRegistrar$Operation
instanceKlass com/android/build/api/extension/impl/AndroidComponentsExtensionImpl$onVariants$1
instanceKlass org/jetbrains/kotlin/gradle/dsl/KotlinProjectExtension$jvmToolchain$1
instanceKlass com/facebook/react/utils/JdkConfiguratorUtils$configureJavaToolChains$1$2
instanceKlass com/facebook/react/utils/JdkConfiguratorUtils$configureJavaToolChains$1$1
instanceKlass com/facebook/react/utils/JdkConfiguratorUtils$configureJavaToolChains$1
instanceKlass com/facebook/react/utils/JdkConfiguratorUtils
instanceKlass com/facebook/react/utils/BackwardCompatUtils
instanceKlass kotlin/sequences/SequencesKt__SequencesKt$asSequence$$inlined$Sequence$1
instanceKlass kotlin/collections/CollectionsKt__IteratorsJVMKt$iterator$1
instanceKlass com/facebook/react/utils/AgpConfiguratorUtilsKt
instanceKlass com/facebook/react/utils/AgpConfiguratorUtils
instanceKlass com/android/build/api/extension/impl/AndroidComponentsExtensionImpl$finalizeDsl$1
instanceKlass com/facebook/react/utils/NdkConfiguratorUtils$configureReactNativeNdk$1
instanceKlass com/facebook/react/utils/NdkConfiguratorUtils
instanceKlass com/facebook/react/ReactPlugin$apply$1$1
instanceKlass com/facebook/react/ReactPlugin$apply$1
instanceKlass com/facebook/react/utils/ProjectUtils
instanceKlass kotlin/text/DelimitedRangesSequence$iterator$1
instanceKlass kotlin/sequences/SequencesKt___SequencesKt$asIterable$$inlined$Iterable$1
instanceKlass kotlin/text/DelimitedRangesSequence
instanceKlass com/facebook/react/utils/PathUtils
instanceKlass com/facebook/react/ReactExtension$Companion
instanceKlass com/android/build/api/dsl/LibraryExtension
instanceKlass com/facebook/react/internal/PrivateReactExtension
instanceKlass com/facebook/react/ReactExtension
instanceKlass com/facebook/react/ReactPlugin
instanceKlass org/jetbrains/kotlin/gradle/targets/native/internal/CommonizerTasksKt
instanceKlass org/jetbrains/kotlin/gradle/internal/StdlibDependencyManagementKt$configureStdlibVersionAlignment$1$1
instanceKlass org/jetbrains/kotlin/gradle/internal/StdlibDependencyManagementKt$configureStdlibVersionAlignment$1
instanceKlass org/jetbrains/kotlin/gradle/internal/KotlinDependenciesManagementKt$configureDefaultVersionsResolutionStrategy$1$1
instanceKlass org/jetbrains/kotlin/gradle/internal/KotlinDependenciesManagementKt$configureDefaultVersionsResolutionStrategy$1
instanceKlass org/jetbrains/kotlin/gradle/internal/KotlinDomApiDependencyManagementKt$addKotlinDomApiDependency$1
instanceKlass org/jetbrains/kotlin/gradle/internal/KotlinDomApiDependencyManagementKt
instanceKlass org/jetbrains/kotlin/gradle/internal/KotlinTestDependencyManagementKt$configureKotlinTestDependency$2
instanceKlass org/jetbrains/kotlin/gradle/internal/KotlinTestDependencyManagementKt
instanceKlass org/jetbrains/kotlin/gradle/internal/StdlibDependencyManagementKt$addStdlibDependency$1
instanceKlass org/jetbrains/kotlin/gradle/utils/KotlinExtensionUtilsKt
instanceKlass org/jetbrains/kotlin/gradle/targets/js/npm/SemVer$Companion
instanceKlass org/jetbrains/kotlin/gradle/targets/js/npm/SemVer
instanceKlass org/jetbrains/kotlin/gradle/internal/StdlibDependencyManagementKt
instanceKlass org/jetbrains/kotlin/gradle/utils/ProviderApiUtilsKt$providerWithLazyConvention$1
instanceKlass org/jetbrains/kotlin/gradle/plugin/diagnostics/KotlinToolingDiagnosticsSetupActionKt$KotlinToolingDiagnosticsSetupAction$1$3
instanceKlass org/jetbrains/kotlin/gradle/plugin/diagnostics/CheckKotlinGradlePluginConfigurationErrorsKt$addDependsOnFromTasksThatShouldFailWhenErrorsReported$1
instanceKlass org/jetbrains/kotlin/gradle/plugin/diagnostics/CheckKotlinGradlePluginConfigurationErrorsKt$locateOrRegisterCheckKotlinGradlePluginErrorsTask$taskProvider$1
instanceKlass org/jetbrains/kotlin/gradle/plugin/diagnostics/CheckKotlinGradlePluginConfigurationErrorsKt
instanceKlass org/jetbrains/kotlin/gradle/internal/properties/NativePropertiesLoader$konanDataDirProperty$1$1
instanceKlass org/jetbrains/kotlin/gradle/utils/PluginManagerUtilsKt$isPluginApplied$2
instanceKlass org/jetbrains/kotlin/gradle/utils/PluginManagerUtilsKt
instanceKlass org/jetbrains/kotlin/tooling/core/KotlinToolingVersion
instanceKlass org/jetbrains/kotlin/tooling/core/KotlinToolingVersionKt
instanceKlass org/jetbrains/kotlin/gradle/utils/NativeCompilerDownloader$Companion
instanceKlass org/jetbrains/kotlin/gradle/utils/NativeCompilerDownloader
instanceKlass org/jetbrains/kotlin/gradle/plugin/diagnostics/checkers/NativeVersionChecker$runChecks$nativeVersion$1
instanceKlass org/jetbrains/kotlin/gradle/plugin/diagnostics/checkers/OverriddenKotlinNativeHomeChecker$StdlibExistenceCheckerValueSource$Companion
instanceKlass org/jetbrains/kotlin/gradle/plugin/diagnostics/checkers/OverriddenKotlinNativeHomeChecker$StdlibExistenceCheckerValueSource$Params$Inject_
instanceKlass org/jetbrains/kotlin/gradle/internal/properties/PropertiesBuildServiceKt$propertyWithDeprecatedName$1
instanceKlass org/jetbrains/kotlin/gradle/internal/properties/NativeProperties$Companion
instanceKlass org/jetbrains/kotlin/gradle/plugin/diagnostics/checkers/OverriddenKotlinNativeHomeChecker$allKonanMainSubdirectoriesExist$1$1
instanceKlass org/jetbrains/kotlin/gradle/plugin/diagnostics/checkers/OverriddenKotlinNativeHomeChecker$StdlibExistenceCheckerValueSource$Params_Decorated
instanceKlass org/jetbrains/kotlin/gradle/plugin/diagnostics/checkers/OverriddenKotlinNativeHomeChecker$StdlibExistenceCheckerValueSource$Params
instanceKlass org/jetbrains/kotlin/gradle/plugin/diagnostics/checkers/OverriddenKotlinNativeHomeChecker$allKonanMainSubdirectoriesExist$1
instanceKlass org/jetbrains/kotlin/gradle/plugin/diagnostics/checkers/OverriddenKotlinNativeHomeChecker$StdlibExistenceCheckerValueSource
instanceKlass org/jetbrains/kotlin/konan/target/UtilsKt
instanceKlass org/jetbrains/kotlin/gradle/targets/js/dsl/KotlinWasmSubTargetContainerDsl
instanceKlass org/jetbrains/kotlin/gradle/targets/js/dsl/KotlinJsSubTargetContainerDsl
instanceKlass org/jetbrains/kotlin/gradle/targets/js/dsl/KotlinWasmWasiTargetDsl
instanceKlass org/jetbrains/kotlin/gradle/targets/js/dsl/KotlinWasmJsTargetDsl
instanceKlass org/jetbrains/kotlin/gradle/targets/js/dsl/KotlinWasmTargetDsl
instanceKlass org/jetbrains/kotlin/gradle/targets/js/dsl/KotlinJsTargetDsl
instanceKlass org/jetbrains/kotlin/gradle/plugin/mpp/HasBinaries
instanceKlass org/jetbrains/kotlin/gradle/targets/js/dsl/KotlinTargetWithNodeJsDsl
instanceKlass org/jetbrains/kotlin/gradle/plugin/KotlinTargetWithTests
instanceKlass org/jetbrains/kotlin/gradle/dsl/PlatformSourceSetConventionsChecker$CheckedPlatformInfo
instanceKlass org/jetbrains/kotlin/gradle/plugin/KotlinPluginLifecycleImplKt
instanceKlass org/jetbrains/kotlin/gradle/plugin/KotlinPluginLifecycleImpl$WhenMappings
instanceKlass org/jetbrains/kotlin/gradle/plugin/KotlinPluginLifecycleCoroutineContextElement$Key
instanceKlass org/jetbrains/kotlin/gradle/plugin/KotlinPluginLifecycleCoroutineContextElement
instanceKlass org/jetbrains/kotlin/gradle/plugin/KotlinPluginLifecycleImpl$launch$coroutine$1
instanceKlass org/jetbrains/kotlin/gradle/plugin/diagnostics/KotlinGradleProjectCheckerContext
instanceKlass org/jetbrains/kotlin/gradle/plugin/diagnostics/KotlinGradleProjectCheckersRunnerKt
instanceKlass org/jetbrains/kotlin/gradle/plugin/diagnostics/KotlinToolingDiagnosticsSetupActionKt$KotlinToolingDiagnosticsSetupAction$1$1
instanceKlass org/jetbrains/kotlin/konan/target/KonanTarget$Companion
instanceKlass org/jetbrains/kotlin/konan/target/KonanTarget
instanceKlass org/jetbrains/kotlin/konan/util/Named
instanceKlass org/jetbrains/kotlin/konan/target/HostManager$Companion
instanceKlass org/jetbrains/kotlin/konan/target/HostManager
instanceKlass org/jetbrains/kotlin/gradle/internal/IdeaKt$isInIdeaEnvironment$2
instanceKlass org/jetbrains/kotlin/gradle/utils/ConfigurationCacheOpaqueValue
instanceKlass org/jetbrains/kotlin/gradle/internal/IdeaKt$isInIdeaEnvironment$1
instanceKlass org/jetbrains/kotlin/gradle/utils/ConfigurationCacheOpaqueValueSource
instanceKlass org/jetbrains/kotlin/gradle/plugin/diagnostics/ToolingDiagnosticRenderingOptions$Companion
instanceKlass org/jetbrains/kotlin/gradle/plugin/diagnostics/ToolingDiagnosticRenderingOptions
instanceKlass org/jetbrains/kotlin/gradle/targets/js/npm/PeerNpmDependencyExtension
instanceKlass org/jetbrains/kotlin/gradle/targets/js/npm/DevNpmDependencyExtension
instanceKlass org/jetbrains/kotlin/gradle/targets/js/npm/NpmDependency
instanceKlass org/jetbrains/kotlin/gradle/targets/js/npm/NpmDependencyExtension
instanceKlass org/jetbrains/kotlin/gradle/targets/js/npm/NpmDirectoryDependencyWithExternalsExtension
instanceKlass org/jetbrains/kotlin/gradle/targets/js/npm/NpmDirectoryDependencyExtension
instanceKlass org/jetbrains/kotlin/gradle/targets/js/npm/NpmDependencyWithExternalsExtension
instanceKlass org/jetbrains/kotlin/gradle/targets/js/npm/BaseNpmDependencyExtension
instanceKlass org/jetbrains/kotlin/gradle/targets/js/npm/NpmDependencyExtensionKt$AddNpmDependencyExtensionProjectSetupAction$1$WhenMappings
instanceKlass org/jetbrains/kotlin/gradle/plugin/KotlinAndroidPlugin$Companion$dynamicallyApplyWhenAndroidPluginIsApplied$3
instanceKlass org/jetbrains/kotlin/gradle/model/builder/KotlinModelBuilder$Companion
instanceKlass org/jetbrains/kotlin/gradle/model/builder/KotlinModelBuilder
instanceKlass org/jetbrains/kotlin/gradle/plugin/AndroidProjectHandler$addAndroidUnitTestTasksAsDependenciesToAllTest$2
instanceKlass org/jetbrains/kotlin/gradle/plugin/AndroidProjectHandler$addAndroidUnitTestTasksAsDependenciesToAllTest$1
instanceKlass org/jetbrains/kotlin/gradle/testing/internal/KotlinTestsRegistryKt
instanceKlass org/jetbrains/kotlin/gradle/tooling/IncludeKotlinToolingMetadataInApkKt$includeKotlinToolingMetadataInApk$1$1
instanceKlass org/jetbrains/kotlin/gradle/tasks/TasksProviderKt$sam$org_gradle_api_Action$0
instanceKlass org/jetbrains/kotlin/gradle/tasks/TasksProviderKt
instanceKlass org/jetbrains/kotlin/gradle/tooling/IncludeKotlinToolingMetadataInApkKt$includeKotlinToolingMetadataInApk$1
instanceKlass org/jetbrains/kotlin/gradle/tooling/IncludeKotlinToolingMetadataInApkKt
instanceKlass org/gradle/api/internal/plugins/DefaultPluginContainer$1
instanceKlass kotlin/sequences/FilteringSequence$iterator$1
instanceKlass kotlin/sequences/FilteringSequence
instanceKlass org/jetbrains/kotlin/gradle/utils/ForEachAndroidVariantKt$sam$org_gradle_api_Action$0
instanceKlass org/jetbrains/kotlin/gradle/utils/ForEachAndroidVariantKt
instanceKlass org/jetbrains/kotlin/gradle/plugin/sources/android/configurator/KotlinAndroidJavaSourceDirConfigurator$configure$1
instanceKlass org/jetbrains/kotlin/gradle/plugin/sources/android/configurator/Agp7AddKotlinSourcesToAndroidSourceSetConfigurator$configure$1
instanceKlass org/jetbrains/kotlin/gradle/plugin/internal/CompatibilityConventionRegistrarKt
instanceKlass org/jetbrains/kotlin/gradle/internal/Kapt3GradleSubplugin$Kapt3SubpluginContext
instanceKlass org/jetbrains/kotlin/gradle/internal/Kapt3GradleSubplugin$Companion
instanceKlass org/jetbrains/kotlin/gradle/internal/Kapt3GradleSubplugin
instanceKlass org/jetbrains/kotlin/gradle/plugin/KotlinCompilerPluginSupportPlugin
instanceKlass org/jetbrains/kotlin/gradle/plugin/sources/android/configurator/KotlinAndroidSourceSetConfigurator$DefaultImpls
instanceKlass org/jetbrains/kotlin/gradle/plugin/sources/android/KotlinAndroidSourceSetInfo
instanceKlass org/jetbrains/kotlin/gradle/plugin/sources/android/KotlinAndroidSourceSetInfoKt
instanceKlass org/jetbrains/kotlin/gradle/plugin/sources/DefaultLanguageSettingsBuilder
instanceKlass org/jetbrains/kotlin/gradle/plugin/sources/ConsistencyCheck
instanceKlass org/jetbrains/kotlin/gradle/dsl/KotlinVersion$Companion
instanceKlass org/jetbrains/kotlin/gradle/plugin/sources/FragmentConsistencyChecks
instanceKlass org/jetbrains/kotlin/gradle/plugin/sources/FragmentConsistencyChecker
instanceKlass org/jetbrains/kotlin/gradle/plugin/sources/DefaultKotlinSourceSetKt
instanceKlass org/jetbrains/kotlin/gradle/plugin/sources/DefaultKotlinSourceSet$MetadataDependencyTransformation
instanceKlass org/jetbrains/kotlin/gradle/plugin/KotlinSourceSet$Companion
instanceKlass org/jetbrains/kotlin/gradle/utils/MutableObservableSetImpl
instanceKlass org/jetbrains/kotlin/gradle/utils/MutableObservableSet
instanceKlass org/jetbrains/kotlin/gradle/utils/ObservableSet
instanceKlass org/jetbrains/kotlin/gradle/plugin/LanguageSettingsBuilder
instanceKlass org/jetbrains/kotlin/project/model/LanguageSettings
instanceKlass org/jetbrains/kotlin/gradle/plugin/sources/AbstractKotlinSourceSet
instanceKlass org/jetbrains/kotlin/gradle/plugin/sources/InternalKotlinSourceSet
instanceKlass org/jetbrains/kotlin/gradle/utils/ObjectCollectionExtKt$sam$org_gradle_api_Action$0
instanceKlass org/jetbrains/kotlin/gradle/utils/ObjectCollectionExtKt
instanceKlass org/jetbrains/kotlin/util/capitalizeDecapitalize/CapitalizeDecapitalizeKt
instanceKlass org/jetbrains/kotlin/gradle/utils/StringUtilsKt
instanceKlass org/jetbrains/kotlin/gradle/plugin/sources/android/AndroidVariantTypeKt
instanceKlass org/jetbrains/kotlin/gradle/plugin/sources/android/AndroidBaseSourceSetName$Companion
instanceKlass org/jetbrains/kotlin/gradle/plugin/sources/android/AndroidBaseSourceSetName
instanceKlass org/jetbrains/kotlin/gradle/plugin/sources/android/KotlinAndroidSourceSets$applyKotlinAndroidSourceSetLayout$2
instanceKlass org/jetbrains/kotlin/gradle/utils/FailuresKt$ideaSyncClasspathModeUtil$1
instanceKlass org/jetbrains/kotlin/gradle/utils/FailuresKt
instanceKlass org/jetbrains/kotlin/gradle/plugin/sources/android/KotlinAndroidSourceSetFactory$Companion
instanceKlass org/jetbrains/kotlin/gradle/plugin/sources/android/KotlinAndroidSourceSetFactory
instanceKlass org/jetbrains/kotlin/gradle/plugin/diagnostics/UsesKotlinToolingDiagnostics
instanceKlass org/jetbrains/kotlin/gradle/plugin/diagnostics/UsesKotlinToolingDiagnosticsParameters
instanceKlass org/jetbrains/kotlin/gradle/plugin/diagnostics/ToolingDiagnostic
instanceKlass org/jetbrains/kotlin/gradle/plugin/diagnostics/KotlinToolingDiagnosticsCollector
instanceKlass org/jetbrains/kotlin/gradle/plugin/diagnostics/KotlinToolingDiagnosticsCollectorKt
instanceKlass org/jetbrains/kotlin/gradle/utils/AndroidExtensionUitlsKt
instanceKlass org/jetbrains/kotlin/gradle/plugin/sources/android/checker/MultiplatformLayoutV2MultiplatformLayoutV1StyleSourceDirUsageChecker
instanceKlass org/jetbrains/kotlin/gradle/plugin/sources/android/checker/MultiplatformLayoutV2AndroidStyleSourceDirUsageChecker
instanceKlass org/jetbrains/kotlin/gradle/plugin/sources/android/checker/MultiplatformLayoutV2AgpRequirementChecker
instanceKlass org/jetbrains/kotlin/gradle/plugin/sources/android/configurator/MultiplatformLayoutV2DefaultManifestLocationConfigurator
instanceKlass org/jetbrains/kotlin/gradle/plugin/sources/android/configurator/MultiplatformLayoutV2SourceDirConfigurator
instanceKlass org/jetbrains/kotlin/gradle/plugin/sources/android/configurator/MultiplatformLayoutV2DependsOnConfigurator
instanceKlass org/jetbrains/kotlin/gradle/plugin/sources/android/MultiplatformLayoutV2KotlinAndroidSourceSetNaming
instanceKlass org/jetbrains/kotlin/gradle/plugin/sources/android/checker/MultiplatformLayoutV1DeprecationChecker
instanceKlass org/jetbrains/kotlin/gradle/plugin/sources/android/configurator/MultiplatformLayoutV1SourceDirConfigurator
instanceKlass org/jetbrains/kotlin/gradle/plugin/sources/android/configurator/MultiplatformLayoutV1DependsOnConfigurator
instanceKlass org/jetbrains/kotlin/gradle/plugin/sources/android/configurator/MultiplatformAndroidResourceDirConfigurator
instanceKlass org/jetbrains/kotlin/gradle/plugin/sources/android/MultiplatformLayoutV1KotlinAndroidSourceSetNaming
instanceKlass org/jetbrains/kotlin/gradle/plugin/sources/android/checker/CompositeKotlinAndroidSourceSetLayoutChecker
instanceKlass org/jetbrains/kotlin/gradle/plugin/sources/android/checker/KotlinAndroidSourceSetLayoutCheckerKt
instanceKlass org/jetbrains/kotlin/gradle/plugin/sources/android/checker/KotlinAndroidSourceSetLayoutChecker
instanceKlass org/jetbrains/kotlin/gradle/plugin/sources/android/configurator/CompositeKotlinAndroidSourceSetConfigurator
instanceKlass org/jetbrains/kotlin/gradle/plugin/sources/android/configurator/SingleTargetSourceDirConfigurator
instanceKlass org/jetbrains/kotlin/gradle/plugin/sources/android/configurator/KotlinAndroidJavaSourceDirConfigurator
instanceKlass org/jetbrains/kotlin/gradle/plugin/sources/android/configurator/KotlinAndroidSourceSetConfigurationWithCondition
instanceKlass org/jetbrains/kotlin/gradle/plugin/sources/android/configurator/KotlinAndroidSourceSetConfiguratorKt
instanceKlass org/jetbrains/kotlin/gradle/plugin/sources/android/configurator/Agp7AddKotlinSourcesToAndroidSourceSetConfigurator
instanceKlass org/jetbrains/kotlin/gradle/plugin/sources/android/configurator/GradleConventionAddKotlinSourcesToAndroidSourceSetConfigurator
instanceKlass org/jetbrains/kotlin/gradle/plugin/sources/android/configurator/AndroidKaptSourceSetConfigurator
instanceKlass org/jetbrains/kotlin/gradle/plugin/sources/android/configurator/KotlinAndroidSourceSetInfoConfigurator
instanceKlass org/jetbrains/kotlin/gradle/plugin/sources/android/configurator/KotlinAndroidSourceSetConfigurator
instanceKlass org/jetbrains/kotlin/gradle/plugin/sources/android/SingleTargetKotlinAndroidSourceSetNaming
instanceKlass org/jetbrains/kotlin/gradle/plugin/sources/android/KotlinAndroidSourceSetNaming
instanceKlass org/jetbrains/kotlin/gradle/plugin/sources/android/KotlinAndroidSourceSetLayout
instanceKlass org/jetbrains/kotlin/gradle/plugin/sources/android/KotlinAndroidSourceSetLayoutKt
instanceKlass org/jetbrains/kotlin/gradle/plugin/sources/android/KotlinAndroidSourceSetLayoutExtensionKt
instanceKlass org/jetbrains/kotlin/gradle/plugin/sources/android/KotlinAndroidSourceSets
instanceKlass org/jetbrains/kotlin/gradle/tasks/KotlinTasksProvider
instanceKlass org/jetbrains/kotlin/gradle/plugin/KotlinAndroidPlugin$apply$1$kotlinOptions$1
instanceKlass org/jetbrains/kotlin/gradle/dsl/KotlinJvmOptions
instanceKlass org/jetbrains/kotlin/gradle/dsl/KotlinCommonOptions
instanceKlass org/jetbrains/kotlin/gradle/dsl/KotlinCommonToolOptions
instanceKlass org/jetbrains/kotlin/gradle/dsl/KotlinCommonCompilerToolOptionsHelper
instanceKlass org/jetbrains/kotlin/gradle/dsl/KotlinCommonCompilerOptionsHelper
instanceKlass org/jetbrains/kotlin/gradle/dsl/KotlinJvmCompilerOptionsHelper
instanceKlass org/jetbrains/kotlin/gradle/utils/ProjectExtensionsKt
instanceKlass org/jetbrains/kotlin/gradle/plugin/mpp/KotlinCompilationsKt
instanceKlass org/jetbrains/kotlin/gradle/plugin/KotlinJvmPlugin$Companion
instanceKlass org/jetbrains/kotlin/gradle/plugin/AbstractKotlinPlugin$Companion
instanceKlass org/jetbrains/kotlin/gradle/plugin/AbstractKotlinPlugin
instanceKlass org/jetbrains/kotlin/gradle/tasks/DefaultKotlinJavaToolchain$Companion$wireJvmTargetToJvm$1
instanceKlass org/jetbrains/kotlin/gradle/tasks/DefaultKotlinJavaToolchain$Companion$wireJvmTargetToToolchain$1
instanceKlass org/jetbrains/kotlin/gradle/tasks/DefaultKotlinJavaToolchain$Companion$wireJvmTargetToToolchain$2
instanceKlass org/jetbrains/kotlin/gradle/tasks/DefaultKotlinJavaToolchain$Companion
instanceKlass org/jetbrains/kotlin/gradle/tasks/DefaultKotlinJavaToolchain
instanceKlass org/jetbrains/kotlin/gradle/tasks/KotlinJavaToolchain
instanceKlass org/jetbrains/kotlin/gradle/plugin/KotlinSourceSetTree$Companion
instanceKlass org/jetbrains/kotlin/gradle/plugin/KotlinSourceSetTree
instanceKlass org/jetbrains/kotlin/gradle/plugin/mpp/KotlinAndroidTargetVariantDslImpl
instanceKlass org/jetbrains/kotlin/gradle/plugin/mpp/DecoratedKotlinCompilation
instanceKlass org/jetbrains/kotlin/gradle/plugin/mpp/InternalKotlinCompilation
instanceKlass org/jetbrains/kotlin/gradle/plugin/KotlinCompilationToRunnableFiles
instanceKlass org/jetbrains/kotlin/gradle/InternalKotlinGradlePluginApi
instanceKlass org/jetbrains/kotlin/gradle/plugin/mpp/KotlinTargetSoftwareComponent
instanceKlass org/jetbrains/kotlin/gradle/plugin/mpp/HierarchyAttributeContainer
instanceKlass org/jetbrains/kotlin/gradle/plugin/mpp/DefaultKotlinUsageContext
instanceKlass org/jetbrains/kotlin/gradle/plugin/mpp/KotlinUsageContext
instanceKlass org/jetbrains/kotlin/gradle/plugin/KotlinTargetPreset
instanceKlass org/jetbrains/kotlin/gradle/plugin/mpp/InternalKotlinTargetComponent
instanceKlass org/jetbrains/kotlin/gradle/plugin/mpp/KotlinTargetComponentWithPublication
instanceKlass org/jetbrains/kotlin/gradle/plugin/KotlinTargetComponent
instanceKlass org/jetbrains/kotlin/gradle/plugin/KotlinCompilation
instanceKlass org/jetbrains/kotlin/gradle/plugin/mpp/KotlinAndroidTargetVariantDsl
instanceKlass org/jetbrains/kotlin/gradle/plugin/AndroidProjectHandler
instanceKlass org/jetbrains/kotlin/gradle/plugin/mpp/KotlinAndroidTargetKt
instanceKlass org/jetbrains/kotlin/gradle/plugin/KotlinAndroidPlugin$Companion$dynamicallyApplyWhenAndroidPluginIsApplied$2$1
instanceKlass org/jetbrains/kotlin/gradle/utils/WhenEvaluatedKt$whenEvaluated$2
instanceKlass org/gradle/api/internal/plugins/DefaultAppliedPlugin
instanceKlass org/jetbrains/kotlin/gradle/utils/WhenEvaluatedKt
instanceKlass org/jetbrains/kotlin/gradle/plugin/KotlinPluginLifecycle$Stage$Companion
instanceKlass org/jetbrains/kotlin/gradle/plugin/KotlinPluginLifecycleImpl
instanceKlass org/jetbrains/kotlin/gradle/plugin/KotlinPluginLifecycle
instanceKlass org/jetbrains/kotlin/gradle/plugin/KotlinPluginLifecycleKt
instanceKlass org/jetbrains/kotlin/gradle/plugin/diagnostics/checkers/KonanHomeConflictDeclarationChecker
instanceKlass org/jetbrains/kotlin/gradle/plugin/diagnostics/checkers/AndroidPublicationNotConfiguredChecker
instanceKlass org/jetbrains/kotlin/gradle/plugin/diagnostics/checkers/NativeVersionChecker
instanceKlass org/jetbrains/kotlin/gradle/plugin/diagnostics/checkers/ComposePluginSuggestApplyChecker
instanceKlass org/jetbrains/kotlin/gradle/plugin/diagnostics/checkers/OverriddenKotlinNativeHomeChecker
instanceKlass org/jetbrains/kotlin/gradle/plugin/diagnostics/checkers/GradleDeprecatedPropertyChecker
instanceKlass org/jetbrains/kotlin/gradle/plugin/diagnostics/checkers/IncorrectCompileOnlyDependenciesChecker
instanceKlass org/jetbrains/kotlin/gradle/plugin/diagnostics/checkers/CInteropInputChecker
instanceKlass org/jetbrains/kotlin/gradle/plugin/diagnostics/checkers/DuplicateSourceSetChecker
instanceKlass org/jetbrains/kotlin/gradle/plugin/diagnostics/checkers/WasmSourceSetsNotFoundChecker
instanceKlass org/jetbrains/kotlin/gradle/plugin/diagnostics/checkers/InternalGradlePropertiesUsageChecker
instanceKlass org/jetbrains/kotlin/gradle/plugin/diagnostics/checkers/KotlinTargetAlreadyDeclaredChecker
instanceKlass org/jetbrains/kotlin/gradle/dsl/IosSourceSetConventionChecker
instanceKlass org/jetbrains/kotlin/gradle/dsl/AndroidMainSourceSetConventionsChecker
instanceKlass org/jetbrains/kotlin/gradle/dsl/PlatformSourceSetConventionsChecker
instanceKlass org/jetbrains/kotlin/gradle/plugin/diagnostics/checkers/KotlinSourceSetTreeDependsOnMismatchChecker
instanceKlass org/jetbrains/kotlin/gradle/plugin/diagnostics/checkers/ExperimentalTryNextUsageChecker
instanceKlass org/jetbrains/kotlin/gradle/plugin/diagnostics/checkers/PreHmppDependenciesUsageChecker
instanceKlass org/jetbrains/kotlin/gradle/plugin/diagnostics/KotlinToolingDiagnostics
instanceKlass org/jetbrains/kotlin/gradle/plugin/diagnostics/ToolingDiagnosticFactory
instanceKlass org/jetbrains/kotlin/gradle/plugin/diagnostics/checkers/JsLikeEnvironmentChecker
instanceKlass org/jetbrains/kotlin/gradle/plugin/diagnostics/checkers/DisabledNativeTargetsChecker
instanceKlass org/jetbrains/kotlin/gradle/plugin/diagnostics/checkers/DisabledCinteropCommonizationInHmppProjectChecker
instanceKlass org/jetbrains/kotlin/gradle/plugin/diagnostics/checkers/NoKotlinTargetsDeclaredChecker
instanceKlass org/jetbrains/kotlin/gradle/plugin/diagnostics/checkers/AndroidPluginWithoutAndroidTargetChecker
instanceKlass org/jetbrains/kotlin/gradle/plugin/diagnostics/checkers/AndroidSourceSetLayoutV1SourceSetsNotFoundChecker
instanceKlass org/jetbrains/kotlin/gradle/plugin/diagnostics/checkers/UnusedSourceSetsChecker
instanceKlass org/jetbrains/kotlin/gradle/plugin/diagnostics/checkers/MissingNativeStdlibChecker
instanceKlass org/jetbrains/kotlin/gradle/plugin/diagnostics/checkers/DeprecatedKotlinNativeTargetsChecker
instanceKlass org/jetbrains/kotlin/gradle/plugin/diagnostics/checkers/CommonMainOrTestWithDependsOnChecker
instanceKlass org/jetbrains/kotlin/gradle/plugin/diagnostics/KotlinGradleProjectChecker$Companion
instanceKlass org/jetbrains/kotlin/gradle/plugin/diagnostics/KotlinGradleProjectChecker
instanceKlass org/jetbrains/kotlin/gradle/artifacts/KotlinNativeHostSpecificMetadataArtifactKt$KotlinNativeHostSpecificMetadataArtifact$1
instanceKlass org/jetbrains/kotlin/gradle/artifacts/KotlinNativeHostSpecificMetadataArtifactKt
instanceKlass org/jetbrains/kotlin/gradle/artifacts/KotlinNativeKlibArtifactKt$KotlinNativeKlibArtifact$1
instanceKlass org/jetbrains/kotlin/gradle/artifacts/KotlinNativeKlibArtifactKt
instanceKlass org/jetbrains/kotlin/gradle/artifacts/KotlinJsKlibArtifactKt$KotlinJsKlibArtifact$1
instanceKlass org/jetbrains/kotlin/gradle/artifacts/KotlinJsKlibArtifactKt
instanceKlass org/jetbrains/kotlin/gradle/artifacts/KotlinJvmJarArtifactKt$KotlinJvmJarArtifact$1
instanceKlass org/jetbrains/kotlin/gradle/artifacts/KotlinJvmJarArtifactKt
instanceKlass org/jetbrains/kotlin/gradle/artifacts/KotlinLegacyMetadataArtifactKt$KotlinLegacyMetadataArtifact$1
instanceKlass org/jetbrains/kotlin/gradle/artifacts/KotlinLegacyMetadataArtifactKt
instanceKlass org/jetbrains/kotlin/gradle/artifacts/KotlinLegacyCompatibilityMetadataArtifactKt$KotlinLegacyCompatibilityMetadataArtifact$1
instanceKlass org/jetbrains/kotlin/gradle/artifacts/KotlinLegacyCompatibilityMetadataArtifactKt
instanceKlass org/jetbrains/kotlin/gradle/artifacts/KotlinMetadataArtifactKt$KotlinMetadataArtifact$1
instanceKlass org/jetbrains/kotlin/gradle/artifacts/KotlinMetadataArtifactKt
instanceKlass org/jetbrains/kotlin/gradle/artifacts/KotlinTargetArtifact$Companion
instanceKlass org/jetbrains/kotlin/gradle/artifacts/KotlinTargetArtifact
instanceKlass org/jetbrains/kotlin/gradle/targets/jvm/KotlinJvmCompilationWireJavaSourcesSideEffectKt$KotlinJvmCompilationWireJavaSourcesSideEffect$1
instanceKlass org/jetbrains/kotlin/gradle/targets/jvm/KotlinJvmCompilationWireJavaSourcesSideEffectKt
instanceKlass org/jetbrains/kotlin/gradle/plugin/mpp/compilationImpl/KotlinCreateCompilationArchiveTaskKt$KotlinCreateCompilationArchivesTask$1
instanceKlass org/jetbrains/kotlin/gradle/plugin/mpp/compilationImpl/KotlinCreateCompilationArchiveTaskKt$KotlinRegisterCompilationArchiveTasksExtension$1
instanceKlass org/jetbrains/kotlin/gradle/plugin/mpp/compilationImpl/KotlinCreateCompilationArchiveTaskKt
instanceKlass org/jetbrains/kotlin/gradle/plugin/mpp/compilationImpl/CreateCInteropTasksSideEffectKt$special$$inlined$KotlinCompilationSideEffect$1
instanceKlass org/jetbrains/kotlin/gradle/plugin/mpp/compilationImpl/CreateCInteropTasksSideEffectKt
instanceKlass org/jetbrains/kotlin/gradle/plugin/mpp/compilationImpl/KotlinCompilationProcessorSideEffectKt$KotlinCompilationProcessorSideEffect$1
instanceKlass org/jetbrains/kotlin/gradle/plugin/mpp/compilationImpl/KotlinCompilationProcessorSideEffectKt
instanceKlass org/jetbrains/kotlin/gradle/plugin/mpp/compilationImpl/KotlinCreateNativeCompileTasksSideEffectKt$special$$inlined$KotlinCompilationSideEffect$1
instanceKlass org/jetbrains/kotlin/gradle/plugin/mpp/compilationImpl/KotlinCreateNativeCompileTasksSideEffectKt
instanceKlass org/jetbrains/kotlin/gradle/plugin/mpp/compilationImpl/KotlinCreateLifecycleTasksSideEffectKt$KotlinCreateLifecycleTasksSideEffect$1
instanceKlass org/jetbrains/kotlin/gradle/plugin/mpp/compilationImpl/KotlinCreateLifecycleTasksSideEffectKt
instanceKlass org/jetbrains/kotlin/gradle/plugin/mpp/compilationImpl/KotlinCreateResourcesTaskSideEffectKt$KotlinCreateResourcesTaskSideEffect$1
instanceKlass org/jetbrains/kotlin/gradle/plugin/mpp/compilationImpl/KotlinCreateResourcesTaskSideEffectKt
instanceKlass org/jetbrains/kotlin/gradle/plugin/mpp/compilationImpl/KotlinCreateSourcesJarTaskSideEffectKt$KotlinCreateSourcesJarTaskSideEffect$1
instanceKlass org/jetbrains/kotlin/gradle/plugin/mpp/compilationImpl/KotlinCreateSourcesJarTaskSideEffectKt
instanceKlass org/jetbrains/kotlin/gradle/plugin/mpp/compilationImpl/KotlinCompilationSideEffect$Companion
instanceKlass org/jetbrains/kotlin/gradle/plugin/mpp/compilationImpl/KotlinCompilationSideEffect
instanceKlass org/jetbrains/kotlin/gradle/targets/ConfigureNonPackedKlibConsumingSideEffectKt$ConfigureNonPackedKlibConsumingSideEffect$1
instanceKlass org/jetbrains/kotlin/gradle/targets/ConfigureNonPackedKlibConsumingSideEffectKt
instanceKlass org/jetbrains/kotlin/gradle/targets/CreateNonPackedKlibVariantsSideEffectKt$CreateNonPackedKlibVariantsSideEffect$1
instanceKlass org/jetbrains/kotlin/gradle/targets/CreateNonPackedKlibVariantsSideEffectKt
instanceKlass org/jetbrains/kotlin/gradle/targets/jvm/KotlinJvmTargetTestFixturesSideEffectKt$ConfigureJavaTestFixturesSideEffect$1
instanceKlass org/jetbrains/kotlin/gradle/targets/jvm/KotlinJvmTargetTestFixturesSideEffectKt
instanceKlass org/jetbrains/kotlin/gradle/targets/native/SetupEmbedAndSignAppleFrameworkTaskSideEffectKt$special$$inlined$KotlinTargetSideEffect$1
instanceKlass org/jetbrains/kotlin/gradle/targets/native/SetupEmbedAndSignAppleFrameworkTaskSideEffectKt
instanceKlass org/jetbrains/kotlin/gradle/targets/native/internal/CInteropConfigurationsKt$special$$inlined$KotlinTargetSideEffect$2
instanceKlass org/jetbrains/kotlin/gradle/targets/native/internal/CInteropConfigurationsKt$special$$inlined$KotlinTargetSideEffect$1
instanceKlass org/jetbrains/kotlin/gradle/targets/native/internal/CInteropConfigurationsKt
instanceKlass org/jetbrains/kotlin/gradle/targets/native/ConfigureFrameworkExportSideEffectKt$special$$inlined$KotlinTargetSideEffect$1
instanceKlass org/jetbrains/kotlin/gradle/targets/native/ConfigureFrameworkExportSideEffectKt
instanceKlass org/jetbrains/kotlin/gradle/targets/CreateDefaultTestRunSideEffectKt$special$$inlined$KotlinTargetSideEffect$1
instanceKlass org/jetbrains/kotlin/gradle/targets/CreateDefaultTestRunSideEffectKt
instanceKlass org/jetbrains/kotlin/gradle/targets/native/KotilnNativeConfigureBinariesSideEffectKt$special$$inlined$KotlinTargetSideEffect$1
instanceKlass org/jetbrains/kotlin/gradle/targets/native/KotilnNativeConfigureBinariesSideEffectKt
instanceKlass org/jetbrains/kotlin/gradle/targets/ConfigureBuildSideEffectKt$ConfigureBuildSideEffect$1
instanceKlass org/jetbrains/kotlin/gradle/targets/ConfigureBuildSideEffectKt
instanceKlass org/jetbrains/kotlin/gradle/targets/CreateArtifactsSideEffectKt$CreateArtifactsSideEffect$1
instanceKlass org/jetbrains/kotlin/gradle/targets/CreateArtifactsSideEffectKt
instanceKlass org/jetbrains/kotlin/gradle/targets/NativeForwardImplementationToApiElementsSideEffectKt$special$$inlined$KotlinTargetSideEffect$1
instanceKlass org/jetbrains/kotlin/gradle/targets/NativeForwardImplementationToApiElementsSideEffectKt
instanceKlass org/jetbrains/kotlin/gradle/targets/CreateTargetConfigurationsSideEffectKt$CreateTargetConfigurationsSideEffect$1
instanceKlass org/jetbrains/kotlin/gradle/targets/CreateTargetConfigurationsSideEffectKt
instanceKlass org/jetbrains/kotlin/gradle/targets/CreateDefaultCompilationsSideEffectKt$CreateDefaultCompilationsSideEffect$1
instanceKlass org/jetbrains/kotlin/gradle/targets/CreateDefaultCompilationsSideEffectKt
instanceKlass org/jetbrains/kotlin/gradle/targets/KotlinTargetSideEffect$Companion
instanceKlass org/jetbrains/kotlin/gradle/targets/KotlinTargetSideEffect
instanceKlass org/jetbrains/kotlin/gradle/dsl/KotlinMultiplatformSourceSetConventions
instanceKlass org/jetbrains/kotlin/gradle/dsl/KotlinHierarchyDsl
instanceKlass org/jetbrains/kotlin/gradle/dsl/KotlinTargetContainerWithNativeShortcuts
instanceKlass org/jetbrains/kotlin/gradle/dsl/KotlinTargetContainerWithWasmPresetFunctions
instanceKlass org/jetbrains/kotlin/gradle/dsl/KotlinTargetContainerWithJsPresetFunctions
instanceKlass org/jetbrains/kotlin/gradle/plugin/KotlinJsCompilerTypeHolder
instanceKlass org/jetbrains/kotlin/gradle/dsl/KotlinTargetContainerWithPresetFunctions
instanceKlass org/jetbrains/kotlin/gradle/plugin/KotlinTargetsContainerWithPresets
instanceKlass org/jetbrains/kotlin/gradle/plugin/KotlinTargetsContainer
instanceKlass org/jetbrains/kotlin/gradle/dsl/KotlinJvmExtension
instanceKlass org/jetbrains/kotlin/gradle/dsl/KotlinPublishingDsl
instanceKlass org/jetbrains/kotlin/gradle/plugin/statistics/FinalizeConfigurationFusMetricActionKt
instanceKlass org/jetbrains/kotlin/gradle/targets/native/internal/SetupKotlinNativePlatformDependenciesAndStdlibKt$SetupKotlinNativePlatformDependenciesAndStdlib$1
instanceKlass org/jetbrains/kotlin/gradle/targets/native/internal/SetupKotlinNativePlatformDependenciesAndStdlibKt
instanceKlass org/jetbrains/kotlin/gradle/targets/native/internal/AddKotlinPlatformIntegersSupportLibraryKt
instanceKlass org/jetbrains/kotlin/gradle/internal/KotlinDependenciesManagementKt$CustomizeKotlinDependenciesSetupAction$1
instanceKlass org/jetbrains/kotlin/gradle/internal/KotlinDependenciesManagementKt
instanceKlass org/jetbrains/kotlin/gradle/plugin/mpp/ApplyUserDefinedAttributesKt
instanceKlass org/jetbrains/kotlin/gradle/plugin/KotlinProjectSetupActionKt$KotlinProjectSetupCoroutine$1
instanceKlass org/jetbrains/kotlin/gradle/plugin/KotlinProjectSetupActionKt
instanceKlass org/jetbrains/kotlin/gradle/plugin/mpp/SyncLanguageSettingsWithKotlinExtensionSetupActionKt
instanceKlass org/jetbrains/kotlin/gradle/plugin/diagnostics/KotlinToolingDiagnosticsSetupActionKt$KotlinToolingDiagnosticsSetupAction$1
instanceKlass org/jetbrains/kotlin/gradle/plugin/diagnostics/KotlinToolingDiagnosticsSetupActionKt
instanceKlass org/jetbrains/kotlin/gradle/tooling/BuildKotlinToolingMetadataTaskKt$RegisterBuildKotlinToolingMetadataTask$1
instanceKlass org/jetbrains/kotlin/gradle/tooling/BuildKotlinToolingMetadataTaskKt
instanceKlass org/jetbrains/kotlin/gradle/targets/js/npm/NpmDependencyExtensionKt$AddNpmDependencyExtensionProjectSetupAction$1
instanceKlass org/jetbrains/kotlin/gradle/targets/js/npm/NpmDependencyExtensionKt
instanceKlass org/jetbrains/kotlin/gradle/plugin/KotlinGradlePluginExtensionPointInternal
instanceKlass org/jetbrains/kotlin/gradle/plugin/KotlinGradlePluginExtensionPoint
instanceKlass org/jetbrains/kotlin/gradle/plugin/KotlinGradlePluginExtensionPointInternalKt
instanceKlass org/jetbrains/kotlin/gradle/plugin/KotlinProjectSetupAction$Companion
instanceKlass org/jetbrains/kotlin/gradle/plugin/KotlinProjectSetupAction
instanceKlass org/jetbrains/kotlin/gradle/plugin/RegisterKotlinPluginExtensionsKt
instanceKlass org/jetbrains/kotlin/gradle/utils/WhenPluginEnabledKt$whenPluginsEnabled$1
instanceKlass org/jetbrains/kotlin/gradle/utils/WhenPluginEnabledKt
instanceKlass org/jetbrains/kotlin/gradle/plugin/ProjectLocalConfigurations$ProjectLocalDisambiguation
instanceKlass org/jetbrains/kotlin/gradle/plugin/ProjectLocalConfigurations$ProjectLocalCompatibility
instanceKlass org/jetbrains/kotlin/gradle/plugin/ProjectLocalConfigurations$setupAttributesMatchingStrategy$1$1
instanceKlass org/jetbrains/kotlin/gradle/plugin/ProjectLocalConfigurations
instanceKlass org/jetbrains/kotlin/gradle/plugin/mpp/KotlinUsages$KotlinMetadataDisambiguation
instanceKlass org/jetbrains/kotlin/gradle/plugin/mpp/KotlinUsages$KotlinMetadataCompatibility
instanceKlass org/jetbrains/kotlin/gradle/plugin/mpp/KotlinUsages$KotlinCinteropDisambiguation
instanceKlass org/jetbrains/kotlin/gradle/plugin/mpp/KotlinUsages$KotlinCinteropCompatibility
instanceKlass org/jetbrains/kotlin/gradle/plugin/mpp/KotlinUsages$KotlinUsagesDisambiguation
instanceKlass org/jetbrains/kotlin/gradle/plugin/mpp/KotlinUsages$KotlinJavaRuntimeJarsCompatibility
instanceKlass org/jetbrains/kotlin/gradle/plugin/mpp/KotlinUsages$setupAttributesMatchingStrategy$1
instanceKlass org/jetbrains/kotlin/gradle/plugin/mpp/resources/resolve/KotlinTargetResourcesResolutionStrategy$Companion
instanceKlass org/jetbrains/kotlin/gradle/plugin/mpp/KotlinUsages
instanceKlass org/jetbrains/kotlin/gradle/plugin/KotlinPlatformType$DisambiguationRule
instanceKlass org/jetbrains/kotlin/gradle/plugin/KotlinPlatformType$CompatibilityRule
instanceKlass org/jetbrains/kotlin/gradle/plugin/KotlinPlatformType$Companion
instanceKlass org/jetbrains/kotlin/tooling/core/ExtrasPropertyKt$extrasLazyProperty$1
instanceKlass org/jetbrains/kotlin/tooling/core/ExtrasLazyProperty
instanceKlass org/jetbrains/kotlin/tooling/core/ExtrasProperty
instanceKlass org/jetbrains/kotlin/tooling/core/ExtrasPropertyKt
instanceKlass org/jetbrains/kotlin/tooling/core/TypeUtils$WhenMappings
instanceKlass org/jetbrains/kotlin/gradle/targets/metadata/KotlinMetadataTargetConfiguratorKt
instanceKlass org/jetbrains/kotlin/gradle/plugin/KotlinAndroidPlugin$Companion
instanceKlass org/jetbrains/kotlin/gradle/plugin/KotlinAndroidPlugin
instanceKlass org/jetbrains/kotlin/gradle/testing/internal/KotlinTestsRegistry$Companion
instanceKlass org/jetbrains/kotlin/gradle/utils/ProviderApiUtilsKt$mapOrNull$1
instanceKlass org/jetbrains/kotlin/gradle/dsl/JvmTarget$Companion
instanceKlass org/jetbrains/kotlin/gradle/dsl/KotlinCommonCompilerToolOptionsDefault
instanceKlass org/jetbrains/kotlin/gradle/utils/CompilerOptionsKt
instanceKlass org/jetbrains/kotlin/gradle/utils/Completable
instanceKlass org/jetbrains/kotlin/gradle/utils/FutureImpl
instanceKlass org/jetbrains/kotlin/gradle/utils/FutureKt
instanceKlass org/jetbrains/kotlin/gradle/utils/ProviderApiUtilsKt
instanceKlass org/jetbrains/kotlin/gradle/dsl/DefaultToolchainSupport$wireToolchainToTasks$1$1
instanceKlass org/jetbrains/kotlin/gradle/tasks/UsesKotlinJavaToolchain
instanceKlass org/jetbrains/kotlin/gradle/dsl/DefaultToolchainSupport$wireToolchainToTasks$1
instanceKlass org/jetbrains/kotlin/gradle/dsl/DefaultToolchainSupport
instanceKlass org/jetbrains/kotlin/gradle/dsl/ToolchainSupport$Companion
instanceKlass org/jetbrains/kotlin/gradle/plugin/sources/KotlinSourceSetFactory$Companion
instanceKlass org/jetbrains/kotlin/gradle/plugin/sources/KotlinSourceSetFactory
instanceKlass org/jetbrains/kotlin/tooling/core/MutableExtrasImpl$Companion
instanceKlass org/jetbrains/kotlin/tooling/core/AbstractExtras
instanceKlass org/jetbrains/kotlin/tooling/core/ExtrasUtilsKt
instanceKlass org/jetbrains/kotlin/buildtools/api/ExperimentalBuildToolsApi
instanceKlass org/jetbrains/kotlin/gradle/ExperimentalKotlinGradlePluginApi
instanceKlass org/jetbrains/kotlin/gradle/dsl/KotlinGradlePluginDsl
instanceKlass org/jetbrains/kotlin/gradle/dsl/KotlinGradlePluginPublicDsl
instanceKlass org/jetbrains/kotlin/gradle/plugin/KotlinSourceSet
instanceKlass org/jetbrains/kotlin/gradle/plugin/HasKotlinDependencies
instanceKlass org/jetbrains/kotlin/gradle/dsl/ToolchainSupport
instanceKlass org/jetbrains/kotlin/tooling/core/MutableExtras
instanceKlass org/jetbrains/kotlin/tooling/core/Extras
instanceKlass org/jetbrains/kotlin/gradle/utils/CompletableFuture
instanceKlass org/jetbrains/kotlin/gradle/utils/Future
instanceKlass org/jetbrains/kotlin/gradle/dsl/KotlinJvmCompilerOptions
instanceKlass org/jetbrains/kotlin/gradle/dsl/KotlinCommonCompilerOptions
instanceKlass org/jetbrains/kotlin/gradle/dsl/KotlinCommonCompilerToolOptions
instanceKlass org/jetbrains/kotlin/gradle/plugin/mpp/AbstractKotlinTarget
instanceKlass org/jetbrains/kotlin/gradle/plugin/mpp/InternalKotlinTarget
instanceKlass org/jetbrains/kotlin/gradle/plugin/KotlinTarget
instanceKlass org/jetbrains/kotlin/gradle/dsl/KotlinProjectExtensionKt
instanceKlass org/jetbrains/kotlin/gradle/plugin/mpp/apple/swiftexport/internal/SwiftExportInitKt
instanceKlass org/jetbrains/kotlin/compilerRunner/GradleCliCommonizerKt$maybeCreateCommonizerClasspathConfiguration$1$1
instanceKlass org/jetbrains/kotlin/gradle/plugin/KotlinTargetConfiguratorKt
instanceKlass org/jetbrains/kotlin/compilerRunner/GradleCliCommonizerKt
instanceKlass org/jetbrains/kotlin/gradle/targets/native/toolchain/KotlinNativeBundleBuildService$Companion$registerIfAbsent$2$1$1
instanceKlass org/jetbrains/kotlin/gradle/targets/native/toolchain/UsesKotlinNativeBundleBuildService
instanceKlass org/jetbrains/kotlin/gradle/targets/native/toolchain/KotlinNativeBundleBuildService$Parameters_Decorated
instanceKlass org/jetbrains/kotlin/gradle/targets/native/toolchain/KotlinNativeBundleBuildService$Parameters
instanceKlass org/jetbrains/kotlin/gradle/targets/native/toolchain/KotlinNativeBundleBuildService$Companion$registerIfAbsent$1
instanceKlass org/jetbrains/kotlin/gradle/utils/GradleUtilsKt$registerClassLoaderScopedBuildService$1
instanceKlass org/jetbrains/kotlin/gradle/targets/native/internal/PlatformLibrariesGenerator$GeneratedPlatformLibrariesService
instanceKlass org/jetbrains/kotlin/gradle/targets/native/internal/PlatformLibrariesGenerator$Companion
instanceKlass org/jetbrains/kotlin/gradle/targets/native/internal/PlatformLibrariesGenerator
instanceKlass org/jetbrains/kotlin/gradle/targets/native/KonanPropertiesBuildService$Companion$registerIfAbsent$2$1$1
instanceKlass org/jetbrains/kotlin/gradle/targets/native/UsesKonanPropertiesBuildService
instanceKlass org/jetbrains/kotlin/gradle/internal/properties/NativePropertiesLoader$nativeCacheKind$1
instanceKlass org/jetbrains/kotlin/gradle/internal/properties/NativePropertiesLoader$shouldUseEmbeddableCompilerJar$1
instanceKlass org/jetbrains/kotlin/gradle/internal/properties/NativePropertiesLoader$actualNativeHomeDirectory$3
instanceKlass org/jetbrains/kotlin/gradle/internal/properties/NativePropertiesLoader$actualNativeHomeDirectory$2
instanceKlass org/jetbrains/kotlin/gradle/internal/properties/NativePropertiesLoader$actualNativeHomeDirectory$1
instanceKlass org/jetbrains/kotlin/gradle/internal/properties/NativePropertiesLoader$userProvidedNativeHome$1
instanceKlass org/jetbrains/kotlin/gradle/internal/properties/NativePropertiesLoader$isToolchainEnabled$1
instanceKlass org/jetbrains/kotlin/gradle/internal/properties/NativePropertiesLoader$downloadFromMaven$1
instanceKlass org/jetbrains/kotlin/gradle/internal/properties/NativePropertiesLoader$konanDataDirProperty$1
instanceKlass org/jetbrains/kotlin/gradle/internal/properties/NativePropertiesLoader$forceDisableRunningInProcess$1
instanceKlass org/jetbrains/kotlin/gradle/internal/properties/NativePropertiesLoader$jvmArgs$1
instanceKlass org/jetbrains/kotlin/gradle/internal/properties/NativePropertiesLoader$kotlinNativeVersion$1
instanceKlass org/jetbrains/kotlin/gradle/internal/properties/NativePropertiesLoader$isUseXcodeMessageStyleEnabled$1
instanceKlass org/jetbrains/kotlin/gradle/internal/properties/PropertiesBuildServiceKt
instanceKlass org/jetbrains/kotlin/gradle/internal/properties/PropertiesBuildService$NullableStringGradleProperty
instanceKlass org/jetbrains/kotlin/gradle/internal/properties/NativePropertiesLoader$Companion
instanceKlass org/jetbrains/kotlin/gradle/internal/properties/NativePropertiesLoader
instanceKlass org/jetbrains/kotlin/gradle/internal/properties/NativeProperties
instanceKlass org/jetbrains/kotlin/gradle/internal/properties/NativePropertiesKt
instanceKlass org/jetbrains/kotlin/gradle/targets/native/KonanPropertiesBuildService$Parameters_Decorated
instanceKlass org/jetbrains/kotlin/gradle/targets/native/KonanPropertiesBuildService$Parameters
instanceKlass org/jetbrains/kotlin/gradle/targets/native/KonanPropertiesBuildService$Companion$registerIfAbsent$1
instanceKlass org/jetbrains/kotlin/gradle/targets/native/KonanPropertiesBuildService$Companion
instanceKlass org/jetbrains/kotlin/gradle/targets/native/KonanPropertiesBuildService
instanceKlass org/jetbrains/kotlin/gradle/internal/ClassLoadersCachingBuildService$Companion$registerIfAbsent$2$1$1
instanceKlass org/jetbrains/kotlin/gradle/internal/UsesClassLoadersCachingBuildService
instanceKlass org/jetbrains/kotlin/gradle/plugin/PropertiesProvider$classLoaderCacheTimeoutInSeconds$1
instanceKlass org/jetbrains/kotlin/gradle/internal/ClassLoadersCachingBuildService$Parameters_Decorated
instanceKlass org/jetbrains/kotlin/gradle/internal/ClassLoadersCachingBuildService$Parameters
instanceKlass org/jetbrains/kotlin/gradle/internal/ClassLoadersCachingBuildService$Companion$registerIfAbsent$1
instanceKlass org/jetbrains/kotlin/gradle/internal/ClassLoadersCachingBuildService$Companion
instanceKlass org/jetbrains/kotlin/gradle/internal/ClassLoadersCachingBuildService
instanceKlass org/jetbrains/kotlin/gradle/targets/native/toolchain/KotlinNativeBundleBuildService$Companion
instanceKlass org/jetbrains/kotlin/gradle/targets/native/toolchain/KotlinNativeBundleBuildService
instanceKlass org/jetbrains/kotlin/gradle/report/BuildMetricsService$Companion
instanceKlass org/jetbrains/kotlin/gradle/report/BuildMetricsService
instanceKlass org/jetbrains/kotlin/gradle/plugin/KotlinGradleBuildServices$detectKotlinPluginLoadedInMultipleProjects$onRegister$1$1
instanceKlass org/jetbrains/kotlin/gradle/plugin/KotlinGradleFinishBuildHandler$Companion
instanceKlass org/jetbrains/kotlin/gradle/plugin/KotlinGradleFinishBuildHandler
instanceKlass org/jetbrains/kotlin/gradle/plugin/KotlinPluginInMultipleProjectsHolder
instanceKlass org/jetbrains/kotlin/gradle/plugin/KotlinGradleBuildServices$Parameters$Inject_
instanceKlass org/jetbrains/kotlin/gradle/utils/PersistentCachesKt
instanceKlass org/jetbrains/kotlin/gradle/plugin/KotlinGradleBuildServices$Parameters_Decorated
instanceKlass org/jetbrains/kotlin/gradle/plugin/KotlinGradleBuildServices$Parameters
instanceKlass org/jetbrains/kotlin/gradle/plugin/KotlinGradleBuildServices$Companion$registerIfAbsent$1
instanceKlass org/jetbrains/kotlin/gradle/plugin/KotlinGradleBuildServices$Companion
instanceKlass org/jetbrains/kotlin/gradle/plugin/KotlinGradleBuildServices
instanceKlass org/jetbrains/kotlin/gradle/utils/GradleAttributesContainerUtilsKt
instanceKlass org/jetbrains/kotlin/gradle/utils/GradleConfigurationUtilsKt$addGradlePluginMetadataAttributes$1
instanceKlass org/jetbrains/kotlin/gradle/utils/GradleConfigurationUtilsKt
instanceKlass org/jetbrains/kotlin/gradle/plugin/DefaultKotlinBasePlugin$addKotlinCompilerConfiguration$3
instanceKlass org/jetbrains/kotlin/gradle/internal/tasks/TaskWithLocalState
instanceKlass org/jetbrains/kotlin/gradle/internal/CompilerArgumentAware
instanceKlass org/jetbrains/kotlin/gradle/plugin/KotlinCompilerArgumentsProducer
instanceKlass org/jetbrains/kotlin/gradle/tasks/KotlinCompileTool
instanceKlass org/jetbrains/kotlin/gradle/plugin/DefaultKotlinBasePlugin$addKotlinCompilerConfiguration$2$1
instanceKlass org/jetbrains/kotlin/gradle/plugin/DefaultKotlinBasePlugin$addKotlinCompilerConfiguration$1
instanceKlass org/jetbrains/kotlin/gradle/utils/ConfigurationsKt$sam$org_gradle_api_Action$0
instanceKlass org/jetbrains/kotlin/gradle/utils/ConfigurationsKt
instanceKlass org/jetbrains/kotlin/gradle/plugin/DefaultKotlinBasePlugin$apply$1
instanceKlass org/jetbrains/kotlin/gradle/plugin/statistics/BuildFusService$Companion$registerIfAbsent$1$1$1
instanceKlass org/jetbrains/kotlin/gradle/plugin/statistics/UsesBuildFusService
instanceKlass org/jetbrains/kotlin/gradle/plugin/BuildEventsListenerRegistryHolder$Companion
instanceKlass org/jetbrains/kotlin/gradle/plugin/BuildEventsListenerRegistryHolder
instanceKlass org/jetbrains/kotlin/gradle/plugin/statistics/FlowActionBuildFusService$getConfigurationTimeMetrics$1
instanceKlass org/jetbrains/kotlin/gradle/fus/internal/SynchronizedConfigurationMetrics$Companion
instanceKlass org/jetbrains/kotlin/gradle/plugin/statistics/NonSynchronizedMetricsContainer
instanceKlass org/jetbrains/kotlin/gradle/fus/internal/SynchronizedConfigurationMetrics
instanceKlass org/jetbrains/kotlin/gradle/plugin/statistics/BuildFusService$Parameters$Inject_
instanceKlass org/jetbrains/kotlin/gradle/plugin/statistics/KotlinBuildStatisticsUtilsKt$collectGeneralConfigurationTimeMetrics$statisticOverhead$1$2
instanceKlass org/jetbrains/kotlin/gradle/plugin/statistics/KotlinBuildStatisticsUtilsKt
instanceKlass org/jetbrains/kotlin/gradle/plugin/StatisticsBuildFlowManager$subscribeForBuildResultAndConfigurationTimeMetrics$1$1
instanceKlass org/jetbrains/kotlin/gradle/plugin/BuildFinishAndConfigurationTimeMetricsFlowAction$Parameters_Decorated
instanceKlass org/jetbrains/kotlin/gradle/plugin/BuildFinishAndConfigurationTimeMetricsFlowAction$Parameters
instanceKlass org/jetbrains/kotlin/gradle/plugin/StatisticsBuildFlowManager$subscribeForBuildResultAndConfigurationTimeMetrics$1
instanceKlass org/jetbrains/kotlin/gradle/plugin/BuildFinishAndConfigurationTimeMetricsFlowAction
instanceKlass org/jetbrains/kotlin/gradle/internal/report/BuildScanApi
instanceKlass org/jetbrains/kotlin/gradle/plugin/StatisticsBuildFlowManager$Companion
instanceKlass org/jetbrains/kotlin/gradle/plugin/StatisticsBuildFlowManager
instanceKlass org/jetbrains/kotlin/gradle/plugin/statistics/FlowActionBuildFusService$Companion$registerIfAbsentImpl$1$1
instanceKlass org/jetbrains/kotlin/gradle/plugin/statistics/BuildFusService$Parameters_Decorated
instanceKlass org/jetbrains/kotlin/gradle/plugin/statistics/MetricContainer
instanceKlass org/jetbrains/kotlin/gradle/plugin/statistics/BuildFusService$Parameters
instanceKlass org/jetbrains/kotlin/gradle/plugin/statistics/FlowActionBuildFusService$Companion$registerIfAbsentImpl$1
instanceKlass org/jetbrains/kotlin/gradle/plugin/statistics/FlowActionBuildFusService$Companion
instanceKlass org/jetbrains/kotlin/gradle/plugin/statistics/BuildFusService$Companion$registerIfAbsentImpl$generalConfigurationMetricsProvider$1
instanceKlass org/jetbrains/kotlin/gradle/report/ReportingSettings$Companion
instanceKlass org/jetbrains/kotlin/gradle/report/ReportingSettings
instanceKlass org/jetbrains/kotlin/gradle/report/BuildReportType$Companion
instanceKlass org/jetbrains/kotlin/gradle/report/BuildReportMode$Companion
instanceKlass org/jetbrains/kotlin/build/report/metrics/GradleBuildPerformanceMetric$Companion
instanceKlass org/jetbrains/kotlin/build/report/metrics/BuildPerformanceMetric
instanceKlass org/jetbrains/kotlin/build/report/metrics/GradleBuildTime$Companion
instanceKlass org/jetbrains/kotlin/build/report/metrics/BuildTime
instanceKlass org/jetbrains/kotlin/gradle/report/ConfigureReporingKt
instanceKlass org/jetbrains/kotlin/gradle/plugin/statistics/old/Pre232IdeaKotlinBuildStatsMXBean
instanceKlass org/jetbrains/kotlin/statistics/metrics/NumericalMetrics$Companion
instanceKlass org/jetbrains/kotlin/statistics/metrics/BooleanMetrics$Companion
instanceKlass org/jetbrains/kotlin/statistics/metrics/StringMetrics$Companion
instanceKlass org/jetbrains/kotlin/statistics/metrics/StringAnonymizationPolicy$AllowedListAnonymizer$Companion
instanceKlass org/jetbrains/kotlin/statistics/metrics/StringAnonymizationPolicy
instanceKlass org/jetbrains/kotlin/statistics/ValueAnonymizer
instanceKlass org/jetbrains/kotlin/statistics/metrics/IMetricContainerFactory
instanceKlass org/jetbrains/kotlin/statistics/fileloggers/MetricsContainer$Companion
instanceKlass org/jetbrains/kotlin/statistics/fileloggers/MetricsContainer
instanceKlass org/jetbrains/kotlin/statistics/BuildSessionLogger$Companion
instanceKlass org/jetbrains/kotlin/statistics/BuildSessionLogger
instanceKlass org/jetbrains/kotlin/gradle/plugin/statistics/KotlinBuildStatsConfiguration$Companion
instanceKlass org/jetbrains/kotlin/gradle/plugin/statistics/KotlinBuildStatsConfiguration
instanceKlass org/jetbrains/kotlin/gradle/plugin/statistics/KotlinBuildStatsLoggerService$Companion
instanceKlass org/jetbrains/kotlin/gradle/plugin/statistics/KotlinBuildStatsLoggerService
instanceKlass org/jetbrains/kotlin/gradle/plugin/statistics/KotlinBuildStatsMXBean
instanceKlass org/jetbrains/kotlin/gradle/plugin/statistics/KotlinBuildStatsServicesRegistry$Companion
instanceKlass org/jetbrains/kotlin/gradle/plugin/statistics/KotlinBuildStatsServicesRegistry
instanceKlass org/jetbrains/kotlin/gradle/utils/ReportUtilsKt
instanceKlass org/jetbrains/kotlin/gradle/plugin/statistics/KotlinBuildStatsBeanService$Companion
instanceKlass org/jetbrains/kotlin/gradle/plugin/statistics/KotlinBuildStatsBeanService
instanceKlass org/jetbrains/kotlin/statistics/metrics/StatisticsValuesConsumer
instanceKlass org/jetbrains/kotlin/gradle/plugin/internal/DefaultConfigurationCacheStartParameterAccessor
instanceKlass org/jetbrains/kotlin/gradle/plugin/internal/ConfigurationCacheStartParameterAccessorKt
instanceKlass org/jetbrains/kotlin/gradle/plugin/internal/DefaultProjectIsolationStartParameterAccessor
instanceKlass org/jetbrains/kotlin/gradle/plugin/VariantImplementationFactories$Parameters$Inject_
instanceKlass org/jetbrains/kotlin/gradle/plugin/internal/ConfigurationCacheStartParameterAccessor
instanceKlass org/jetbrains/kotlin/gradle/plugin/internal/DefaultCompatibilityConventionRegistrar
instanceKlass org/jetbrains/kotlin/gradle/plugin/internal/CompatibilityConventionRegistrar
instanceKlass org/jetbrains/kotlin/gradle/plugin/internal/DefaultMavenPublicationComponentAccessor
instanceKlass org/jetbrains/kotlin/gradle/plugin/internal/MavenPublicationComponentAccessor
instanceKlass org/jetbrains/kotlin/gradle/plugin/internal/JavaExecTaskParametersCompatibility
instanceKlass org/jetbrains/kotlin/gradle/plugin/internal/ProjectIsolationStartParameterAccessor
instanceKlass org/jetbrains/kotlin/gradle/plugin/VariantImplementationFactories$Companion$getProvider$2$1$1
instanceKlass org/jetbrains/kotlin/gradle/utils/SingleAction$PerformedActions
instanceKlass org/jetbrains/kotlin/gradle/plugin/UsesVariantImplementationFactories
instanceKlass org/jetbrains/kotlin/gradle/utils/SingleAction
instanceKlass org/jetbrains/kotlin/gradle/plugin/VariantImplementationFactories$Parameters_Decorated
instanceKlass org/jetbrains/kotlin/gradle/plugin/VariantImplementationFactories$Parameters
instanceKlass org/jetbrains/kotlin/gradle/plugin/VariantImplementationFactories$Companion$getProvider$1
instanceKlass org/jetbrains/kotlin/gradle/plugin/VariantImplementationFactories$Companion
instanceKlass org/jetbrains/kotlin/gradle/plugin/VariantImplementationFactories
instanceKlass org/jetbrains/kotlin/gradle/plugin/internal/ProjectIsolationStartParameterAccessorKt
instanceKlass org/jetbrains/kotlin/gradle/plugin/GradleUtilsKt
instanceKlass org/jetbrains/kotlin/gradle/plugin/PropertiesProvider$booleanProvider$1
instanceKlass org/jetbrains/kotlin/gradle/plugin/PropertiesProvider$propertyWithDeprecatedValues$1
instanceKlass org/jetbrains/kotlin/gradle/internal/properties/PropertiesBuildService$property$1$1
instanceKlass org/jetbrains/kotlin/gradle/internal/properties/PropertiesBuildService$property$1$valueFromGradleAndLocalProperties$1
instanceKlass org/jetbrains/kotlin/gradle/internal/properties/PropertiesBuildService$MemoizedCallable
instanceKlass org/jetbrains/kotlin/gradle/internal/properties/PropertiesBuildService$property$1
instanceKlass org/jetbrains/kotlin/gradle/plugin/PropertiesProvider$PropertyNames
instanceKlass org/jetbrains/kotlin/gradle/internal/properties/PropertiesBuildService$IntGradleProperty
instanceKlass org/jetbrains/kotlin/gradle/internal/properties/PropertiesBuildService$BooleanGradleProperty
instanceKlass org/jetbrains/kotlin/gradle/internal/properties/PropertiesBuildService$NullableBooleanGradleProperty
instanceKlass org/jetbrains/kotlin/gradle/internal/properties/PropertiesBuildService$GradleProperty
instanceKlass org/jetbrains/kotlin/gradle/internal/properties/PropertiesBuildService$Params$Inject_
instanceKlass org/jetbrains/kotlin/gradle/plugin/internal/CustomPropertiesFileValueSource$Parameters$Inject_
instanceKlass org/jetbrains/kotlin/gradle/plugin/internal/CustomPropertiesFileValueSource$Parameters_Decorated
instanceKlass org/jetbrains/kotlin/gradle/plugin/internal/CustomPropertiesFileValueSource$Parameters
instanceKlass org/jetbrains/kotlin/gradle/utils/FileUtilsKt$localProperties$1
instanceKlass org/jetbrains/kotlin/gradle/plugin/internal/CustomPropertiesFileValueSource
instanceKlass org/jetbrains/kotlin/gradle/utils/FileUtilsKt
instanceKlass org/jetbrains/kotlin/gradle/internal/properties/PropertiesBuildService$Params_Decorated
instanceKlass org/jetbrains/kotlin/gradle/internal/properties/PropertiesBuildService$Params
instanceKlass org/jetbrains/kotlin/gradle/utils/GradleUtilsKt
instanceKlass org/jetbrains/kotlin/gradle/internal/properties/PropertiesBuildService$Companion$registerIfAbsent$1
instanceKlass org/jetbrains/kotlin/gradle/internal/properties/PropertiesBuildService$Companion
instanceKlass org/jetbrains/kotlin/gradle/internal/properties/PropertiesBuildService
instanceKlass org/jetbrains/kotlin/gradle/plugin/PropertiesProvider$kotlinExperimentalTryNext$1
instanceKlass org/jetbrains/kotlin/gradle/plugin/PropertiesProvider$Companion
instanceKlass org/jetbrains/kotlin/gradle/plugin/PropertiesProvider
instanceKlass org/jetbrains/kotlin/gradle/internal/IdeaKt$isInIdeaSync$1
instanceKlass org/jetbrains/kotlin/gradle/internal/IsInIdeaSyncValueSource
instanceKlass org/jetbrains/kotlin/gradle/internal/IdeaKt
instanceKlass org/jetbrains/kotlin/gradle/plugin/statistics/BuildFusServiceKt
instanceKlass org/jetbrains/kotlin/gradle/plugin/statistics/BuildFusService$Companion
instanceKlass org/jetbrains/kotlin/gradle/plugin/statistics/BuildFusService
instanceKlass org/jetbrains/kotlin/gradle/fus/BuildUidService$Companion$registerIfAbsent$1
instanceKlass org/jetbrains/kotlin/gradle/fus/BuildUidService$Companion
instanceKlass org/jetbrains/kotlin/gradle/fus/BuildUidService
instanceKlass org/jetbrains/kotlin/gradle/internal/diagnostics/AgpCompatibilityCheck$runAgpCompatibilityCheckIfAgpIsApplied$1$1
instanceKlass org/jetbrains/kotlin/gradle/utils/AndroidPluginIdsKt
instanceKlass org/jetbrains/kotlin/gradle/internal/diagnostics/AgpCompatibilityCheck$AndroidGradlePluginVersionProvider$Default
instanceKlass org/jetbrains/kotlin/gradle/internal/diagnostics/AgpCompatibilityCheck$AndroidGradlePluginVersionProvider
instanceKlass org/jetbrains/kotlin/gradle/plugin/AndroidGradlePluginVersionKt
instanceKlass org/jetbrains/kotlin/gradle/plugin/AndroidGradlePluginVersion$Companion
instanceKlass org/jetbrains/kotlin/gradle/plugin/AndroidGradlePluginVersion
instanceKlass org/jetbrains/kotlin/gradle/internal/diagnostics/AgpCompatibilityCheck
instanceKlass org/jetbrains/kotlin/gradle/internal/diagnostics/GradleCompatibilityCheck$DefaultCurrentGradleVersionProvider
instanceKlass org/jetbrains/kotlin/gradle/internal/diagnostics/GradleCompatibilityCheck$CurrentGradleVersionProvider
instanceKlass org/jetbrains/kotlin/gradle/internal/diagnostics/GradleCompatibilityCheck
instanceKlass org/jetbrains/kotlin/gradle/plugin/internal/DefaultJavaExecTaskParametersCompatibility$Factory
instanceKlass org/jetbrains/kotlin/gradle/plugin/internal/JavaExecTaskParametersCompatibility$Factory
instanceKlass org/jetbrains/kotlin/gradle/plugin/internal/DefaultMavenPublicationComponentAccessorFactory
instanceKlass org/jetbrains/kotlin/gradle/plugin/internal/MavenPublicationComponentAccessor$Factory
instanceKlass org/jetbrains/kotlin/gradle/plugin/internal/DefaultConfigurationCacheStartParameterAccessorVariantFactory
instanceKlass org/jetbrains/kotlin/gradle/plugin/internal/ConfigurationCacheStartParameterAccessor$Factory
instanceKlass org/jetbrains/kotlin/gradle/plugin/internal/DefaultCompatibilityConventionRegistrar$Factory
instanceKlass org/jetbrains/kotlin/gradle/plugin/internal/CompatibilityConventionRegistrar$Factory
instanceKlass org/jetbrains/kotlin/gradle/plugin/internal/DefaultProjectIsolationStartParameterAccessor$Factory
instanceKlass org/jetbrains/kotlin/gradle/plugin/internal/ProjectIsolationStartParameterAccessor$Factory
instanceKlass org/jetbrains/kotlin/gradle/plugin/VariantImplementationFactories$VariantImplementationFactory
instanceKlass org/jetbrains/kotlin/gradle/plugin/VariantImplementationFactoriesConfigurator$Companion$getProvider$1
instanceKlass org/jetbrains/kotlin/gradle/plugin/VariantImplementationFactoriesConfigurator$Companion
instanceKlass org/jetbrains/kotlin/gradle/plugin/VariantImplementationFactoriesConfigurator
instanceKlass org/jetbrains/kotlin/gradle/internal/diagnostics/KotlinCompilerEmbeddableCheck
instanceKlass org/jetbrains/kotlin/gradle/plugin/PluginWrappersKt
instanceKlass org/jetbrains/kotlin/gradle/utils/ResourceUtilsKt
instanceKlass org/jetbrains/kotlin/gradle/plugin/KotlinPluginWrapperKt$kotlinPluginVersionFromResources$1$1
instanceKlass org/jetbrains/kotlin/gradle/logging/GradleLoggingUtilsKt
instanceKlass org/jetbrains/kotlin/gradle/utils/StoredLazyProperty
instanceKlass org/jetbrains/kotlin/gradle/utils/StoredProperty
instanceKlass org/jetbrains/kotlin/tooling/core/TypeUtils
instanceKlass org/jetbrains/kotlin/gradle/utils/StoredPropertyStorage
instanceKlass org/jetbrains/kotlin/tooling/core/Extras$Type$Companion
instanceKlass org/jetbrains/kotlin/tooling/core/Extras$Type
instanceKlass org/jetbrains/kotlin/tooling/core/Extras$Key$Companion
instanceKlass org/jetbrains/kotlin/tooling/core/Extras$Key
instanceKlass org/jetbrains/kotlin/gradle/utils/StoredPropertyKt
instanceKlass org/jetbrains/kotlin/gradle/plugin/KotlinPluginWrapperKt
instanceKlass org/jetbrains/kotlin/gradle/dsl/KotlinProjectExtension
instanceKlass org/jetbrains/kotlin/gradle/plugin/HasProject
instanceKlass org/jetbrains/kotlin/tooling/core/HasMutableExtras
instanceKlass org/jetbrains/kotlin/tooling/core/HasExtras
instanceKlass org/jetbrains/kotlin/gradle/dsl/KotlinAndroidExtension
instanceKlass org/jetbrains/kotlin/gradle/dsl/HasConfigurableKotlinCompilerOptions
instanceKlass org/jetbrains/kotlin/gradle/dsl/KotlinBaseExtension
instanceKlass org/jetbrains/kotlin/gradle/dsl/KotlinTopLevelExtension
instanceKlass org/jetbrains/kotlin/gradle/plugin/KotlinSourceSetContainer
instanceKlass org/jetbrains/kotlin/gradle/dsl/KotlinTopLevelExtensionConfig
instanceKlass org/jetbrains/kotlin/gradle/testing/internal/KotlinTestsRegistry
instanceKlass org/jetbrains/kotlin/gradle/plugin/DefaultKotlinBasePlugin
instanceKlass org/jetbrains/kotlin/gradle/plugin/KotlinBasePlugin
instanceKlass com/android/build/gradle/api/AndroidBasePlugin
instanceKlass com/android/build/gradle/internal/crash/CrashReporting$afterEvaluate$1
instanceKlass com/android/build/gradle/internal/plugins/BasePlugin$createTasks$2
instanceKlass com/android/build/gradle/internal/TaskManager$Companion$createCoreLibraryDesugaringConfig$1
instanceKlass com/android/build/gradle/internal/TaskManager$Companion$createTasksBeforeEvaluate$9
instanceKlass com/android/build/gradle/internal/TaskManager$Companion$createTasksBeforeEvaluate$8
instanceKlass com/android/build/gradle/internal/lint/AndroidLintGlobalTask$UpdateBaselineCreationAction$Companion
instanceKlass com/android/build/gradle/internal/lint/LintTaskManager$createBeforeEvaluateLintTasks$1
instanceKlass com/android/build/gradle/internal/lint/AndroidLintGlobalTask$GlobalCreationAction$Companion
instanceKlass com/android/build/gradle/internal/lint/AndroidLintGlobalTask$LintFixCreationAction$Companion
instanceKlass com/android/build/gradle/internal/lint/LintTaskManager$Companion
instanceKlass com/android/build/gradle/internal/lint/LintTaskManager
instanceKlass com/android/build/gradle/internal/TaskManager$Companion$createTasksBeforeEvaluate$6
instanceKlass com/android/build/gradle/internal/TaskManager$Companion$createTasksBeforeEvaluate$5
instanceKlass com/android/build/gradle/internal/TaskManager$Companion$createTasksBeforeEvaluate$4
instanceKlass com/android/build/api/artifact/impl/SingleInitialProviderRequestImpl$on$2
instanceKlass com/android/build/api/artifact/impl/SingleInitialProviderRequestImpl$on$1
instanceKlass com/android/build/api/artifact/impl/ArtifactNamingContext
instanceKlass com/android/build/api/artifact/impl/SinglePropertyAdapter
instanceKlass com/android/build/api/artifact/impl/PropertyAdapter
instanceKlass com/android/build/api/artifact/impl/ArtifactContainer
instanceKlass com/android/build/api/artifact/impl/SingleInitialProviderRequestImpl
instanceKlass com/android/build/gradle/internal/tasks/factory/TaskConfigurationActions
instanceKlass com/android/build/gradle/internal/tasks/factory/TaskFactoryUtils
instanceKlass com/android/build/gradle/internal/tasks/UsesAnalytics
instanceKlass com/android/build/gradle/internal/tasks/GlobalTask
instanceKlass com/android/build/gradle/internal/tasks/factory/TaskCreationAction
instanceKlass com/android/build/gradle/internal/tasks/factory/TaskConfigAction
instanceKlass com/android/build/gradle/internal/tasks/factory/TaskProviderCallback
instanceKlass com/android/build/gradle/internal/tasks/factory/PreConfigAction
instanceKlass com/android/build/gradle/internal/tasks/factory/TaskInformation
instanceKlass com/android/build/gradle/internal/TaskManager$Companion$createTasksBeforeEvaluate$3
instanceKlass com/android/build/gradle/internal/TaskManager$Companion$createTasksBeforeEvaluate$2
instanceKlass com/android/build/gradle/internal/TaskManager$Companion$createTasksBeforeEvaluate$1
instanceKlass com/android/build/gradle/internal/tasks/factory/TaskFactoryImpl
instanceKlass com/android/build/gradle/internal/tasks/factory/TaskFactory
instanceKlass com/android/build/gradle/internal/services/TaskCreationServices
instanceKlass com/android/build/gradle/internal/services/VariantServices
instanceKlass com/android/build/gradle/internal/services/VariantBuilderServices
instanceKlass com/android/build/gradle/internal/api/ReadOnlyObjectProvider
instanceKlass com/android/build/gradle/internal/api/VariantFilter
instanceKlass com/android/build/gradle/options/SigningOptions
instanceKlass com/android/build/gradle/internal/tasks/SigningConfigUtils$Companion
instanceKlass com/android/build/gradle/internal/tasks/SigningConfigUtils
instanceKlass com/android/build/gradle/internal/VariantManager$Companion
instanceKlass com/android/build/gradle/internal/TaskManager$Companion
instanceKlass com/android/build/gradle/internal/plugins/BasePlugin$createTasks$1
instanceKlass com/android/build/gradle/internal/plugins/AndroidPluginBaseServices$applyBaseServices$4
instanceKlass org/gradle/testing/jacoco/plugins/JacocoPlugin
instanceKlass com/google/common/collect/ObjectArrays
instanceKlass com/google/common/base/Joiner
instanceKlass com/android/utils/FileUtils
instanceKlass com/android/build/api/artifact/Artifact$Replaceable
instanceKlass com/android/build/gradle/ProguardFiles
instanceKlass com/android/builder/core/AbstractBuildType$Companion
instanceKlass com/android/build/gradle/internal/dsl/BuildType$Companion
instanceKlass com/android/build/gradle/internal/dsl/PostProcessingBlock
instanceKlass com/android/build/api/dsl/PostProcessing
instanceKlass com/android/build/gradle/internal/ProguardFilesProvider
instanceKlass com/android/builder/signing/DefaultSigningConfig$Companion
instanceKlass com/android/builder/signing/DefaultSigningConfig$DebugSigningConfig
instanceKlass com/android/build/gradle/internal/cxx/gradle/generator/CxxMetadataGenerator
instanceKlass com/android/build/gradle/internal/cxx/model/CxxAbiModel
instanceKlass com/android/builder/model/v2/models/ndk/NativeModule
instanceKlass com/android/builder/model/v2/AndroidModel
instanceKlass com/android/builder/model/v2/models/ndk/NativeModelBuilderParameter
instanceKlass com/android/build/gradle/internal/cxx/configure/NativeModelBuilderOutcomeOrBuilder
instanceKlass com/android/build/gradle/internal/ide/v2/NativeModelBuilder
instanceKlass com/android/build/gradle/internal/ide/v2/ModelBuilder$Companion
instanceKlass com/android/build/gradle/internal/ide/v2/ModelBuilder
instanceKlass com/android/build/gradle/internal/variant/VariantModelImpl
instanceKlass com/android/build/gradle/internal/tasks/factory/GlobalTaskNamesImpl
instanceKlass com/android/build/gradle/internal/tasks/factory/GlobalTaskNames
instanceKlass com/android/build/api/artifact/impl/ScopedArtifactsImpl
instanceKlass com/android/build/api/variant/ScopedArtifacts
instanceKlass com/android/build/api/variant/impl/DeferredActionManager
instanceKlass com/android/build/api/artifact/impl/TypedStorageProvider
instanceKlass com/android/build/api/artifact/impl/StorageProviderImpl
instanceKlass com/android/build/api/artifact/impl/ArtifactsImpl
instanceKlass com/android/build/api/artifact/Artifacts
instanceKlass com/android/build/gradle/internal/core/ToolExecutionOptions
instanceKlass com/android/build/gradle/internal/core/ExecutionProfileOptions
instanceKlass com/android/build/gradle/internal/core/SettingsOptionsKt
instanceKlass com/android/build/gradle/internal/services/FakeDependencyJarBuildService$FakeDependencyJarCreator$Params$Inject_
instanceKlass com/android/build/gradle/internal/services/FakeDependencyJarBuildService$FakeDependencyJarCreator$Params_Decorated
instanceKlass com/android/build/gradle/internal/services/FakeDependencyJarBuildService$FakeDependencyJarCreator$Params
instanceKlass com/android/build/gradle/internal/services/FakeDependencyJarBuildService$lazyCachedFakeJar$1
instanceKlass com/android/build/gradle/internal/services/FakeDependencyJarBuildService$FakeDependencyJarCreator
instanceKlass com/android/build/gradle/internal/services/FakeDependencyJarBuildService$Params$Inject_
instanceKlass com/android/build/gradle/internal/tasks/factory/GlobalTaskCreationConfigImpl$Companion
instanceKlass com/android/build/gradle/LintLifecycleExtensionImpl
instanceKlass com/android/build/api/variant/LintLifecycleExtension
instanceKlass com/android/build/api/AndroidPluginVersion
instanceKlass com/android/build/api/variant/DslExtension
instanceKlass com/android/build/gradle/internal/core/dsl/impl/features/DeviceTestOptionsDslInfoImpl
instanceKlass com/android/build/gradle/internal/core/dsl/features/DeviceTestOptionsDslInfo
instanceKlass com/android/build/gradle/internal/core/dsl/features/TestOptionsDslInfo
instanceKlass com/android/build/gradle/internal/dsl/SdkComponentsImpl$adb$1
instanceKlass com/android/build/gradle/internal/dsl/SdkComponentsImpl$sdkDirectory$1
instanceKlass com/android/build/api/variant/Aidl
instanceKlass com/android/build/api/variant/Aapt2
instanceKlass com/android/build/gradle/internal/dsl/SdkComponentsImpl
instanceKlass com/android/build/api/extension/impl/VariantSelectorImpl
instanceKlass com/android/build/api/variant/VariantSelector
instanceKlass com/android/build/api/extension/impl/OperationsRegistrar
instanceKlass com/android/build/api/variant/VariantFilter
instanceKlass com/android/builder/core/LibraryRequest
instanceKlass com/android/build/gradle/api/ApplicationVariant
instanceKlass com/android/build/gradle/internal/api/TestedVariant
instanceKlass com/android/builder/testing/api/DeviceProvider
instanceKlass com/android/builder/testing/api/TestServer
instanceKlass com/android/build/api/transform/Transform
instanceKlass com/android/builder/core/DefaultDexOptions
instanceKlass com/android/builder/core/DexOptions
instanceKlass com/android/build/gradle/api/UnitTestVariant
instanceKlass com/android/build/gradle/api/TestVariant
instanceKlass com/android/build/gradle/api/ApkVariant
instanceKlass com/android/build/gradle/internal/core/InternalBaseVariant
instanceKlass com/android/build/gradle/api/AndroidArtifactVariant
instanceKlass com/android/build/gradle/api/VersionedVariant
instanceKlass com/android/build/gradle/api/InstallableVariant
instanceKlass com/android/build/gradle/api/BaseVariant
instanceKlass com/android/build/gradle/internal/dsl/DexPackagingImpl$AgpDecorated
instanceKlass com/android/build/gradle/internal/dsl/decorator/LockableSet$LockableIterator
instanceKlass kotlin/jvm/internal/markers/KMutableIterator
instanceKlass com/android/build/gradle/internal/packaging/PackagingOptionsUtilsKt
instanceKlass com/android/tools/lint/model/LintModelSeverity$Companion
instanceKlass com/android/build/api/dsl/SingleVariant
instanceKlass com/android/build/api/dsl/PublishingOptions
instanceKlass java/security/KeyStore$1
instanceKlass java/security/KeyStore
instanceKlass com/google/common/base/Charsets
instanceKlass com/android/build/gradle/internal/CompileOptions$Companion
instanceKlass com/android/build/gradle/internal/dsl/LanguageSplitOptions
instanceKlass com/android/build/gradle/internal/dsl/BuildFeaturesImpl
instanceKlass com/android/build/gradle/internal/dsl/TestFixturesImpl
instanceKlass com/android/build/gradle/internal/dsl/EmulatorSnapshots
instanceKlass com/android/build/gradle/internal/dsl/EmulatorControl
instanceKlass com/android/build/gradle/internal/dsl/DeviceGroupFactory
instanceKlass com/android/build/gradle/internal/dsl/ManagedDevices$localDevices$1$2
instanceKlass com/android/build/gradle/internal/dsl/ManagedDevices$localDevices$1$1
instanceKlass com/android/build/gradle/internal/dsl/ManagedVirtualDeviceFactory
instanceKlass com/android/build/gradle/internal/dsl/ManagedDevices$allDevices$1$2
instanceKlass com/android/build/gradle/internal/dsl/ManagedDevices$allDevices$1$1
instanceKlass com/android/build/gradle/internal/dsl/ManagedVirtualDevice
instanceKlass com/android/build/api/dsl/ManagedVirtualDevice
instanceKlass com/android/build/api/dsl/Device
instanceKlass com/android/build/api/dsl/DeviceGroup
instanceKlass com/android/build/gradle/internal/dsl/ManagedDevices
instanceKlass com/android/build/api/dsl/ManagedDevices
instanceKlass com/android/build/api/dsl/FailureRetention
instanceKlass com/android/build/api/dsl/EmulatorSnapshots
instanceKlass com/android/build/api/dsl/EmulatorControl
instanceKlass com/android/build/gradle/internal/dsl/TestOptions$UnitTestOptions
instanceKlass com/android/build/api/dsl/UnitTestOptions
instanceKlass com/android/build/gradle/internal/dsl/CommonExtensionImpl$dataBinding$1
instanceKlass com/android/builder/core/ToolsRevisionUtils
instanceKlass com/android/build/gradle/internal/coverage/JacocoOptions
instanceKlass com/android/build/api/dsl/JacocoOptions
instanceKlass com/android/build/api/dsl/TestCoverage
instanceKlass com/android/build/gradle/internal/dsl/AdbOptions
instanceKlass com/android/build/api/dsl/AdbOptions
instanceKlass com/android/builder/model/AdbOptions
instanceKlass com/android/build/api/dsl/SdkComponents
instanceKlass com/android/build/gradle/internal/dsl/TestOptions
instanceKlass com/android/build/api/dsl/TestOptions
instanceKlass com/android/build/gradle/internal/dsl/LintOptions
instanceKlass com/android/build/api/dsl/LintOptions
instanceKlass com/android/builder/model/LintOptions
instanceKlass com/android/build/gradle/internal/dsl/ComposeOptionsImpl
instanceKlass com/android/build/api/dsl/ComposeOptions
instanceKlass com/android/build/api/dsl/TestFixtures
instanceKlass com/android/build/gradle/api/BaseVariantOutput
instanceKlass com/android/build/OutputFile
instanceKlass com/android/build/VariantOutput
instanceKlass com/android/build/gradle/internal/variant/LegacyVariantInputManager$6
instanceKlass com/android/build/gradle/internal/variant/LegacyVariantInputManager$5
instanceKlass com/android/build/gradle/internal/variant/LegacyVariantInputManager$4
instanceKlass com/android/build/gradle/internal/variant/LegacyVariantInputManager$3
instanceKlass com/android/build/gradle/internal/variant/LegacyVariantInputManager$2
instanceKlass com/android/build/gradle/internal/variant/LegacyVariantInputManager$1
instanceKlass com/android/build/gradle/internal/api/DefaultAndroidSourceSet$AndroidSourceDirectorySetFactory
instanceKlass com/android/build/gradle/internal/api/DefaultAndroidSourceFile
instanceKlass com/android/build/api/artifact/ArtifactKind
instanceKlass com/android/build/api/artifact/Artifact$Companion
instanceKlass com/android/build/api/artifact/Artifact
instanceKlass com/google/common/base/Ascii
instanceKlass com/android/build/gradle/internal/api/DefaultAndroidSourceDirectorySet
instanceKlass com/android/builder/model/v2/CustomSourceDirectory
instanceKlass com/android/build/gradle/api/AndroidSourceFile
instanceKlass com/android/build/api/dsl/AndroidSourceFile
instanceKlass com/android/build/gradle/api/AndroidSourceDirectorySet
instanceKlass com/android/build/api/dsl/AndroidSourceDirectorySet
instanceKlass com/android/build/gradle/internal/api/DefaultAndroidSourceSet
instanceKlass com/android/builder/model/SourceProvider
instanceKlass com/android/build/gradle/internal/VariantDimensionData
instanceKlass com/android/build/gradle/internal/api/LazyAndroidSourceSet
instanceKlass com/android/build/gradle/internal/dependency/SourceSetManager$createConfigurationsForSourceSet$2
instanceKlass com/android/build/gradle/internal/api/AndroidSourceSetName$Companion
instanceKlass com/android/build/gradle/internal/api/AndroidSourceSetName
instanceKlass com/android/build/gradle/internal/dsl/decorator/annotation/NonNullableSetter
instanceKlass com/android/build/gradle/internal/dsl/AarMetadataImpl$AgpDecorated
instanceKlass com/android/resources/Density
instanceKlass com/android/resources/ResourceEnum
instanceKlass com/google/common/collect/Platform
instanceKlass com/google/common/collect/Multiset
instanceKlass com/google/common/collect/AbstractMultimap
instanceKlass com/google/common/primitives/IntsMethodsForWeb
instanceKlass com/google/common/collect/ListMultimap
instanceKlass com/google/common/collect/Multimap
instanceKlass com/google/common/collect/Sets
instanceKlass com/android/build/gradle/internal/dsl/ExternalNativeNdkBuildOptions
instanceKlass com/android/build/api/dsl/NdkBuildFlags
instanceKlass com/android/build/gradle/internal/dsl/CoreExternalNativeNdkBuildOptions
instanceKlass com/android/build/gradle/internal/dsl/ExternalNativeCmakeOptions
instanceKlass com/android/build/api/dsl/CmakeFlags
instanceKlass com/android/build/gradle/internal/dsl/CoreExternalNativeCmakeOptions
instanceKlass com/google/common/base/Enums
instanceKlass com/google/common/collect/Lists
instanceKlass com/android/builder/internal/BaseConfigImpl$Companion
instanceKlass com/android/builder/core/AbstractProductFlavor$Companion
instanceKlass com/google/common/cache/LocalCache$StrongValueReference
instanceKlass com/google/common/util/concurrent/AbstractFuture$Failure
instanceKlass com/google/common/util/concurrent/AbstractFuture$Cancellation
instanceKlass com/google/common/util/concurrent/AbstractFuture$SetFuture
instanceKlass com/google/common/util/concurrent/Uninterruptibles
instanceKlass org/objectweb/asm/Handler
instanceKlass org/objectweb/asm/Attribute
instanceKlass org/objectweb/asm/Edge
instanceKlass org/objectweb/asm/Label
instanceKlass org/objectweb/asm/Frame
instanceKlass com/android/build/gradle/internal/dsl/decorator/annotation/WithLazyInitialization
instanceKlass com/android/build/gradle/internal/dsl/decorator/annotation/RuntimeGuardedExperimentalApi
instanceKlass com/android/build/gradle/internal/dsl/decorator/DslDecorator$ManagedProperty
instanceKlass com/android/builder/model/ClassField
instanceKlass kotlin/jvm/JvmStatic
instanceKlass com/android/builder/core/AbstractProductFlavor$DimensionRequest
instanceKlass com/android/utils/StringHelper
instanceKlass com/android/build/gradle/internal/dsl/ExternalNativeBuildOptions
instanceKlass com/android/build/api/dsl/ExternalNativeBuildFlags
instanceKlass com/android/build/gradle/internal/dsl/ShaderOptions
instanceKlass com/android/build/gradle/internal/dsl/CoreShaderOptions
instanceKlass com/android/build/api/dsl/Shaders
instanceKlass com/android/build/gradle/internal/dsl/CoreExternalNativeBuildOptions
instanceKlass com/android/builder/core/DefaultVectorDrawablesOptions
instanceKlass com/android/build/api/dsl/VectorDrawables
instanceKlass com/android/builder/model/VectorDrawablesOptions
instanceKlass com/android/builder/model/ApiVersion
instanceKlass com/android/build/gradle/internal/dsl/NdkOptions
instanceKlass com/android/build/gradle/internal/dsl/CoreNdkOptions
instanceKlass com/android/build/api/dsl/Ndk
instanceKlass com/android/build/api/dsl/MinSdkVersion
instanceKlass com/android/build/gradle/internal/dsl/decorator/DslDecorator$CollectingInfoVisitor
instanceKlass com/android/build/gradle/internal/dsl/decorator/DslDecorator$ClassInfoVisitor
instanceKlass org/objectweb/asm/ByteVector
instanceKlass org/objectweb/asm/Symbol
instanceKlass org/objectweb/asm/SymbolTable
instanceKlass org/objectweb/asm/FieldVisitor
instanceKlass org/objectweb/asm/MethodVisitor
instanceKlass org/objectweb/asm/AnnotationVisitor
instanceKlass org/objectweb/asm/ModuleVisitor
instanceKlass org/objectweb/asm/RecordComponentVisitor
instanceKlass org/objectweb/asm/ClassVisitor
instanceKlass com/google/common/base/CommonPattern
instanceKlass com/google/common/base/Platform$JdkPatternCompiler
instanceKlass com/google/common/base/PatternCompiler
instanceKlass com/google/common/base/Platform
instanceKlass com/google/common/cache/LocalCache$AbstractReferenceEntry
instanceKlass com/google/common/base/Stopwatch
instanceKlass com/google/common/util/concurrent/AbstractFuture$Waiter
instanceKlass com/google/common/util/concurrent/AbstractFuture$Listener
instanceKlass com/google/common/util/concurrent/AbstractFuture$UnsafeAtomicHelper$1
instanceKlass com/google/common/util/concurrent/AbstractFuture$AtomicHelper
instanceKlass com/google/common/util/concurrent/internal/InternalFutureFailureAccess
instanceKlass com/google/common/util/concurrent/AbstractFuture$Trusted
instanceKlass com/google/common/util/concurrent/ListenableFuture
instanceKlass org/objectweb/asm/commons/Method
instanceKlass com/android/build/gradle/internal/dsl/decorator/DslDecorator$Companion
instanceKlass com/android/build/gradle/internal/dsl/decorator/DslDecorator
instanceKlass com/android/build/api/dsl/PrivacySandboxKeepRules
instanceKlass com/android/build/gradle/internal/dsl/PrivacySandboxSdkBundleImpl
instanceKlass com/android/build/api/dsl/PrivacySandboxSdkBundle
instanceKlass com/android/build/gradle/internal/dsl/PrivacySandboxSdkExtensionImpl
instanceKlass com/android/build/gradle/internal/dsl/InternalPrivacySandboxSdkExtension
instanceKlass com/android/build/api/dsl/PrivacySandboxSdkExtension
instanceKlass com/android/build/gradle/internal/dsl/FusedLibraryExtensionImpl
instanceKlass com/android/build/api/dsl/FusedLibraryExtension
instanceKlass com/android/build/gradle/internal/dsl/PrivacySandboxSdkOptimizationImpl
instanceKlass com/android/build/api/dsl/PrivacySandboxSdkOptimization
instanceKlass com/android/build/gradle/internal/dsl/TargetSdkSpecImpl
instanceKlass com/android/build/api/dsl/TargetSdkSpec
instanceKlass com/android/build/gradle/internal/dsl/MaxSdkSpecImpl
instanceKlass com/android/build/api/dsl/MaxSdkSpec
instanceKlass com/android/build/gradle/internal/dsl/MinSdkSpecImpl
instanceKlass com/android/build/api/dsl/MinSdkSpec
instanceKlass com/android/build/gradle/internal/dsl/CompileSdkSpecImpl
instanceKlass com/android/build/api/dsl/CompileSdkSpec
instanceKlass com/android/build/gradle/internal/dsl/JUnitEngineSpecImpl
instanceKlass com/android/build/api/dsl/JUnitEngineSpec
instanceKlass com/android/build/gradle/internal/dsl/AgpTestSuiteImpl
instanceKlass com/android/build/api/dsl/AgpTestSuite
instanceKlass com/android/build/gradle/internal/dsl/VcsInfoImpl
instanceKlass com/android/build/api/dsl/VcsInfo
instanceKlass com/android/build/gradle/internal/dsl/MultiDexConfigImpl
instanceKlass com/android/build/api/dsl/MultiDexConfig
instanceKlass com/android/build/gradle/internal/dsl/DependencySelectionImpl
instanceKlass com/android/build/api/dsl/DependencySelection
instanceKlass com/android/build/gradle/internal/dsl/DependencyVariantSelectionImpl
instanceKlass com/android/build/api/dsl/DependencyVariantSelection
instanceKlass com/android/build/api/dsl/LibraryKeepRules
instanceKlass com/android/build/api/dsl/ConsumerKeepRules
instanceKlass com/android/build/gradle/internal/dsl/AaptOptions
instanceKlass com/android/build/api/dsl/AaptOptions
instanceKlass com/android/build/api/dsl/LibraryAndroidResources
instanceKlass com/android/build/gradle/internal/dsl/KmpOptimizationImpl
instanceKlass com/android/build/api/dsl/KmpOptimization
instanceKlass com/android/build/gradle/internal/dsl/ConfigurableFilesImpl
instanceKlass com/android/build/api/dsl/ConfigurableFiles
instanceKlass com/android/build/gradle/internal/dsl/ViewBindingOptionsImpl
instanceKlass com/android/build/gradle/api/ViewBindingOptions
instanceKlass com/android/build/api/dsl/ViewBinding
instanceKlass com/android/build/gradle/internal/dsl/Splits
instanceKlass com/android/build/api/dsl/Splits
instanceKlass com/android/build/gradle/internal/dsl/SigningConfigImpl
instanceKlass com/android/build/gradle/internal/dsl/ResourcesPackagingImpl
instanceKlass com/android/build/api/dsl/ResourcesPackaging
instanceKlass com/android/build/gradle/internal/dsl/OptimizationImpl
instanceKlass com/android/build/api/dsl/Optimization
instanceKlass com/android/build/gradle/internal/dsl/PrivacySandboxImpl
instanceKlass com/android/build/api/dsl/PrivacySandbox
instanceKlass com/android/build/gradle/internal/dsl/PackagingOptions
instanceKlass com/android/builder/model/PackagingOptions
instanceKlass com/android/build/api/dsl/Packaging
instanceKlass com/android/build/gradle/internal/dsl/NdkBuildOptions
instanceKlass com/android/build/gradle/internal/model/CoreNdkBuildOptions
instanceKlass com/android/build/api/dsl/NdkBuild
instanceKlass com/android/build/api/dsl/LibraryPublishing
instanceKlass com/android/build/gradle/internal/dsl/BaselineProfileImpl
instanceKlass com/android/build/api/dsl/BaselineProfile
instanceKlass com/android/build/gradle/internal/dsl/KeepRulesImpl
instanceKlass com/android/build/api/dsl/KeepRules
instanceKlass com/android/build/gradle/internal/dsl/JniLibsPackagingImpl
instanceKlass com/android/build/api/dsl/JniLibsPackaging
instanceKlass com/android/build/gradle/internal/dsl/JavaCompileOptions
instanceKlass com/android/build/gradle/api/JavaCompileOptions
instanceKlass com/android/build/api/dsl/JavaCompileOptions
instanceKlass com/android/build/gradle/internal/dsl/ExternalNativeBuild
instanceKlass com/android/build/gradle/internal/model/CoreExternalNativeBuild
instanceKlass com/android/build/api/dsl/ExternalNativeBuild
instanceKlass com/android/build/gradle/internal/dsl/DependenciesInfoImpl
instanceKlass com/android/build/api/dsl/DependenciesInfo
instanceKlass com/android/build/gradle/internal/dsl/DexPackagingImpl
instanceKlass com/android/build/api/dsl/DexPackaging
instanceKlass com/android/build/api/dsl/DensitySplit
instanceKlass com/android/build/gradle/internal/dsl/DataBindingOptions
instanceKlass com/android/builder/model/DataBindingOptions
instanceKlass com/android/build/api/dsl/DataBinding
instanceKlass com/android/build/gradle/internal/dsl/LintImpl
instanceKlass com/android/build/gradle/internal/CompileOptions
instanceKlass com/android/build/api/dsl/CompileOptions
instanceKlass com/android/build/gradle/internal/dsl/CmakeOptions
instanceKlass com/android/build/gradle/internal/model/CoreCmakeOptions
instanceKlass com/android/build/api/dsl/Cmake
instanceKlass com/android/build/gradle/internal/dsl/BundleOptionsStoreArchive
instanceKlass com/android/build/api/dsl/BundleStoreArchive
instanceKlass com/android/build/gradle/internal/dsl/BundleOptionsCodeTransparency
instanceKlass com/android/build/api/dsl/BundleCodeTransparency
instanceKlass com/android/build/gradle/internal/dsl/BundleOptionsTexture
instanceKlass com/android/build/api/dsl/BundleTexture
instanceKlass com/android/build/gradle/internal/dsl/BundleOptionsLanguage
instanceKlass com/android/build/api/dsl/BundleLanguage
instanceKlass com/android/build/gradle/internal/dsl/BundleOptionsCountrySet
instanceKlass com/android/build/api/dsl/BundleCountrySet
instanceKlass com/android/build/gradle/internal/dsl/BundleOptionsDeviceTier
instanceKlass com/android/build/api/dsl/BundleDeviceTier
instanceKlass com/android/build/gradle/internal/dsl/BundleOptionsDeviceGroup
instanceKlass com/android/build/api/dsl/BundleDeviceGroup
instanceKlass com/android/build/gradle/internal/dsl/BundleOptionsDensity
instanceKlass com/android/build/api/dsl/BundleDensity
instanceKlass com/android/build/gradle/internal/dsl/BundleOptionsAiModelVersion
instanceKlass com/android/build/api/dsl/BundleAiModelVersion
instanceKlass com/android/build/gradle/internal/dsl/BundleOptionsAbi
instanceKlass com/android/build/api/dsl/BundleAbi
instanceKlass com/android/build/gradle/internal/dsl/BundleOptions
instanceKlass com/android/build/api/dsl/Bundle
instanceKlass com/android/build/gradle/internal/dsl/AssetPackBundleExtensionImpl
instanceKlass com/android/build/api/dsl/AssetPackBundleExtension
instanceKlass com/android/build/gradle/internal/dsl/AbstractPublishing
instanceKlass com/android/build/api/dsl/ApplicationPublishing
instanceKlass com/android/build/api/dsl/Publishing
instanceKlass com/android/build/gradle/internal/dsl/AnnotationProcessorOptions
instanceKlass com/android/build/gradle/api/AnnotationProcessorOptions
instanceKlass com/android/build/api/dsl/AnnotationProcessorOptions
instanceKlass com/android/build/gradle/internal/dsl/AndroidTestImpl
instanceKlass com/android/build/api/dsl/AndroidTest
instanceKlass com/android/build/gradle/internal/dsl/SplitOptions
instanceKlass com/android/build/api/dsl/AbiSplit
instanceKlass com/android/build/api/dsl/Split
instanceKlass com/android/build/gradle/internal/dsl/AarMetadataImpl
instanceKlass com/android/build/api/dsl/AarMetadata
instanceKlass kotlin/jvm/internal/markers/KMutableMap
instanceKlass com/android/build/api/dsl/MaxSdkVersion
instanceKlass com/android/build/api/dsl/TargetSdkVersion
instanceKlass com/android/build/api/dsl/CompileSdkVersion
instanceKlass org/objectweb/asm/Type
instanceKlass com/android/build/gradle/internal/dsl/decorator/SupportedPropertyType
instanceKlass com/android/build/gradle/internal/dsl/decorator/AndroidPluginDslDecoratorKt
instanceKlass com/android/build/api/dsl/TestDefaultConfig
instanceKlass com/android/build/api/dsl/LibraryDefaultConfig
instanceKlass com/android/build/api/dsl/DynamicFeatureDefaultConfig
instanceKlass org/bouncycastle/jcajce/provider/config/ConfigurableProvider
instanceKlass sun/security/util/MemoryCache$QueueCacheEntry
instanceKlass sun/security/util/ManifestEntryVerifier$SunProviderHolder
instanceKlass java/util/Base64$Encoder
instanceKlass java/util/Base64$Decoder
instanceKlass java/util/Base64
instanceKlass javax/crypto/SecretKey
instanceKlass sun/security/util/Length
instanceKlass sun/security/util/KeyUtil
instanceKlass java/security/interfaces/XECKey
instanceKlass java/security/interfaces/ECKey
instanceKlass sun/security/util/JarConstraintsParameters
instanceKlass sun/security/util/ConstraintsParameters
instanceKlass java/security/spec/DSAParameterSpec
instanceKlass java/security/interfaces/DSAParams
instanceKlass java/security/interfaces/DSAPrivateKey
instanceKlass java/security/Timestamp
instanceKlass sun/security/timestamp/TimestampToken
instanceKlass java/security/cert/CertPath
instanceKlass sun/security/rsa/RSAPadding
instanceKlass sun/security/rsa/RSACore
instanceKlass java/security/interfaces/RSAPrivateCrtKey
instanceKlass sun/security/pkcs/PKCS8Key
instanceKlass java/security/interfaces/RSAPrivateKey
instanceKlass java/security/PrivateKey
instanceKlass javax/security/auth/Destroyable
instanceKlass java/security/Signature$1
instanceKlass jdk/internal/access/JavaSecuritySignatureAccess
instanceKlass java/security/SignatureSpi
instanceKlass jdk/internal/icu/util/CodePointTrie$Data
instanceKlass jdk/internal/icu/util/CodePointTrie$1
instanceKlass jdk/internal/icu/util/CodePointMap
instanceKlass jdk/internal/icu/util/VersionInfo
instanceKlass jdk/internal/icu/impl/ICUBinary$1
instanceKlass jdk/internal/icu/impl/ICUBinary
instanceKlass jdk/internal/icu/impl/NormalizerImpl$IsAcceptable
instanceKlass jdk/internal/icu/impl/ICUBinary$Authenticate
instanceKlass jdk/internal/icu/impl/NormalizerImpl
instanceKlass jdk/internal/icu/impl/Norm2AllModes$Norm2AllModesSingleton
instanceKlass jdk/internal/icu/impl/Norm2AllModes$NFKCSingleton
instanceKlass jdk/internal/icu/impl/Norm2AllModes
instanceKlass jdk/internal/icu/text/Normalizer2
instanceKlass jdk/internal/icu/text/NormalizerBase$ModeImpl
instanceKlass jdk/internal/icu/text/NormalizerBase$NFKDModeImpl
instanceKlass jdk/internal/icu/text/NormalizerBase$1
instanceKlass jdk/internal/icu/text/NormalizerBase$Mode
instanceKlass jdk/internal/icu/text/NormalizerBase
instanceKlass java/text/Normalizer
instanceKlass sun/security/x509/AVAKeyword
instanceKlass sun/security/util/SignatureUtil
instanceKlass sun/security/pkcs/ESSCertId
instanceKlass sun/security/pkcs/SigningCertificateInfo
instanceKlass sun/security/x509/AccessDescription
instanceKlass sun/security/x509/DNSName
instanceKlass sun/security/x509/URIName
instanceKlass sun/security/x509/GeneralName
instanceKlass sun/security/x509/DistributionPoint
instanceKlass sun/security/x509/CertificatePolicyId
instanceKlass sun/security/x509/PolicyInformation
instanceKlass java/lang/Byte$ByteCache
instanceKlass sun/security/pkcs/PKCS9Attribute
instanceKlass sun/security/pkcs/PKCS9Attributes
instanceKlass sun/security/util/DisabledAlgorithmConstraints$Constraints$Holder
instanceKlass sun/security/util/DisabledAlgorithmConstraints$1
instanceKlass sun/security/util/DisabledAlgorithmConstraints$Constraint
instanceKlass sun/security/util/DisabledAlgorithmConstraints$Constraints
instanceKlass sun/security/util/AbstractAlgorithmConstraints$1
instanceKlass sun/security/util/AlgorithmDecomposer
instanceKlass sun/security/util/DisabledAlgorithmConstraints$JarHolder
instanceKlass sun/security/pkcs/SignerInfo
instanceKlass java/security/interfaces/DSAPublicKey
instanceKlass java/security/interfaces/DSAKey
instanceKlass java/security/spec/DSAPublicKeySpec
instanceKlass java/security/AlgorithmParametersSpi
instanceKlass java/security/AlgorithmParameters
instanceKlass jdk/internal/event/EventHelper
instanceKlass sun/security/jca/JCAUtil
instanceKlass sun/security/util/MemoryCache$CacheEntry
instanceKlass sun/security/x509/X509AttributeName
instanceKlass sun/security/x509/GeneralNames
instanceKlass sun/security/x509/KeyIdentifier
instanceKlass sun/security/x509/OIDMap$OIDInfo
instanceKlass sun/security/x509/PKIXExtensions
instanceKlass sun/security/x509/OIDMap
instanceKlass sun/security/x509/Extension
instanceKlass java/security/cert/Extension
instanceKlass sun/security/x509/CertificateExtensions
instanceKlass sun/security/rsa/RSAUtil
instanceKlass sun/security/util/IOUtils
instanceKlass java/security/interfaces/RSAPublicKey
instanceKlass java/security/interfaces/RSAKey
instanceKlass java/security/spec/PSSParameterSpec
instanceKlass java/security/spec/RSAPrivateKeySpec
instanceKlass java/security/spec/RSAPublicKeySpec
instanceKlass java/security/KeyFactorySpi
instanceKlass sun/security/jca/ProviderList$ServiceList$1
instanceKlass java/security/KeyFactory
instanceKlass java/security/spec/EncodedKeySpec$1
instanceKlass jdk/internal/access/JavaSecuritySpecAccess
instanceKlass java/security/spec/EncodedKeySpec
instanceKlass java/security/spec/KeySpec
instanceKlass sun/security/util/BitArray
instanceKlass sun/security/x509/X509Key
instanceKlass java/security/PublicKey
instanceKlass java/security/Key
instanceKlass sun/security/x509/CertificateX509Key
instanceKlass sun/security/x509/CertificateValidity
instanceKlass sun/security/x509/AVA
instanceKlass sun/security/x509/RDN
instanceKlass javax/security/auth/x500/X500Principal
instanceKlass sun/security/x509/X500Name$1
instanceKlass sun/security/x509/X500Name
instanceKlass sun/security/x509/GeneralNameInterface
instanceKlass sun/security/x509/CertificateAlgorithmId
instanceKlass sun/security/x509/SerialNumber
instanceKlass sun/security/x509/CertificateSerialNumber
instanceKlass sun/security/x509/CertificateVersion
instanceKlass sun/security/x509/X509CertInfo
instanceKlass sun/security/x509/CertAttrSet
instanceKlass sun/security/util/Cache$EqualByteArray
instanceKlass java/security/cert/X509Extension
instanceKlass sun/security/util/Cache
instanceKlass java/security/cert/CertificateFactorySpi
instanceKlass java/security/cert/CertificateFactory
instanceKlass sun/security/x509/AlgorithmId
instanceKlass sun/security/util/DerValue
instanceKlass sun/security/pkcs/ContentInfo
instanceKlass sun/security/util/DerInputStream
instanceKlass sun/security/pkcs/PKCS7
instanceKlass sun/security/util/ManifestDigester$Section
instanceKlass sun/security/util/ManifestDigester$Entry
instanceKlass sun/security/util/ManifestDigester$Position
instanceKlass sun/security/util/ManifestDigester
instanceKlass java/security/KeyStore$ProtectionParameter
instanceKlass com/android/ide/common/signing/KeystoreHelper
instanceKlass com/android/build/gradle/internal/packaging/GradleKeystoreHelper
instanceKlass com/android/build/gradle/internal/dsl/SigningConfigFactory
instanceKlass com/android/builder/signing/DefaultSigningConfig
instanceKlass com/android/build/gradle/internal/dsl/InternalSigningConfig
instanceKlass com/android/builder/model/SigningConfig
instanceKlass com/android/build/api/dsl/ApkSigningConfig
instanceKlass com/android/build/api/dsl/SigningConfig
instanceKlass com/android/build/gradle/internal/dsl/ProductFlavorFactory
instanceKlass com/android/build/gradle/internal/dsl/CoreProductFlavor
instanceKlass com/android/builder/model/ProductFlavor
instanceKlass com/android/builder/model/DimensionAware
instanceKlass com/android/build/api/dsl/TestProductFlavor
instanceKlass com/android/build/api/dsl/TestBaseFlavor
instanceKlass com/android/build/api/dsl/LibraryProductFlavor
instanceKlass com/android/build/api/dsl/LibraryBaseFlavor
instanceKlass com/android/build/api/dsl/DynamicFeatureProductFlavor
instanceKlass com/android/build/api/dsl/DynamicFeatureBaseFlavor
instanceKlass com/android/build/gradle/internal/dsl/BuildTypeFactory
instanceKlass com/android/builder/internal/BaseConfigImpl
instanceKlass com/android/build/gradle/internal/dsl/InternalBuildType
instanceKlass com/android/build/api/dsl/TestBuildType
instanceKlass com/android/build/api/dsl/TestVariantDimension
instanceKlass com/android/build/api/dsl/DynamicFeatureBuildType
instanceKlass com/android/build/api/dsl/DynamicFeatureVariantDimension
instanceKlass com/android/build/api/dsl/LibraryBuildType
instanceKlass com/android/build/api/dsl/LibraryVariantDimension
instanceKlass com/android/build/gradle/internal/dsl/VariantDimensionBinaryCompatibilityFix
instanceKlass com/android/build/gradle/internal/dsl/VariantDimensionBinaryCompatibilityFixParent
instanceKlass com/android/build/gradle/internal/dsl/CoreBuildType
instanceKlass com/android/builder/model/BuildType
instanceKlass com/android/builder/model/BaseConfig
instanceKlass com/android/builder/model/Named
instanceKlass com/android/build/gradle/internal/dsl/AndroidSourceSetFactory
instanceKlass com/android/build/gradle/api/AndroidSourceSet
instanceKlass com/android/build/api/dsl/AndroidSourceSet
instanceKlass com/android/build/gradle/internal/scope/DelayedActionsExecutor
instanceKlass com/android/build/gradle/internal/dependency/SourceSetManager
instanceKlass com/google/wireless/android/sdk/stats/GradleBuildVariant$VariantType$1
instanceKlass com/android/builder/core/ComponentType
instanceKlass com/android/build/gradle/internal/variant/BaseVariantFactory$Companion
instanceKlass com/android/build/gradle/internal/variant/AbstractVariantInputManager$Companion
instanceKlass com/android/build/gradle/internal/plugins/AndroidPluginBaseServices$applyBaseServices$3
instanceKlass com/android/build/gradle/internal/services/BuiltInKotlinServicesKt$initBuiltInKotlinSupportIfRequired$2
instanceKlass com/android/build/gradle/internal/services/BuiltInKotlinServicesKt$initBuiltInKotlinSupportIfRequired$1
instanceKlass com/android/build/gradle/internal/services/BuiltInKotlinServicesKt
instanceKlass com/android/build/gradle/internal/plugins/BasePlugin$createAndroidJdkImageConfiguration$2
instanceKlass com/android/build/gradle/internal/services/VersionedSdkLoaderService$versionedSdkLoader$2$1
instanceKlass com/android/build/gradle/internal/plugins/BasePlugin$createAndroidJdkImageConfiguration$1
instanceKlass com/android/build/gradle/internal/plugins/BasePlugin$configureProject$5
instanceKlass com/android/build/gradle/internal/plugins/BasePlugin$configureProject$4
instanceKlass com/android/build/gradle/internal/DependencyResolutionChecksKt$registerDependencyCheck$4$1
instanceKlass com/android/build/gradle/internal/errors/IncompatibleProjectOptionsReporter
instanceKlass com/android/build/gradle/internal/errors/OptionInfo
instanceKlass com/android/build/gradle/internal/plugins/BasePlugin$configureProject$3
instanceKlass com/android/build/gradle/internal/services/FakeDependencyJarBuildService$Params_Decorated
instanceKlass com/android/build/gradle/internal/services/FakeDependencyJarBuildService$Params
instanceKlass com/android/build/gradle/internal/services/FakeDependencyJarBuildService
instanceKlass com/android/build/gradle/internal/dependency/JacocoInstrumentationService
instanceKlass com/android/build/gradle/internal/services/LintClassLoaderBuildService
instanceKlass com/android/build/gradle/internal/lint/LintFixBuildService
instanceKlass com/android/build/gradle/internal/services/ClassesHierarchyBuildService
instanceKlass com/android/build/gradle/internal/services/SymbolTableBuildService
instanceKlass com/android/build/gradle/internal/AvdComponentsBuildService$Parameters_Decorated
instanceKlass com/android/repository/Revision
instanceKlass com/android/build/gradle/internal/AvdComponentsBuildService$Parameters
instanceKlass com/android/build/gradle/internal/AvdComponentsBuildService
instanceKlass com/android/build/gradle/internal/plugins/BasePlugin$configureProject$2
instanceKlass com/android/build/gradle/internal/plugins/BasePlugin$configureProject$1
instanceKlass com/android/build/gradle/options/OptionParsers
instanceKlass com/android/build/gradle/internal/SdkComponentsBuildService$Parameters_Decorated
instanceKlass com/android/build/gradle/internal/SdkComponentsBuildService$Parameters
instanceKlass com/android/build/gradle/internal/SdkComponentsBuildService
instanceKlass com/android/build/gradle/internal/ManagedDeviceUtilsKt$getManagedDeviceAvdFolder$1
instanceKlass com/android/build/gradle/internal/ManagedDeviceUtilsKt
instanceKlass com/android/build/gradle/internal/services/AndroidLocationsBuildService$AndroidDirectoryCreator$Params$Inject_
instanceKlass org/gradle/internal/classpath/FileUtils
instanceKlass org/gradle/internal/classpath/declarations/NioFileInterceptors
instanceKlass com/android/ProgressManagerAdapter
instanceKlass com/android/io/CancellableFileIo
instanceKlass com/android/prefs/QueryResult
instanceKlass com/android/prefs/VariableValue
instanceKlass com/android/prefs/LocationValue
instanceKlass com/android/prefs/PathLocator$WhenMappings
instanceKlass com/android/utils/NullLogger
instanceKlass com/android/prefs/PathLocator
instanceKlass com/android/build/gradle/internal/services/AndroidLocationsBuildService$AndroidDirectoryCreator$Params_Decorated
instanceKlass com/android/build/gradle/internal/services/AndroidLocationsBuildService$AndroidDirectoryCreator$Params
instanceKlass com/android/build/gradle/internal/services/ConfigPhaseFileCreator$Params
instanceKlass com/android/build/gradle/internal/services/AndroidLocationsBuildService$androidLocations$1$1
instanceKlass com/android/build/gradle/internal/services/AndroidLocationsBuildService$AndroidDirectoryCreator
instanceKlass com/android/build/gradle/internal/services/ConfigPhaseFileCreator
instanceKlass com/android/build/gradle/internal/utils/GradleEnvironmentProviderImpl
instanceKlass com/android/build/gradle/internal/utils/GradleEnvironmentProvider
instanceKlass com/android/utils/EnvironmentProvider$DirectEnvironmentProvider
instanceKlass com/android/build/gradle/internal/utils/EnvironmentProviderImpl
instanceKlass com/android/utils/EnvironmentProvider
instanceKlass com/android/prefs/AbstractAndroidLocations$Companion
instanceKlass com/android/prefs/AbstractAndroidLocations
instanceKlass com/android/build/gradle/internal/services/BuildServicesKt$getBuildService$1
instanceKlass com/android/build/gradle/internal/services/Aapt2DaemonBuildService$Parameters
instanceKlass com/android/build/gradle/internal/services/Aapt2DaemonBuildService
instanceKlass com/android/build/gradle/internal/services/Aapt2ThreadPoolBuildService$Params_Decorated
instanceKlass com/android/build/gradle/internal/services/Aapt2ThreadPoolBuildService$Params
instanceKlass com/android/build/gradle/internal/services/Aapt2ThreadPoolBuildServiceKt
instanceKlass com/android/build/gradle/internal/services/Aapt2ThreadPoolBuildService
instanceKlass com/android/build/gradle/internal/ide/v2/GlobalSyncService$Parameters_Decorated
instanceKlass com/android/build/gradle/internal/ide/v2/GlobalSyncService$Parameters
instanceKlass com/android/build/gradle/internal/ide/v2/GlobalSyncService
instanceKlass com/android/build/gradle/internal/ide/dependencies/LibraryDependencyCacheBuildService$Parameters_Decorated
instanceKlass com/android/build/gradle/internal/ide/dependencies/LibraryDependencyCacheBuildService$Parameters
instanceKlass com/android/build/gradle/internal/ide/dependencies/LibraryDependencyCacheBuildService
instanceKlass com/android/build/gradle/internal/ide/dependencies/MavenCoordinatesCacheBuildService$Parameters_Decorated
instanceKlass com/android/build/gradle/internal/ide/dependencies/MavenCoordinatesCacheBuildService$Parameters
instanceKlass com/android/build/gradle/internal/ide/dependencies/MavenCoordinatesCacheBuildService
instanceKlass com/android/build/gradle/internal/services/StringCachingBuildService
instanceKlass com/android/builder/internal/StringCachingService
instanceKlass com/android/build/gradle/internal/plugins/AndroidPluginBaseServices$applyBaseServices$2
instanceKlass com/google/wireless/android/sdk/stats/GradleBuildProfileSpan$ExecutionType$1
instanceKlass com/google/protobuf/Internal$EnumLiteMap
instanceKlass java/util/concurrent/Executors$DefaultThreadFactory
instanceKlass java/time/format/DateTimeFormatterBuilder$TextPrinterParser
instanceKlass java/time/format/DateTimeTextProvider$1
instanceKlass java/time/format/DateTimeTextProvider
instanceKlass java/time/format/DateTimeTextProvider$LocaleStore
instanceKlass java/time/format/DateTimeFormatterBuilder$InstantPrinterParser
instanceKlass java/time/format/DateTimeFormatterBuilder$StringLiteralPrinterParser
instanceKlass java/time/format/DateTimeFormatterBuilder$ZoneIdPrinterParser
instanceKlass java/time/format/DateTimeFormatterBuilder$OffsetIdPrinterParser
instanceKlass java/time/format/DecimalStyle
instanceKlass java/time/format/DateTimeFormatterBuilder$CompositePrinterParser
instanceKlass java/time/chrono/AbstractChronology
instanceKlass java/time/format/DateTimeFormatterBuilder$CharLiteralPrinterParser
instanceKlass java/time/format/DateTimeFormatterBuilder$NumberPrinterParser
instanceKlass java/time/format/DateTimeFormatterBuilder$DateTimePrinterParser
instanceKlass java/time/temporal/JulianFields
instanceKlass java/time/temporal/IsoFields
instanceKlass java/time/format/DateTimeFormatterBuilder
instanceKlass java/time/format/DateTimeFormatter
instanceKlass com/android/builder/profile/AnalyticsProfileWriter$Companion
instanceKlass com/android/builder/profile/AnalyticsProfileWriter
instanceKlass com/android/builder/profile/ThreadRecorder
instanceKlass com/android/builder/profile/Recorder
instanceKlass com/google/protobuf/PrimitiveNonBoxingCollection
instanceKlass com/google/protobuf/CodedInputStream
instanceKlass com/google/protobuf/Internal
instanceKlass com/android/tools/analytics/CommonMetricsData$GarbageCollectionStatsDiffs
instanceKlass com/google/wireless/android/sdk/stats/GarbageCollectionStatsOrBuilder
instanceKlass com/android/tools/analytics/StubbableLazy
instanceKlass com/android/tools/analytics/HostDataKt
instanceKlass kotlin/reflect/jvm/internal/KMutableProperty0Impl$$Lambda$0
instanceKlass com/android/tools/analytics/HostData
instanceKlass com/android/tools/analytics/CommonMetricsData
instanceKlass com/google/wireless/android/sdk/stats/JavaProcessStatsOrBuilder
instanceKlass com/google/common/cache/LocalCache$LoadingValueReference
instanceKlass com/google/common/cache/RemovalListener
instanceKlass com/google/common/cache/Weigher
instanceKlass com/google/common/base/Equivalence
instanceKlass com/google/common/base/MoreObjects
instanceKlass com/google/common/cache/LocalCache$1
instanceKlass com/google/common/cache/ReferenceEntry
instanceKlass com/google/common/cache/LocalCache$ValueReference
instanceKlass com/google/common/cache/LocalCache$LocalManualCache
instanceKlass com/google/common/cache/CacheBuilder$2
instanceKlass com/google/common/cache/CacheStats
instanceKlass com/google/common/base/Suppliers$SupplierOfInstance
instanceKlass com/google/common/base/Suppliers
instanceKlass com/google/common/cache/CacheBuilder$1
instanceKlass com/google/common/cache/AbstractCache$StatsCounter
instanceKlass com/google/common/cache/LoadingCache
instanceKlass com/google/common/cache/Cache
instanceKlass com/google/common/base/Ticker
instanceKlass com/google/common/base/Supplier
instanceKlass com/google/common/cache/CacheBuilder
instanceKlass com/google/common/cache/CacheLoader
instanceKlass com/android/builder/profile/NameAnonymizer
instanceKlass com/google/wireless/android/sdk/stats/GradleBuildProfileSpanOrBuilder
instanceKlass com/google/wireless/android/sdk/stats/GradleBuildMemorySampleOrBuilder
instanceKlass com/google/protobuf/LazyStringList
instanceKlass com/google/protobuf/ExtensionRegistry$ExtensionInfo
instanceKlass com/google/protobuf/Descriptors$GenericDescriptor
instanceKlass com/google/protobuf/FieldSet$FieldDescriptorLite
instanceKlass com/google/protobuf/ExtensionLite
instanceKlass com/google/protobuf/ExtensionRegistryFactory
instanceKlass com/google/protobuf/ExtensionRegistryLite
instanceKlass com/google/protobuf/AbstractParser
instanceKlass com/google/protobuf/UnknownFieldSet
instanceKlass com/google/wireless/android/sdk/stats/InstantRunStatusOrBuilder
instanceKlass com/google/protobuf/ProtocolStringList
instanceKlass com/google/protobuf/Parser
instanceKlass com/google/protobuf/Internal$DoubleList
instanceKlass com/google/protobuf/Internal$BooleanList
instanceKlass com/google/protobuf/Internal$IntList
instanceKlass com/google/protobuf/Internal$LongList
instanceKlass com/google/protobuf/Internal$FloatList
instanceKlass com/google/protobuf/Reader
instanceKlass com/google/protobuf/MutabilityOracle
instanceKlass com/google/protobuf/MapFieldReflectionAccessor
instanceKlass com/google/protobuf/GeneratedMessageV3$BuilderParent
instanceKlass com/google/protobuf/AbstractMessage$BuilderParent
instanceKlass com/google/protobuf/Internal$ProtobufList
instanceKlass com/google/protobuf/AbstractMessageLite
instanceKlass com/google/protobuf/Message
instanceKlass com/google/protobuf/MessageLite
instanceKlass com/google/wireless/android/sdk/stats/GradleBuildProfileOrBuilder
instanceKlass com/android/build/gradle/internal/profile/AnalyticsResourceManager
instanceKlass com/google/wireless/android/sdk/stats/GradleBuildVariantOrBuilder
instanceKlass com/android/builder/profile/Recorder$VoidBlock
instanceKlass com/google/protobuf/AbstractMessageLite$Builder
instanceKlass com/google/protobuf/Message$Builder
instanceKlass com/google/protobuf/MessageLite$Builder
instanceKlass com/google/wireless/android/sdk/stats/GradleBuildProjectOrBuilder
instanceKlass com/google/protobuf/MessageOrBuilder
instanceKlass com/google/protobuf/MessageLiteOrBuilder
instanceKlass com/android/build/gradle/internal/profile/AnalyticsConfiguratorService$Params$Inject_
instanceKlass com/android/build/gradle/internal/profile/AnalyticsConfiguratorService$Params_Decorated
instanceKlass com/android/build/gradle/internal/profile/AnalyticsConfiguratorService$Params
instanceKlass com/google/common/base/CharMatcher
instanceKlass com/google/common/base/Predicate
instanceKlass com/android/build/gradle/internal/DependencyResolutionChecksKt$registerDependencyCheck$4
instanceKlass com/android/build/gradle/internal/DependencyResolutionChecksKt$registerDependencyCheck$2
instanceKlass com/android/build/gradle/internal/DependencyResolutionChecksKt
instanceKlass com/android/build/gradle/internal/errors/SyncIssueReporterImpl$GlobalSyncIssueService$Parameters_Decorated
instanceKlass com/android/build/gradle/internal/errors/SyncIssueReporterImpl$GlobalSyncIssueService$Parameters
instanceKlass com/android/build/gradle/internal/profile/AnalyticsService$Params_Decorated
instanceKlass com/android/build/gradle/internal/profile/TaskMetadata
instanceKlass com/android/build/gradle/internal/profile/ProjectData
instanceKlass com/android/build/gradle/internal/profile/AnalyticsService$Params
instanceKlass com/android/build/gradle/internal/profile/AnalyticsService
instanceKlass com/android/build/gradle/internal/profile/AnalyticsServiceApi
instanceKlass com/android/tools/analytics/AnalyticsSettingsData$Companion
instanceKlass com/android/tools/analytics/AnalyticsSettingsData
instanceKlass com/android/tools/analytics/Environment$Companion
instanceKlass com/android/tools/analytics/Environment
instanceKlass com/android/tools/analytics/AnalyticsPaths
instanceKlass com/android/utils/DateProvider$1
instanceKlass com/android/utils/DateProvider
instanceKlass com/android/tools/analytics/AnalyticsSettings
instanceKlass com/android/build/gradle/internal/LoggerWrapper
instanceKlass com/android/utils/ILogger
instanceKlass com/android/build/gradle/internal/utils/AnalyticsEnabledValueSource$Params$Inject_
instanceKlass com/android/build/gradle/internal/utils/AnalyticsEnabledValueSource$Params_Decorated
instanceKlass com/android/build/gradle/internal/utils/AnalyticsEnabledValueSource$Params
instanceKlass com/android/build/gradle/internal/utils/AnalyticsSettingsUtils$analyticsEnabledProvider$1
instanceKlass com/android/build/gradle/internal/utils/AnalyticsEnabledValueSource
instanceKlass com/android/build/gradle/internal/utils/AnalyticsSettingsUtils
instanceKlass com/android/build/gradle/internal/scope/ProjectInfo$Companion
instanceKlass com/android/build/gradle/internal/scope/ProjectInfo
instanceKlass com/android/build/gradle/internal/res/Aapt2FromMaven$Companion$create$aapt2Directory$1$1
instanceKlass com/android/build/gradle/internal/res/Aapt2FromMaven$Companion$create$aapt2Directory$1
instanceKlass com/android/build/gradle/internal/dependency/GenericTransformParameters_Decorated
instanceKlass com/android/build/gradle/internal/dependency/GenericTransformParameters
instanceKlass com/android/build/gradle/internal/res/Aapt2FromMaven$Companion$create$1
instanceKlass com/android/build/gradle/internal/res/Aapt2FromMaven$Companion$Aapt2Extractor
instanceKlass java/util/Comparators$NullComparator
instanceKlass com/android/sdklib/AndroidApiLevel$Companion
instanceKlass com/android/sdklib/AndroidApiLevel
instanceKlass com/android/sdklib/AndroidVersion
instanceKlass com/android/SdkConstants
instanceKlass com/android/build/gradle/internal/res/Aapt2FromMaven$Companion$DefaultAapt2Version
instanceKlass com/android/build/gradle/internal/res/Aapt2FromMaven$Companion
instanceKlass com/android/build/gradle/internal/res/Aapt2FromMaven
instanceKlass com/android/build/gradle/internal/lint/AndroidLintInputs
instanceKlass com/android/build/gradle/internal/lint/LintFromMaven$Companion
instanceKlass com/android/build/gradle/internal/lint/LintFromMaven
instanceKlass com/android/build/gradle/internal/errors/DeprecationReporterImpl$Companion
instanceKlass com/android/build/gradle/internal/errors/DeprecationReporterImpl
instanceKlass com/android/build/gradle/internal/errors/DeprecationReporter
instanceKlass com/android/build/gradle/internal/errors/MessageReceiverImpl
instanceKlass com/android/ide/common/blame/MessageReceiver
instanceKlass com/google/common/base/Converter
instanceKlass com/google/common/collect/Maps$EntryTransformer
instanceKlass com/google/common/collect/SortedMapDifference
instanceKlass com/google/common/collect/MapDifference
instanceKlass com/google/common/collect/Maps
instanceKlass com/android/build/gradle/internal/errors/AndroidProblemReporterProvider$reporter$1
instanceKlass com/android/build/gradle/internal/errors/AndroidProblemsReporter
instanceKlass com/android/build/gradle/internal/errors/AndroidProblemReporterProvider$Parameters$Inject_
instanceKlass com/android/build/gradle/internal/errors/AndroidProblemReporterProvider$Parameters_Decorated
instanceKlass com/android/build/gradle/internal/errors/AndroidProblemReporterProvider$Parameters
instanceKlass com/android/build/gradle/internal/errors/AndroidProblemReporterProvider
instanceKlass com/android/build/gradle/options/SyncOptions
instanceKlass com/android/utils/Environment$Companion
instanceKlass com/android/utils/Environment
instanceKlass com/android/build/gradle/internal/services/R8D8ThreadPoolBuildService$Companion
instanceKlass com/android/build/gradle/internal/services/R8D8ThreadPoolBuildService
instanceKlass com/google/common/collect/CollectPreconditions
instanceKlass com/android/build/gradle/options/ProjectOptions$OptionValue
instanceKlass com/android/ide/common/repository/AgpVersion$PreviewKind$Companion
instanceKlass com/android/ide/common/repository/AgpVersion$Companion
instanceKlass com/android/ide/common/repository/AgpVersion
instanceKlass com/android/build/gradle/options/FutureStage
instanceKlass com/android/build/gradle/options/Option$Status
instanceKlass com/android/build/gradle/options/Stage
instanceKlass com/google/common/collect/PeekingIterator
instanceKlass com/google/common/collect/Iterators
instanceKlass com/google/common/collect/Hashing
instanceKlass com/google/common/math/IntMath$1
instanceKlass com/google/common/math/MathPreconditions
instanceKlass com/google/common/math/IntMath
instanceKlass com/google/common/base/Preconditions
instanceKlass com/google/common/collect/ImmutableCollection$Builder
instanceKlass com/google/common/collect/ImmutableSet$SetBuilderImpl
instanceKlass com/google/common/collect/ImmutableMap$Builder
instanceKlass com/google/common/collect/AbstractMapEntry
instanceKlass com/google/common/base/Function
instanceKlass com/google/common/collect/Iterables
instanceKlass com/google/common/collect/UnmodifiableIterator
instanceKlass com/google/common/collect/BiMap
instanceKlass com/google/common/collect/ImmutableMap
instanceKlass com/android/build/gradle/internal/utils/GuavaKtxKt
instanceKlass com/android/build/gradle/options/Option
instanceKlass com/android/build/gradle/options/ProjectOptions
instanceKlass com/android/build/gradle/options/ProjectOptionService$Params$Inject_
instanceKlass com/android/build/gradle/options/TestRunnerArguments$Companion
instanceKlass com/android/build/gradle/options/ProjectOptionService$Params_Decorated
instanceKlass com/android/build/gradle/options/ProjectOptionService$Params
instanceKlass com/android/build/gradle/api/PrivacySandboxSdkPlugin
instanceKlass com/android/build/gradle/api/FusedLibraryPlugin
instanceKlass com/android/build/gradle/internal/utils/GradlePluginUtils
instanceKlass com/android/build/gradle/internal/services/ServiceRegistrationAction$execute$1
instanceKlass com/android/build/gradle/internal/services/AndroidLocationsBuildService
instanceKlass com/android/prefs/AndroidLocationsProvider
instanceKlass com/android/build/gradle/internal/services/ServiceRegistrationAction
instanceKlass com/android/build/gradle/internal/crash/CrashReporting
instanceKlass com/android/build/gradle/internal/plugins/BasePlugin$apply$1
instanceKlass com/google/common/util/concurrent/ListeningScheduledExecutorService
instanceKlass com/google/common/util/concurrent/ListeningExecutorService
instanceKlass com/google/common/util/concurrent/MoreExecutors
instanceKlass com/android/build/gradle/internal/ClasspathVerifier
instanceKlass com/google/common/annotations/VisibleForTesting
instanceKlass com/android/build/api/variant/ApplicationVariant
instanceKlass com/android/build/api/variant/CanMinifyAndroidResources
instanceKlass com/android/build/api/variant/CanMinifyCode
instanceKlass com/android/build/api/variant/HasTestFixtures
instanceKlass com/android/build/api/variant/HasUnitTest
instanceKlass com/android/build/api/variant/HasHostTests
instanceKlass com/android/build/api/variant/HasAndroidTest
instanceKlass com/android/build/api/variant/HasDeviceTests
instanceKlass com/android/build/api/variant/Variant
instanceKlass com/android/build/api/variant/HasAndroidResources
instanceKlass com/android/build/api/variant/Component
instanceKlass com/android/build/api/variant/GeneratesApk
instanceKlass com/android/build/gradle/internal/component/ApplicationCreationConfig
instanceKlass com/android/build/gradle/internal/component/PublishableCreationConfig
instanceKlass com/android/build/gradle/internal/component/VariantCreationConfig
instanceKlass com/android/build/gradle/internal/component/ApkCreationConfig
instanceKlass com/android/build/gradle/internal/component/ConsumableCreationConfig
instanceKlass com/android/build/gradle/internal/component/ComponentCreationConfig
instanceKlass com/android/build/gradle/internal/core/dsl/ApplicationVariantDslInfo
instanceKlass com/android/build/gradle/internal/core/dsl/MultiVariantComponentDslInfo
instanceKlass com/android/build/gradle/internal/variant/DimensionCombination
instanceKlass com/android/build/gradle/internal/core/dsl/TestedVariantDslInfo
instanceKlass com/android/build/gradle/internal/core/dsl/PublishableComponentDslInfo
instanceKlass com/android/build/gradle/internal/core/dsl/ApkProducingComponentDslInfo
instanceKlass com/android/build/gradle/internal/core/dsl/VariantDslInfo
instanceKlass com/android/build/gradle/internal/core/dsl/ConsumableComponentDslInfo
instanceKlass com/android/build/gradle/internal/core/dsl/ComponentDslInfo
instanceKlass com/android/build/api/variant/ApplicationVariantBuilder
instanceKlass com/android/build/api/variant/CanMinifyAndroidResourcesBuilder
instanceKlass com/android/build/api/variant/CanMinifyCodeBuilder
instanceKlass com/android/build/api/variant/GeneratesApkBuilder
instanceKlass com/android/build/api/variant/HasTestFixturesBuilder
instanceKlass com/android/build/api/variant/HasUnitTestBuilder
instanceKlass com/android/build/api/variant/HasHostTestsBuilder
instanceKlass com/android/build/api/variant/HasAndroidTestBuilder
instanceKlass com/android/build/api/variant/HasDeviceTestsBuilder
instanceKlass com/android/build/api/variant/VariantBuilder
instanceKlass com/android/build/api/variant/ComponentBuilder
instanceKlass com/android/build/api/variant/ComponentIdentity
instanceKlass com/android/build/api/dsl/ApplicationInstallation
instanceKlass com/android/build/api/dsl/Installation
instanceKlass com/android/build/api/dsl/ApplicationAndroidResources
instanceKlass com/android/build/api/dsl/AndroidResources
instanceKlass com/android/build/api/dsl/ApplicationProductFlavor
instanceKlass com/android/build/api/dsl/ProductFlavor
instanceKlass com/android/build/api/dsl/ApplicationDefaultConfig
instanceKlass com/android/build/api/dsl/DefaultConfig
instanceKlass com/android/build/api/dsl/ApplicationBaseFlavor
instanceKlass com/android/build/api/dsl/BaseFlavor
instanceKlass com/android/build/api/dsl/ApplicationBuildType
instanceKlass com/android/build/api/dsl/ApplicationVariantDimension
instanceKlass com/android/build/api/dsl/BuildType
instanceKlass com/android/build/api/dsl/VariantDimension
instanceKlass com/android/build/api/dsl/ApplicationBuildFeatures
instanceKlass com/android/build/api/dsl/BuildFeatures
instanceKlass com/android/build/api/dsl/Lint
instanceKlass com/android/build/gradle/internal/core/SettingsOptions
instanceKlass com/android/builder/errors/IssueReporter
instanceKlass com/android/build/gradle/internal/profile/AnalyticsConfiguratorService
instanceKlass com/android/build/gradle/options/ProjectOptionService
instanceKlass com/android/build/gradle/internal/services/ProjectServices
instanceKlass com/android/build/gradle/internal/plugins/BasePlugin$Companion
instanceKlass com/android/build/gradle/internal/variant/AbstractVariantInputManager
instanceKlass com/android/build/api/dsl/SettingsExtension
instanceKlass com/android/build/gradle/internal/tasks/factory/BootClasspathConfigImpl
instanceKlass com/android/build/gradle/internal/testing/ManagedDeviceRegistry
instanceKlass com/android/build/api/instrumentation/manageddevice/ManagedDeviceRegistry
instanceKlass com/android/build/gradle/internal/variant/VariantModel
instanceKlass com/android/build/gradle/internal/VariantManager
instanceKlass com/android/build/gradle/internal/variant/VariantInputModel
instanceKlass com/android/build/gradle/internal/tasks/factory/GlobalTaskCreationConfigImpl
instanceKlass com/android/build/gradle/internal/services/BaseServicesImpl
instanceKlass com/google/protobuf/ProtocolMessageEnum
instanceKlass com/google/protobuf/Internal$EnumLite
instanceKlass com/android/build/gradle/internal/plugins/BasePlugin$ExtensionData
instanceKlass com/android/build/gradle/internal/services/VersionedSdkLoaderService
instanceKlass com/android/build/gradle/internal/plugins/DslContainerProvider
instanceKlass com/android/build/api/extension/impl/DslLifecycleComponentsOperationsRegistrar
instanceKlass com/android/build/gradle/internal/variant/BaseVariantFactory
instanceKlass com/android/build/gradle/internal/tasks/factory/TaskManagerConfig
instanceKlass com/android/build/gradle/internal/tasks/factory/GlobalTaskCreationConfig
instanceKlass com/android/build/gradle/internal/tasks/factory/BootClasspathConfig
instanceKlass com/android/build/gradle/TestedAndroidConfig
instanceKlass com/android/build/gradle/BaseExtension
instanceKlass com/android/build/gradle/AndroidConfig
instanceKlass com/android/build/gradle/internal/dsl/InternalApplicationExtension
instanceKlass com/android/build/gradle/internal/dsl/InternalTestedExtension
instanceKlass com/android/build/api/dsl/ApplicationExtension
instanceKlass com/android/build/api/dsl/TestedExtension
instanceKlass com/android/build/api/dsl/ApkExtension
instanceKlass com/android/build/gradle/internal/dsl/CommonExtensionImpl
instanceKlass com/android/build/gradle/internal/dsl/InternalCommonExtension
instanceKlass com/android/build/gradle/internal/dsl/Lockable
instanceKlass com/android/build/api/dsl/CommonExtension
instanceKlass com/android/build/gradle/internal/variant/VariantFactory
instanceKlass com/android/build/gradle/internal/services/DslServices
instanceKlass com/android/build/gradle/internal/services/BaseServices
instanceKlass com/android/build/gradle/internal/TaskManager
instanceKlass com/android/build/api/extension/impl/AndroidComponentsExtensionImpl
instanceKlass com/android/build/api/variant/ApplicationAndroidComponentsExtension
instanceKlass com/android/build/api/variant/AndroidComponentsExtension
instanceKlass com/android/build/api/variant/AndroidComponents
instanceKlass com/android/build/api/variant/DslLifecycle
instanceKlass com/android/build/gradle/internal/plugins/AndroidPluginBaseServices
instanceKlass com/android/build/gradle/AppPluginKt
instanceKlass com/android/build/gradle/internal/services/RunOnceBuildServiceImpl$ActionName
instanceKlass com/android/Version
instanceKlass com/android/build/gradle/internal/services/BuildServicesKt
instanceKlass com/android/build/gradle/internal/services/GlobalServiceRegistrationAction$execute$1
instanceKlass com/android/build/gradle/internal/services/GlobalServiceRegistrationAction$execute$globalService$1
instanceKlass com/android/build/gradle/internal/services/RunOnceBuildServiceImpl
instanceKlass com/android/build/gradle/internal/services/RunOnceBuildService
instanceKlass com/android/build/gradle/internal/services/GlobalServiceRegistrationAction
instanceKlass com/android/build/gradle/internal/plugins/VersionCheckPlugin$Companion
instanceKlass com/android/build/gradle/internal/plugins/VersionCheckPlugin
instanceKlass com/android/build/gradle/AssetPackPluginKt
instanceKlass com/android/build/gradle/BasePlugin
instanceKlass com/facebook/react/ReactRootProjectPlugin$apply$1
instanceKlass com/facebook/react/ReactRootProjectPlugin
instanceKlass org/gradle/api/internal/plugins/DefaultObjectConfigurationAction$3
instanceKlass org/gradle/cache/internal/btree/FileBackedBlockStore$1
instanceKlass org/gradle/api/internal/tasks/TaskDependencyInternal$1
instanceKlass org/gradle/internal/hash/HashCode$1
instanceKlass org/gradle/api/internal/artifacts/ivyservice/resolveengine/graph/conflicts/DefaultConflictResolverDetails
instanceKlass org/gradle/api/internal/artifacts/ivyservice/resolveengine/graph/builder/VirtualPlatformState
instanceKlass org/gradle/api/internal/artifacts/ivyservice/ivyresolve/CachingModuleComponentRepository$1
instanceKlass org/gradle/api/internal/artifacts/repositories/resolver/DefaultExternalResourceArtifactResolver
instanceKlass org/gradle/api/internal/artifacts/ivyservice/dependencysubstitution/UnversionedModuleComponentSelector
instanceKlass org/gradle/api/internal/artifacts/dsl/ComponentSelectorParsers$ProjectConverter
instanceKlass org/gradle/api/internal/artifacts/dsl/ComponentSelectorParsers$StringConverter
instanceKlass org/gradle/api/internal/artifacts/dsl/ComponentSelectorParsers
instanceKlass org/gradle/api/internal/artifacts/ivyservice/dependencysubstitution/DefaultDependencySubstitutionApplicator$SubstitutionResult
instanceKlass org/gradle/api/internal/artifacts/ivyservice/dependencysubstitution/DefaultDependencySubstitutionApplicator$SubstitutionCacheKey
instanceKlass org/gradle/api/artifacts/DependencyArtifactSelector
instanceKlass org/gradle/api/internal/artifacts/ivyservice/dependencysubstitution/ArtifactSelectionDetailsInternal
instanceKlass org/gradle/api/artifacts/ArtifactSelectionDetails
instanceKlass org/gradle/api/internal/artifacts/ivyservice/dependencysubstitution/DefaultDependencySubstitution
instanceKlass org/gradle/api/internal/artifacts/ivyservice/dependencysubstitution/DefaultDependencySubstitutionApplicator
instanceKlass org/gradle/composite/internal/CompositeBuildDependencySubstitutions
instanceKlass org/gradle/api/artifacts/repositories/ExclusiveContentRepository
instanceKlass org/gradle/configuration/ProjectScriptTarget
instanceKlass org/gradle/internal/Pair
instanceKlass org/gradle/internal/composite/DefaultConfigurableIncludedBuild
instanceKlass org/gradle/composite/internal/DefaultIncludedBuild$IncludedBuildImpl
instanceKlass org/codehaus/groovy/runtime/ScriptBytecodeAdapter
instanceKlass org/gradle/internal/classpath/declarations/GroovyDynamicDispatchInterceptors
instanceKlass com/google/gson/internal/LinkedTreeMap$LinkedTreeMapIterator
instanceKlass java/util/AbstractMap$2$1
instanceKlass com/google/gson/internal/LinkedTreeMap$Node
instanceKlass com/google/gson/internal/LinkedTreeMap$1
instanceKlass jdk/internal/vm/annotation/ForceInline
instanceKlass com/facebook/react/model/ModelAutolinkingAndroidProjectJson
instanceKlass com/google/gson/internal/ConstructorConstructor$13
instanceKlass com/google/gson/internal/ConstructorConstructor$8
instanceKlass com/facebook/react/model/ModelAutolinkingDependenciesPlatformAndroidJson
instanceKlass com/facebook/react/model/ModelAutolinkingDependenciesPlatformJson
instanceKlass com/google/gson/internal/$Gson$Types$ParameterizedTypeImpl
instanceKlass com/facebook/react/model/ModelAutolinkingDependenciesJson
instanceKlass com/google/gson/internal/Primitives
instanceKlass com/google/gson/annotations/SerializedName
instanceKlass com/google/gson/internal/UnsafeAllocator
instanceKlass com/google/gson/internal/ConstructorConstructor$14
instanceKlass com/facebook/react/model/ModelAutolinkingProjectJson
instanceKlass com/google/gson/annotations/JsonAdapter
instanceKlass com/google/gson/internal/JsonReaderInternalAccess
instanceKlass com/facebook/react/model/ModelAutolinkingConfigJson
instanceKlass kotlin/io/LinesSequence$iterator$1
instanceKlass kotlin/sequences/ConstrainedOnceSequence
instanceKlass kotlin/io/LinesSequence
instanceKlass org/gradle/internal/classpath/declarations/FileInputStreamInterceptorsDeclaration
instanceKlass com/google/gson/internal/bind/ReflectiveTypeAdapterFactory$BoundField
instanceKlass com/google/gson/internal/bind/ReflectiveTypeAdapterFactory
instanceKlass com/google/gson/internal/bind/JsonAdapterAnnotationTypeAdapterFactory
instanceKlass com/google/gson/internal/bind/MapTypeAdapterFactory
instanceKlass com/google/gson/internal/bind/CollectionTypeAdapterFactory
instanceKlass com/google/gson/internal/bind/ArrayTypeAdapter$1
instanceKlass com/google/gson/internal/sql/SqlTimestampTypeAdapter$1
instanceKlass com/google/gson/internal/sql/SqlTimeTypeAdapter$1
instanceKlass com/google/gson/internal/sql/SqlDateTypeAdapter$1
instanceKlass com/google/gson/internal/bind/DefaultDateTypeAdapter$DateType
instanceKlass com/google/gson/internal/sql/SqlTypesSupport
instanceKlass com/google/gson/internal/bind/DateTypeAdapter$1
instanceKlass com/google/gson/internal/bind/NumberTypeAdapter$1
instanceKlass com/google/gson/internal/bind/ObjectTypeAdapter$1
instanceKlass com/google/gson/internal/bind/TypeAdapters$28
instanceKlass com/google/gson/internal/bind/TypeAdapters$32
instanceKlass java/util/Currency
instanceKlass com/google/gson/internal/bind/TypeAdapters$33
instanceKlass com/google/gson/internal/bind/TypeAdapters$31
instanceKlass com/google/gson/internal/bind/TypeAdapters$30
instanceKlass com/google/gson/internal/bind/TypeAdapters
instanceKlass sun/misc/Unsafe
instanceKlass com/google/gson/internal/JavaVersion
instanceKlass com/google/gson/internal/reflect/ReflectionAccessor
instanceKlass com/google/gson/internal/ObjectConstructor
instanceKlass com/google/gson/internal/ConstructorConstructor
instanceKlass com/google/gson/internal/Excluder
instanceKlass com/google/gson/internal/$Gson$Types
instanceKlass com/google/gson/internal/$Gson$Preconditions
instanceKlass com/google/gson/reflect/TypeToken
instanceKlass com/google/gson/TypeAdapterFactory
instanceKlass com/google/gson/stream/JsonWriter
instanceKlass com/google/gson/JsonElement
instanceKlass com/google/gson/stream/JsonReader
instanceKlass com/google/gson/TypeAdapter
instanceKlass com/google/gson/FieldNamingStrategy
instanceKlass com/google/gson/ToNumberStrategy
instanceKlass com/google/gson/Gson
instanceKlass com/facebook/react/utils/JsonUtils
instanceKlass org/gradle/internal/classpath/declarations/KotlinFileExtensionsInterceptorsDeclaration
instanceKlass org/gradle/internal/classpath/declarations/KotlinStdlibFileInterceptors
instanceKlass com/facebook/react/ReactSettingsExtension$autolinkLibrariesFromCommand$updateConfig$1
instanceKlass com/facebook/react/ReactSettingsExtension$GenerateConfig
instanceKlass groovy/transform/SelfType
instanceKlass groovy/lang/GeneratedGroovyProxy
instanceKlass groovy/transform/Trait
instanceKlass org/codehaus/groovy/transform/trait/Traits$TraitBridge
instanceKlass org/codehaus/groovy/transform/trait/Traits
instanceKlass groovy/util/ProxyGenerator
instanceKlass org/codehaus/groovy/runtime/ConversionHandler
instanceKlass org/codehaus/groovy/vmplugin/v8/TypeTransformers
instanceKlass org/gradle/internal/metaobject/InstrumentedMetaClass
instanceKlass org/gradle/groovy/scripts/internal/BuildScriptData
instanceKlass org/gradle/model/dsl/internal/transform/ClosureCreationInterceptingVerifier
instanceKlass org/gradle/groovy/scripts/internal/FactoryBackedCompileOperation
instanceKlass org/gradle/groovy/scripts/internal/BuildScriptTransformer$1
instanceKlass org/gradle/groovy/scripts/internal/BuildScriptTransformer
instanceKlass com/facebook/react/utils/KotlinStdlibCompatUtils
instanceKlass com/facebook/react/utils/Os
instanceKlass com/facebook/react/utils/TaskUtilsKt
instanceKlass org/gradle/api/internal/file/DefaultBuildLayout
instanceKlass com/facebook/react/ReactSettingsExtension$Companion
instanceKlass com/facebook/react/ReactSettingsExtension
instanceKlass com/facebook/react/ReactSettingsPlugin
instanceKlass org/gradle/api/internal/initialization/transform/ProjectDependencyInstrumentingArtifactTransform$Parameters$Inject_
instanceKlass org/gradle/api/internal/artifacts/transform/TransformStepNode$TransformStepBuildOperation
instanceKlass org/gradle/api/internal/artifacts/transform/TransformStepNode$AbstractTransformArtifacts
instanceKlass org/gradle/api/internal/artifacts/transform/TransformStepNode$2
instanceKlass org/gradle/operations/dependencies/variants/Capability
instanceKlass org/gradle/operations/dependencies/transforms/PlannedTransformStepIdentity
instanceKlass org/gradle/operations/dependencies/transforms/ExecutePlannedTransformStepBuildOperationType$Result
instanceKlass org/gradle/api/internal/artifacts/transform/DefaultTransformedVariantFactory$1
instanceKlass org/gradle/api/internal/artifacts/transform/ComponentVariantIdentifier
instanceKlass org/gradle/api/internal/artifacts/transform/TransformedProjectArtifactSet
instanceKlass org/gradle/api/internal/artifacts/transform/TransformationChainsDisambiguator
instanceKlass java/util/concurrent/ConcurrentLinkedQueue$Itr
instanceKlass com/google/common/cache/LocalCache$WriteThroughEntry
instanceKlass com/google/common/cache/LocalCache$HashIterator
instanceKlass org/gradle/execution/plan/PostExecutionNodeAwareActionNode
instanceKlass org/gradle/internal/execution/history/changes/InputFileChanges$1
instanceKlass org/gradle/internal/execution/history/changes/IncrementalInputProperties$1
instanceKlass org/gradle/api/internal/file/collections/FilteredMinimalFileTree$1
instanceKlass org/gradle/api/internal/file/collections/FilteredMinimalFileTree
instanceKlass org/gradle/api/internal/file/AbstractFileTreeElement
instanceKlass org/gradle/api/internal/file/collections/DirectoryTrees
instanceKlass kotlin/io/FilePathComponents
instanceKlass org/gradle/tooling/events/task/internal/TaskExecutionDetails
instanceKlass org/gradle/tooling/events/internal/DefaultOperationSuccessResult
instanceKlass org/gradle/tooling/events/task/TaskSuccessResult
instanceKlass org/gradle/tooling/events/SuccessResult
instanceKlass org/gradle/api/internal/tasks/execution/ExecuteActionsTaskExecuter$1
instanceKlass org/gradle/api/internal/tasks/execution/ExecuteActionsTaskExecuter$2
instanceKlass org/gradle/internal/execution/history/impl/DefaultOutputFilesRepository$1
instanceKlass org/gradle/api/internal/tasks/SnapshotTaskInputsBuildOperationType$Result$InputFilePropertyVisitor
instanceKlass org/gradle/api/internal/tasks/BaseSnapshotInputsBuildOperationResult
instanceKlass org/gradle/api/internal/tasks/SnapshotTaskInputsBuildOperationType$Result
instanceKlass org/gradle/internal/execution/caching/CachingState$Enabled
instanceKlass org/gradle/internal/execution/caching/CachingState$CacheKeyCalculatedState
instanceKlass org/gradle/caching/internal/SimpleBuildCacheKey
instanceKlass org/gradle/caching/internal/BuildCacheKeyInternal
instanceKlass org/jetbrains/kotlin/gradle/tasks/CacheableTasksKt$cacheOnlyIfEnabledForKotlin$1$1
instanceKlass org/gradle/caching/BuildCacheKey
instanceKlass org/gradle/internal/execution/caching/impl/DefaultCachingStateFactory
instanceKlass org/gradle/internal/execution/history/changes/InputChangesInternal
instanceKlass org/gradle/internal/execution/history/changes/ExecutionStateChanges$1
instanceKlass org/gradle/internal/execution/history/changes/CachingChangeContainer$CachingVisitor
instanceKlass org/gradle/internal/execution/history/changes/DefaultExecutionStateChangeDetector$InputFileChangesWrapper
instanceKlass org/gradle/internal/execution/history/changes/CachingChangeContainer
instanceKlass com/google/common/collect/ForwardingObject
instanceKlass org/gradle/internal/execution/history/changes/AbstractFingerprintChanges$1
instanceKlass org/gradle/internal/execution/history/changes/SortedMapDiffUtil
instanceKlass org/gradle/internal/execution/history/changes/OutputFileChanges$1
instanceKlass org/gradle/internal/execution/history/changes/SummarizingChangeContainer$ChangeDetectingVisitor
instanceKlass org/gradle/internal/execution/history/changes/MessageCollectingChangeVisitor
instanceKlass org/gradle/internal/execution/history/changes/ErrorHandlingChangeContainer
instanceKlass org/gradle/internal/execution/history/changes/SummarizingChangeContainer
instanceKlass org/gradle/internal/execution/history/changes/OutputFileChanges
instanceKlass com/google/common/base/Predicates$CompositionPredicate
instanceKlass org/gradle/internal/execution/history/changes/TrivialChangeDetector
instanceKlass org/gradle/internal/execution/history/changes/AbsolutePathChangeDetector$ItemComparator
instanceKlass org/gradle/internal/execution/history/changes/AbsolutePathChangeDetector
instanceKlass org/gradle/internal/execution/history/changes/AbstractFingerprintCompareStrategy$2
instanceKlass org/gradle/internal/execution/history/changes/AbstractFingerprintCompareStrategy$1
instanceKlass org/gradle/internal/execution/history/changes/TrivialChangeDetector$ItemComparator
instanceKlass org/gradle/internal/execution/history/changes/CompareStrategy$ChangeFactory
instanceKlass org/gradle/internal/execution/history/changes/CompareStrategy$ChangeDetector
instanceKlass org/gradle/internal/execution/history/changes/CompareStrategy
instanceKlass org/gradle/internal/execution/history/changes/FingerprintCompareStrategy
instanceKlass org/gradle/internal/execution/history/changes/PropertyDiffListener
instanceKlass org/gradle/internal/execution/history/changes/AbstractFingerprintChanges
instanceKlass org/gradle/internal/execution/history/changes/InputValueChanges
instanceKlass org/gradle/internal/execution/history/changes/PropertyChanges
instanceKlass org/gradle/internal/execution/history/changes/ImplementationChanges
instanceKlass org/gradle/internal/execution/history/changes/DescriptiveChange
instanceKlass org/gradle/internal/execution/history/changes/Change
instanceKlass org/gradle/internal/execution/history/changes/PreviousSuccessChanges
instanceKlass org/gradle/internal/execution/history/changes/DefaultIncrementalInputProperties
instanceKlass org/gradle/internal/execution/steps/ResolveChangesStep$1
instanceKlass org/gradle/internal/execution/steps/ResolveChangesStep$2
instanceKlass org/gradle/internal/execution/history/changes/ExecutionStateChanges
instanceKlass org/gradle/internal/execution/steps/ValidateStep$1
instanceKlass org/gradle/api/internal/tasks/properties/DefaultPropertyValidationContext
instanceKlass org/gradle/internal/execution/steps/AbstractCaptureStateBeforeExecutionStep$Operation$Result$1
instanceKlass org/gradle/internal/execution/steps/AbstractCaptureStateBeforeExecutionStep$Operation$Result
instanceKlass org/gradle/api/internal/artifacts/ivyservice/resolveengine/result/DetachedResolvedGraphDependency
instanceKlass org/gradle/api/internal/artifacts/ivyservice/resolveengine/result/CachingComponentSelectionDescriptorFactory$Key
instanceKlass org/gradle/cache/internal/BinaryStore$ReadAction
instanceKlass org/jetbrains/kotlin/gradle/plugin/DefaultKotlinBasePlugin$addKotlinCompilerConfiguration$2$1$1$1
instanceKlass org/jetbrains/kotlin/gradle/plugin/DefaultKotlinBasePlugin$addKotlinCompilerConfiguration$2$1$1
instanceKlass org/gradle/api/internal/artifacts/result/DefaultResolutionResult
instanceKlass org/jetbrains/kotlin/gradle/tasks/KotlinCompile$disableMultiModuleIC$2$1
instanceKlass org/gradle/internal/snapshot/impl/SerializedLambdaQueries
instanceKlass org/gradle/internal/execution/steps/AbstractCaptureStateBeforeExecutionStep$ImplementationsBuilder
instanceKlass org/gradle/internal/snapshot/AbstractInvalidateChildHandler
instanceKlass org/gradle/internal/snapshot/AbstractIncompleteFileSystemNode$1
instanceKlass org/gradle/internal/watch/vfs/impl/WatchingVirtualFileSystem$VfsChangeLoggingNodeDiffListener
instanceKlass org/gradle/internal/execution/steps/AbstractCaptureStateBeforeExecutionStep$Operation$Details$1
instanceKlass org/gradle/internal/execution/steps/AbstractCaptureStateBeforeExecutionStep$Operation$Details
instanceKlass org/gradle/internal/watch/registry/impl/DefaultFileWatcherRegistry$3
instanceKlass org/gradle/internal/watch/registry/impl/DefaultFileWatcherRegistry$1
instanceKlass org/gradle/fileevents/internal/AbstractFileEventFunctions$ChangeEvent
instanceKlass org/gradle/internal/watch/registry/impl/DefaultFileWatcherProbeRegistry$1
instanceKlass org/gradle/internal/file/FileHierarchySet$PrefixFileSet$2
instanceKlass org/gradle/api/tasks/util/internal/CachingPatternSpecFactory$CachingSpec$1
instanceKlass org/gradle/api/file/RelativePath
instanceKlass org/gradle/internal/fingerprint/impl/PatternSetSnapshottingFilter$LogicalFileTreeElement
instanceKlass org/gradle/internal/snapshot/impl/FileSystemSnapshotFilter$FilteringVisitor$1
instanceKlass org/gradle/internal/snapshot/impl/FileSystemSnapshotFilter$FilteringVisitor
instanceKlass org/gradle/internal/snapshot/SnapshottingFilter$FileSystemSnapshotPredicate
instanceKlass org/gradle/internal/fingerprint/impl/PatternSetSnapshottingFilter$PathBackedFileTreeElement
instanceKlass org/gradle/internal/snapshot/SnapshottingFilter$DirectoryWalkerPredicate
instanceKlass org/gradle/internal/fingerprint/impl/PatternSetSnapshottingFilter
instanceKlass org/gradle/execution/plan/ExecutionNodeAccessHierarchy$FilteredNodeAccess
instanceKlass org/gradle/api/internal/file/FileCollectionBackedFileTree$2
instanceKlass org/gradle/api/internal/file/FileCollectionBackedFileTree$1
instanceKlass org/gradle/internal/execution/steps/AbstractSkipEmptyWorkStep$1
instanceKlass org/gradle/internal/operations/DefaultBuildOperationRunner$3$1
instanceKlass org/gradle/internal/operations/DefaultBuildOperationRunner$3
instanceKlass org/gradle/internal/execution/history/impl/AbstractInputExecutionState
instanceKlass org/gradle/internal/execution/history/impl/FileSystemSnapshotSerializer$2
instanceKlass java/util/stream/ReduceOps$5ReducingSink
instanceKlass org/gradle/internal/execution/history/impl/FileSystemSnapshotSerializer$SnapshotStack
instanceKlass org/gradle/internal/execution/history/impl/SerializableFileCollectionFingerprint
instanceKlass org/gradle/internal/execution/history/impl/FingerprintMapSerializer$1
instanceKlass org/gradle/internal/fingerprint/FileCollectionFingerprint$1
instanceKlass org/gradle/cache/internal/btree/FreeListBlockStore$FreeListEntry
instanceKlass com/google/common/collect/Streams
instanceKlass org/gradle/internal/execution/steps/HandleStaleOutputsStep$1
instanceKlass org/gradle/internal/execution/workspace/MutableWorkspaceProvider$WorkspaceAction
instanceKlass org/gradle/api/internal/tasks/execution/TaskExecution$4
instanceKlass org/gradle/api/internal/tasks/execution/TaskExecution$5
instanceKlass org/gradle/api/internal/tasks/execution/TaskExecution$1
instanceKlass org/gradle/api/internal/tasks/properties/PropertyValidationContext
instanceKlass org/gradle/api/internal/tasks/SnapshotTaskInputsBuildOperationType$Details
instanceKlass org/gradle/api/internal/tasks/execution/TaskExecution
instanceKlass org/gradle/internal/execution/MutableUnitOfWork
instanceKlass org/jetbrains/kotlin/gradle/plugin/statistics/ExecutedTaskMetrics
instanceKlass org/jetbrains/kotlin/gradle/plugin/internal/state/TaskExecutionResults
instanceKlass org/gradle/tooling/events/task/TaskFailureResult
instanceKlass org/gradle/tooling/events/FailureResult
instanceKlass org/gradle/api/internal/changedetection/changes/DefaultTaskExecutionMode
instanceKlass org/gradle/tooling/events/task/TaskExecutionResult
instanceKlass org/gradle/api/internal/changedetection/TaskExecutionMode
instanceKlass org/gradle/tooling/events/internal/BaseProgressEvent
instanceKlass org/gradle/tooling/events/task/internal/DefaultTaskSkippedResult
instanceKlass org/gradle/tooling/events/task/TaskSkippedResult
instanceKlass org/gradle/tooling/events/SkippedResult
instanceKlass org/gradle/tooling/events/download/FileDownloadResult
instanceKlass org/gradle/tooling/events/problems/DocumentationLink
instanceKlass org/gradle/tooling/events/test/TestOutputDescriptor
instanceKlass org/gradle/tooling/events/transform/TransformFinishEvent
instanceKlass org/gradle/tooling/events/configuration/ProjectConfigurationFinishEvent
instanceKlass org/gradle/tooling/events/test/TestOutputEvent
instanceKlass org/gradle/tooling/events/work/WorkItemFinishEvent
instanceKlass org/gradle/execution/plan/ValuedVfsHierarchy$1
instanceKlass org/gradle/tooling/events/lifecycle/BuildPhaseFinishEvent
instanceKlass org/gradle/tooling/events/configuration/ProjectConfigurationOperationResult
instanceKlass org/gradle/tooling/events/download/FileDownloadStartEvent
instanceKlass org/gradle/tooling/events/configuration/ProjectConfigurationStartEvent
instanceKlass org/gradle/tooling/events/download/FileDownloadOperationDescriptor
instanceKlass org/gradle/tooling/events/transform/TransformOperationDescriptor
instanceKlass org/gradle/tooling/events/configuration/ProjectConfigurationOperationDescriptor
instanceKlass org/gradle/tooling/events/work/WorkItemOperationDescriptor
instanceKlass org/gradle/tooling/events/lifecycle/BuildPhaseStartEvent
instanceKlass org/gradle/tooling/events/problems/ProblemDefinition
instanceKlass org/gradle/execution/plan/ValuedVfsHierarchy$2
instanceKlass org/gradle/tooling/events/transform/TransformStartEvent
instanceKlass org/gradle/tooling/events/transform/TransformProgressEvent
instanceKlass org/gradle/execution/plan/ExecutionNodeAccessHierarchy$DefaultNodeAccess
instanceKlass org/gradle/execution/plan/ExecutionNodeAccessHierarchy$NodeAccess
instanceKlass org/gradle/tooling/events/work/WorkItemStartEvent
instanceKlass org/gradle/tooling/events/work/WorkItemProgressEvent
instanceKlass org/gradle/tooling/events/test/TestMetadataEvent
instanceKlass org/gradle/tooling/events/download/FileDownloadFinishEvent
instanceKlass org/gradle/tooling/events/download/FileDownloadProgressEvent
instanceKlass org/gradle/tooling/events/problems/ProblemAggregation
instanceKlass org/gradle/tooling/events/problems/ProblemEvent
instanceKlass org/gradle/tooling/events/task/TaskOperationResult
instanceKlass org/gradle/tooling/events/configuration/ProjectConfigurationProgressEvent
instanceKlass org/gradle/tooling/events/problems/ProblemGroup
instanceKlass org/gradle/tooling/events/PluginIdentifier
instanceKlass org/gradle/tooling/events/problems/ContextualLabel
instanceKlass org/gradle/tooling/events/test/TestOperationResult
instanceKlass org/gradle/tooling/events/transform/TransformOperationResult
instanceKlass org/gradle/api/internal/tasks/properties/DefaultTaskProperties$ResolvingValue
instanceKlass org/gradle/tooling/events/test/TestOperationDescriptor
instanceKlass org/gradle/tooling/events/work/WorkItemOperationResult
instanceKlass org/gradle/tooling/events/OperationResult
instanceKlass org/gradle/api/internal/tasks/properties/CacheableOutputFilePropertySpec
instanceKlass org/gradle/tooling/Failure
instanceKlass org/gradle/tooling/events/problems/Details
instanceKlass org/gradle/tooling/events/problems/ProblemId
instanceKlass org/gradle/tooling/events/problems/Problem
instanceKlass org/gradle/tooling/events/problems/AdditionalData
instanceKlass org/gradle/tooling/events/test/TestStartEvent
instanceKlass org/gradle/tooling/events/task/TaskFinishEvent
instanceKlass org/gradle/tooling/events/task/TaskStartEvent
instanceKlass org/gradle/tooling/events/StartEvent
instanceKlass org/gradle/tooling/events/task/TaskProgressEvent
instanceKlass org/gradle/tooling/events/test/TestFinishEvent
instanceKlass org/gradle/api/internal/tasks/properties/OutputFilePropertySpec
instanceKlass org/gradle/tooling/events/test/TestProgressEvent
instanceKlass org/gradle/tooling/events/lifecycle/BuildPhaseProgressEvent
instanceKlass org/gradle/api/internal/tasks/properties/ValidationActions$7
instanceKlass org/gradle/tooling/events/task/java/JavaCompileTaskOperationResult$AnnotationProcessorResult
instanceKlass org/gradle/tooling/internal/consumer/parameters/BuildProgressListenerAdapter
instanceKlass org/gradle/tooling/internal/protocol/InternalBuildProgressListener
instanceKlass org/gradle/api/internal/tasks/properties/InputFilePropertySpec
instanceKlass org/gradle/api/internal/tasks/properties/FilePropertySpec
instanceKlass org/gradle/tooling/events/task/internal/DefaultTaskOperationDescriptor$1
instanceKlass org/gradle/tooling/events/internal/DefaultOperationDescriptor
instanceKlass org/gradle/internal/logging/events/StyledTextOutputEvent$Span
instanceKlass org/gradle/internal/logging/events/operations/StyledTextBuildOperationProgressDetails$Span
instanceKlass org/gradle/internal/operations/logging/StyledTextBuildOperationProgressDetails$Span
instanceKlass org/gradle/api/internal/tasks/execution/statistics/TaskExecutionStatisticsEventAdapter$1
instanceKlass org/gradle/api/internal/tasks/execution/ExecuteTaskBuildOperationResult
instanceKlass org/gradle/api/internal/tasks/execution/ExecuteTaskBuildOperationType$Result
instanceKlass org/gradle/api/internal/tasks/TaskExecuterResult$1
instanceKlass org/gradle/internal/build/event/types/AbstractProgressEvent
instanceKlass org/gradle/internal/build/event/types/DefaultTaskDescriptor
instanceKlass org/gradle/tooling/internal/protocol/events/InternalTaskWithExtraInfoDescriptor
instanceKlass org/gradle/tooling/internal/protocol/events/InternalTaskDescriptor
instanceKlass org/gradle/api/internal/tasks/execution/EventFiringTaskExecuter$1
instanceKlass org/gradle/api/internal/tasks/execution/EventFiringTaskExecuter
instanceKlass org/gradle/api/internal/tasks/execution/CatchExceptionTaskExecuter
instanceKlass org/gradle/api/internal/tasks/execution/SkipOnlyIfTaskExecuter
instanceKlass org/gradle/api/internal/tasks/execution/SkipTaskWithNoActionsExecuter
instanceKlass org/gradle/api/internal/tasks/execution/ResolveTaskExecutionModeExecuter
instanceKlass org/gradle/api/internal/tasks/execution/FinalizePropertiesTaskExecuter
instanceKlass org/gradle/api/internal/tasks/execution/ProblemsTaskPathTrackingTaskExecuter
instanceKlass org/gradle/api/execution/TaskActionListener
instanceKlass org/gradle/api/internal/tasks/TaskExecuterResult
instanceKlass org/gradle/api/internal/tasks/execution/ExecuteActionsTaskExecuter
instanceKlass org/gradle/api/internal/changedetection/changes/DefaultTaskExecutionModeResolver
instanceKlass org/gradle/api/internal/tasks/execution/DefaultTaskCacheabilityResolver
instanceKlass org/gradle/internal/file/DefaultReservedFileSystemLocationRegistry
instanceKlass org/gradle/internal/execution/workspace/MutableWorkspaceProvider
instanceKlass org/gradle/api/internal/artifacts/DefaultDependencyManagementServices$DependencyResolutionScopeServices$1
instanceKlass org/gradle/internal/snapshot/impl/ImplementationSnapshotSerializer
instanceKlass org/gradle/internal/execution/history/impl/FileSystemSnapshotSerializer
instanceKlass org/gradle/internal/execution/history/impl/FileCollectionFingerprintSerializer
instanceKlass org/gradle/internal/execution/history/PreviousExecutionState
instanceKlass org/gradle/internal/execution/history/impl/DefaultExecutionHistoryStore
instanceKlass org/gradle/api/internal/changedetection/state/DefaultExecutionHistoryCacheAccess
instanceKlass org/gradle/api/internal/tasks/TaskExecutionContext$OutputDependencyCheckAction
instanceKlass org/gradle/api/internal/tasks/execution/DefaultTaskExecutionContext
instanceKlass org/gradle/api/services/internal/DefaultBuildServicesRegistry$ServiceBackedSharedResource
instanceKlass org/gradle/internal/reflect/validation/TypeValidationProblemRenderer
instanceKlass org/gradle/api/internal/tasks/properties/AbstractValidatingProperty
instanceKlass org/gradle/api/internal/tasks/properties/ValidatingProperty
instanceKlass org/gradle/api/internal/tasks/properties/LifecycleAwareValue
instanceKlass org/gradle/api/internal/tasks/properties/AbstractPropertySpec
instanceKlass org/gradle/api/internal/tasks/properties/InputPropertySpec
instanceKlass org/gradle/api/internal/tasks/properties/CompositePropertyVisitor
instanceKlass org/gradle/api/internal/tasks/properties/DefaultTaskProperties$GetDestroyablesVisitor
instanceKlass org/gradle/api/internal/tasks/properties/DefaultTaskProperties$GetLocalStateVisitor
instanceKlass org/gradle/api/internal/tasks/properties/OutputUnpacker$UnpackedOutputConsumer$1
instanceKlass org/gradle/api/internal/tasks/properties/OutputUnpacker
instanceKlass org/gradle/api/internal/tasks/properties/OutputFilesCollector
instanceKlass org/gradle/api/internal/tasks/properties/ValidationAction
instanceKlass org/gradle/api/internal/tasks/properties/DefaultTaskProperties$ValidationVisitor
instanceKlass org/gradle/api/internal/tasks/properties/GetServiceReferencesVisitor
instanceKlass org/gradle/api/internal/tasks/properties/GetInputFilesVisitor
instanceKlass org/gradle/api/internal/tasks/properties/GetInputPropertiesVisitor
instanceKlass org/gradle/api/internal/tasks/properties/DefaultTaskProperties
instanceKlass org/gradle/api/internal/tasks/properties/TaskProperties
instanceKlass org/gradle/execution/plan/ResolveMutationsNode$ResolveTaskMutationsDetails
instanceKlass org/gradle/api/internal/tasks/execution/ResolveTaskMutationsBuildOperationType$Details
instanceKlass org/gradle/execution/plan/ResolveMutationsNode$1
instanceKlass org/gradle/execution/plan/MissingTaskDependencyDetector
instanceKlass org/gradle/api/internal/changedetection/TaskExecutionModeResolver
instanceKlass org/gradle/internal/file/ReservedFileSystemLocationRegistry
instanceKlass org/gradle/api/internal/tasks/execution/TaskCacheabilityResolver
instanceKlass org/gradle/api/internal/tasks/TaskExecuter
instanceKlass org/gradle/execution/ProjectExecutionServices
instanceKlass org/gradle/execution/ProjectExecutionServiceRegistry$DefaultNodeExecutionContext
instanceKlass org/gradle/execution/plan/DefaultPlanExecutor$WorkItem
instanceKlass org/gradle/execution/plan/WorkSource$Selection
instanceKlass org/gradle/execution/plan/DefaultPlanExecutor$ExecutorState$WorkerState
instanceKlass org/gradle/execution/plan/DefaultPlanExecutor$ExecutorWorker
instanceKlass org/gradle/execution/plan/DefaultPlanExecutor$PlanDetails
instanceKlass org/gradle/execution/taskgraph/DefaultTaskExecutionGraph$InvokeNodeExecutorsAction
instanceKlass org/gradle/execution/taskgraph/DefaultTaskExecutionGraph$BuildOperationAwareExecutionAction
instanceKlass org/gradle/execution/ProjectExecutionServiceRegistry
instanceKlass org/gradle/execution/BuildOperationFiringBuildWorkerExecutor$ExecuteTasks
instanceKlass org/gradle/composite/internal/DefaultBuildController$BuildOpRunnable
instanceKlass org/gradle/composite/internal/DefaultIncludedBuildTaskGraph$DefaultBuildTreeWorkGraph$1$1
instanceKlass org/gradle/internal/taskgraph/CalculateTreeTaskGraphBuildOperationType$Result
instanceKlass org/gradle/execution/taskgraph/NotifyTaskGraphWhenReadyBuildOperationType$1
instanceKlass org/gradle/execution/taskgraph/NotifyTaskGraphWhenReadyBuildOperationType$Result
instanceKlass org/gradle/execution/taskgraph/NotifyTaskGraphWhenReadyBuildOperationType
instanceKlass org/gradle/execution/taskgraph/DefaultTaskExecutionGraph$NotifyTaskGraphWhenReadyDetails
instanceKlass org/gradle/execution/taskgraph/NotifyTaskGraphWhenReadyBuildOperationType$Details
instanceKlass org/gradle/execution/taskgraph/DefaultTaskExecutionGraph$NotifyTaskGraphWhenReady
instanceKlass it/unimi/dsi/fastutil/objects/ObjectOpenHashSet$SetIterator
instanceKlass org/gradle/execution/plan/DefaultFinalizedExecutionPlan$ExecutionQueue
instanceKlass org/gradle/execution/plan/DefaultFinalizedExecutionPlan$1
instanceKlass org/gradle/execution/plan/DefaultFinalizedExecutionPlan
instanceKlass org/gradle/execution/plan/WorkSource
instanceKlass org/gradle/internal/build/BuildOperationFiringBuildWorkPreparer$PopulateWorkGraph$CalculateTaskGraphResult
instanceKlass org/gradle/internal/taskgraph/CalculateTaskGraphBuildOperationType$Result
instanceKlass org/gradle/execution/plan/ToPlannedTaskConverter$PlannedTaskIdentity
instanceKlass org/gradle/initialization/DefaultPlannedTask
instanceKlass org/gradle/internal/taskgraph/CalculateTaskGraphBuildOperationType$PlannedTask
instanceKlass org/gradle/internal/build/PlannedNodeGraph
instanceKlass org/gradle/internal/build/PlannedNodeGraph$IdentityProvider
instanceKlass org/gradle/internal/build/PlannedNodeGraph$DependencyTraverser
instanceKlass org/gradle/internal/build/PlannedNodeGraph$Collector
instanceKlass org/gradle/execution/plan/ScheduledWork
instanceKlass java/util/IdentityHashMap$IdentityHashMapIterator
instanceKlass org/gradle/execution/plan/DetermineExecutionPlanAction$TaskClassifier
instanceKlass org/gradle/execution/plan/DetermineExecutionPlanAction$NodeInVisitingSegment
instanceKlass org/gradle/execution/plan/DetermineExecutionPlanAction
instanceKlass org/gradle/execution/plan/edges/ComplexDependentNodesSet
instanceKlass org/gradle/execution/plan/edges/ComplexDependencyNodesSet
instanceKlass org/jetbrains/kotlin/gradle/utils/ProviderApiUtilsKt$mapOrNull$1$1
instanceKlass org/gradle/api/internal/provider/BuildableBackedProvider$1
instanceKlass org/gradle/api/internal/AbstractTask$6
instanceKlass org/jetbrains/kotlin/gradle/utils/CompatibilityKt
instanceKlass org/jetbrains/kotlin/gradle/plugin/diagnostics/CheckKotlinGradlePluginConfigurationErrorsKt$locateOrRegisterCheckKotlinGradlePluginErrorsTask$taskProvider$1$2
instanceKlass org/jetbrains/kotlin/gradle/plugin/diagnostics/CheckKotlinGradlePluginConfigurationErrorsKt$locateOrRegisterCheckKotlinGradlePluginErrorsTask$taskProvider$1$1
instanceKlass org/jetbrains/kotlin/gradle/plugin/diagnostics/CheckKotlinGradlePluginConfigurationErrors$Companion
instanceKlass org/jetbrains/kotlin/gradle/plugin/SubpluginOption
instanceKlass com/google/errorprone/annotations/concurrent/LazyInit
instanceKlass org/jetbrains/kotlin/gradle/tasks/KotlinCompilerPluginData$InputsOutputsState
instanceKlass org/jetbrains/kotlin/gradle/tasks/AbstractKotlinCompile$friendPathsSet$1
instanceKlass org/jetbrains/kotlin/gradle/internal/attributes/AttributeUtilsKt
instanceKlass org/gradle/api/internal/file/collections/FileTreeAdapter$1
instanceKlass org/gradle/api/internal/file/collections/ReproducibleDirectoryWalker$PathWithAttributes
instanceKlass org/gradle/api/internal/file/collections/ReproducibleDirectoryWalker
instanceKlass org/gradle/internal/nativeintegration/services/FileSystems
instanceKlass org/gradle/api/internal/file/collections/DefaultDirectoryWalker
instanceKlass org/gradle/api/internal/file/collections/DirectoryWalker
instanceKlass org/gradle/api/internal/tasks/compile/CompilationSourceDirs$SourceRoots
instanceKlass org/gradle/api/internal/tasks/compile/CompilationSourceDirs
instanceKlass org/gradle/internal/properties/bean/DefaultPropertyWalker$ImplementationPropertyValue
instanceKlass org/gradle/internal/scripts/ScriptOriginUtil
instanceKlass org/gradle/internal/properties/annotations/NestedValidationUtil
instanceKlass org/gradle/jvm/toolchain/internal/operations/JavaToolchainUsageProgressDetails$JavaToolchain
instanceKlass org/gradle/jvm/toolchain/internal/DefaultJavaToolchainUsageProgressDetails
instanceKlass org/gradle/jvm/toolchain/internal/operations/JavaToolchainUsageProgressDetails
instanceKlass org/gradle/jvm/toolchain/internal/DefaultToolchainJavaCompiler
instanceKlass org/gradle/jvm/toolchain/internal/JavaToolchainInput
instanceKlass java/util/Collections$ReverseComparator2
instanceKlass java/util/Collections$ReverseComparator
instanceKlass org/gradle/internal/evaluation/ScopedEvaluation
instanceKlass org/gradle/internal/jvm/inspection/JvmInstallationMetadataComparator
instanceKlass org/apache/commons/io/file/Counters$LongCounter
instanceKlass org/apache/commons/io/file/Counters$AbstractPathCounters
instanceKlass org/apache/commons/io/file/Counters$Counter
instanceKlass org/apache/commons/io/file/Counters$PathCounters
instanceKlass org/apache/commons/io/file/Counters
instanceKlass org/apache/commons/io/file/DeleteOption
instanceKlass org/apache/commons/io/file/PathUtils
instanceKlass org/apache/commons/io/function/IOBaseStreamAdapter
instanceKlass org/apache/commons/io/function/IOBiFunction
instanceKlass org/apache/commons/io/function/IOSpliterator
instanceKlass org/apache/commons/io/function/IOIterator
instanceKlass org/apache/commons/io/function/IOStream
instanceKlass org/apache/commons/io/function/IOBaseStream
instanceKlass org/apache/commons/io/function/IOStreams
instanceKlass org/apache/commons/io/function/IOConsumer
instanceKlass org/gradle/process/internal/DefaultExecHandle$ExecResultImpl
instanceKlass org/gradle/internal/operations/CurrentBuildOperationRef$Callable
instanceKlass org/gradle/process/internal/streams/ExecOutputHandleRunner
instanceKlass java/lang/ProcessImpl$2
instanceKlass java/lang/ProcessHandleImpl
instanceKlass org/gradle/process/internal/health/memory/JvmMemoryStatusSnapshot
instanceKlass org/gradle/workers/internal/WorkerDaemonExpiration$SimpleMemoryExpirationSelector
instanceKlass org/gradle/process/internal/health/memory/OsMemoryStatusAspect$Unavailable
instanceKlass net/rubygrapefruit/platform/internal/jni/WindowsHandleFunctions
instanceKlass org/gradle/process/internal/ProcessBuilderFactory
instanceKlass org/gradle/process/internal/DefaultExecHandle$CompositeStreamsHandler
instanceKlass org/gradle/process/internal/ExecHandleRunner
instanceKlass org/gradle/process/internal/ExecHandleShutdownHookAction
instanceKlass net/rubygrapefruit/platform/internal/DefaultProcessLauncher
instanceKlass net/rubygrapefruit/platform/internal/WindowsProcessLauncher
instanceKlass net/rubygrapefruit/platform/internal/WrapperProcessLauncher
instanceKlass org/gradle/process/ExecResult
instanceKlass org/gradle/process/internal/DefaultExecHandle
instanceKlass org/gradle/process/internal/ProcessSettings
instanceKlass org/gradle/process/internal/streams/OutputStreamsForwarder
instanceKlass org/gradle/process/internal/streams/SafeStreams
instanceKlass org/gradle/process/internal/ProcessStreamsSpec
instanceKlass org/gradle/process/internal/ProcessArgumentsSpec
instanceKlass org/gradle/process/internal/streams/EmptyStdInStreamsHandler
instanceKlass org/gradle/process/internal/ExecHandle
instanceKlass org/gradle/process/internal/StreamsHandler
instanceKlass org/gradle/process/internal/DefaultClientExecHandleBuilder
instanceKlass org/gradle/process/internal/ProcessArgumentsSpec$HasExecutable
instanceKlass org/gradle/internal/ErroringAction
instanceKlass org/gradle/internal/jvm/inspection/MetadataProbe
instanceKlass org/gradle/internal/jvm/inspection/JvmToolchainMetadata
instanceKlass net/rubygrapefruit/platform/internal/jni/WindowsRegistryFunctions
instanceKlass org/gradle/jvm/toolchain/internal/FileBasedInstallationFactory
instanceKlass org/gradle/api/internal/provider/sources/EnvironmentVariableValueSource$Parameters$Inject_
instanceKlass org/gradle/api/internal/provider/sources/EnvironmentVariableValueSource$Parameters_Decorated
instanceKlass org/gradle/api/internal/provider/sources/EnvironmentVariableValueSource$Parameters
instanceKlass org/gradle/api/internal/provider/sources/EnvironmentVariableValueSource
instanceKlass java/util/concurrent/ForkJoinPool$DefaultCommonPoolForkJoinWorkerThreadFactory$1
instanceKlass java/util/concurrent/ForkJoinTask$Aux
instanceKlass org/gradle/internal/jvm/inspection/DefaultJavaInstallationRegistry$ToolchainDetectionBuildOperation
instanceKlass org/gradle/jvm/toolchain/internal/install/JvmInstallationMetadataMatcher
instanceKlass org/gradle/jvm/toolchain/internal/JavaToolchainQueryService$ToolchainLookupKey
instanceKlass org/gradle/jvm/toolchain/internal/DefaultToolchainSpec$Key
instanceKlass org/gradle/api/internal/tasks/compile/JavaCompileExecutableUtils
instanceKlass org/gradle/execution/plan/NodeSets$LazySortedReferenceHashSet$1
instanceKlass it/unimi/dsi/fastutil/objects/ObjectIterators$EmptyIterator
instanceKlass it/unimi/dsi/fastutil/objects/ObjectList
instanceKlass it/unimi/dsi/fastutil/objects/ObjectIterators
instanceKlass org/gradle/execution/plan/edges/DependencyPredecessorsOnlyNodeSet
instanceKlass org/gradle/execution/plan/edges/DependencySuccessorsOnlyNodeSet
instanceKlass org/gradle/internal/reflect/validation/TypeValidationContext$1
instanceKlass org/gradle/api/internal/tasks/TaskPropertyUtils
instanceKlass org/gradle/api/internal/tasks/DefaultTaskInputs$1
instanceKlass org/gradle/internal/build/DefaultBuildLifecycleController$DefaultWorkGraphBuilder
instanceKlass org/gradle/internal/build/BuildOperationFiringBuildWorkPreparer$PopulateWorkGraph$1
instanceKlass org/gradle/internal/taskgraph/CalculateTaskGraphBuildOperationType$Details
instanceKlass org/gradle/internal/build/BuildOperationFiringBuildWorkPreparer$PopulateWorkGraph
instanceKlass org/gradle/internal/build/BuildLifecycleController$WorkGraphBuilder
instanceKlass org/gradle/internal/build/DefaultBuildLifecycleController$DefaultBuildWorkPlan
instanceKlass org/gradle/execution/plan/OrdinalNodeAccess
instanceKlass org/gradle/execution/plan/QueryableExecutionPlan$ScheduledNodes
instanceKlass org/gradle/execution/plan/DefaultExecutionPlan
instanceKlass org/gradle/execution/plan/QueryableExecutionPlan
instanceKlass org/gradle/internal/build/DefaultBuildWorkGraphController$DefaultBuildWorkGraph
instanceKlass org/gradle/composite/internal/DefaultBuildController
instanceKlass org/gradle/execution/plan/ResolveMutationsNode$2
instanceKlass org/gradle/api/internal/tasks/execution/ResolveTaskMutationsBuildOperationType$Result
instanceKlass org/gradle/execution/plan/NodeComparator
instanceKlass org/gradle/execution/plan/NodeSets
instanceKlass org/gradle/execution/plan/ConsumerState
instanceKlass org/gradle/execution/plan/MutationInfo
instanceKlass org/gradle/execution/plan/edges/DependentNodesSet$1
instanceKlass org/gradle/execution/plan/edges/DependentNodesSet
instanceKlass org/gradle/execution/plan/edges/DependencyNodesSet$1
instanceKlass org/gradle/execution/plan/edges/DependencyNodesSet
instanceKlass org/gradle/execution/plan/TaskNodeFactory$DefaultTypeOriginInspectorFactory$ProjectScopedTypeOriginInspector
instanceKlass org/gradle/execution/plan/NodeGroup
instanceKlass com/google/common/util/concurrent/Runnables
instanceKlass org/gradle/internal/build/DefaultBuildWorkGraphController$DefaultExportedTaskNode
instanceKlass org/gradle/composite/internal/DefaultIncludedBuildTaskGraph$TaskBackedResource
instanceKlass org/gradle/composite/internal/IncludedBuildTaskResource
instanceKlass org/gradle/composite/internal/DefaultIncludedBuildTaskGraph$DefaultBuildTreeWorkGraphBuilder
instanceKlass org/gradle/composite/internal/DefaultIncludedBuildTaskGraph$DefaultBuildTreeWorkGraph$1$2
instanceKlass org/gradle/internal/taskgraph/CalculateTreeTaskGraphBuildOperationType$Details
instanceKlass org/gradle/composite/internal/DefaultIncludedBuildTaskGraph$DefaultBuildTreeWorkGraph$1
instanceKlass org/gradle/internal/buildtree/BuildTreeWorkGraph$Builder
instanceKlass org/gradle/api/internal/initialization/DefaultBuildLogicBuildQueue$1
instanceKlass org/gradle/composite/internal/TaskIdentifier$1
instanceKlass org/gradle/composite/internal/TaskIdentifier$TaskBasedTaskIdentifier
instanceKlass org/gradle/composite/internal/TaskIdentifier
instanceKlass org/gradle/api/internal/artifacts/transform/TransformNodeDependency
instanceKlass org/gradle/api/internal/artifacts/DefaultResolvableArtifact$ResolveAction
instanceKlass org/gradle/api/internal/artifacts/ivyservice/projectmodule/ProjectArtifactResolver$ResolvingCalculator
instanceKlass org/gradle/api/internal/provider/ValueSupplier$TaskProducer
instanceKlass org/gradle/api/internal/file/copy/DelegatingCopySpecInternal
instanceKlass org/gradle/internal/resolve/resolver/ResolvedVariantCache$CacheKey
instanceKlass org/gradle/api/internal/AbstractTask$TaskActionWrapper
instanceKlass org/gradle/api/internal/file/copy/MatchingCopyAction
instanceKlass org/gradle/internal/cc/impl/DefaultConfigurationCacheDegradationController$requireConfigurationCacheDegradation$1
instanceKlass org/gradle/api/internal/ConfigurationCacheDegradation
instanceKlass org/gradle/jvm/tasks/Jar$ExcludeManifestAction
instanceKlass org/gradle/api/file/FileVisitDetails
instanceKlass org/gradle/api/internal/file/collections/GeneratedSingletonFileTree
instanceKlass org/gradle/api/internal/file/collections/GeneratedFiles
instanceKlass org/gradle/api/internal/file/collections/MinimalFileTree$MinimalFileTreeStructureVisitor
instanceKlass org/gradle/api/internal/file/temp/DefaultTemporaryFileProvider$1
instanceKlass org/gradle/api/java/archives/internal/DefaultAttributes
instanceKlass org/gradle/api/java/archives/Attributes
instanceKlass org/gradle/api/java/archives/internal/DefaultManifest
instanceKlass org/gradle/api/internal/file/AbstractUserClassFilePermissions
instanceKlass org/gradle/api/internal/file/ConfigurableUserClassFilePermissionsInternal
instanceKlass org/gradle/api/file/ConfigurableUserClassFilePermissions
instanceKlass org/gradle/api/file/UserClassFilePermissions
instanceKlass org/gradle/api/internal/file/AbstractFilePermissions
instanceKlass org/gradle/api/internal/lambdas/SerializableLambdas$SerializableBiFunction
instanceKlass org/gradle/api/internal/lambdas/SerializableLambdas$SerializableTransformer
instanceKlass org/gradle/api/internal/tasks/DefaultTaskInputPropertyRegistration
instanceKlass org/gradle/api/internal/tasks/TaskInputPropertyRegistration
instanceKlass org/gradle/api/internal/tasks/AbstractTaskFilePropertyRegistration
instanceKlass org/gradle/internal/properties/StaticValue
instanceKlass org/gradle/api/internal/file/copy/DefaultCopySpec$DefaultCopySpecAddress
instanceKlass org/gradle/api/internal/file/copy/DefaultCopySpec$DefaultCopySpecResolver
instanceKlass org/gradle/api/internal/file/copy/PathNotationConverter
instanceKlass org/gradle/api/file/FileCopyDetails
instanceKlass org/gradle/api/internal/file/copy/CopySpecInternal$CopySpecListener
instanceKlass org/gradle/api/internal/file/copy/CopySpecInternal$CopySpecVisitor
instanceKlass org/gradle/api/internal/file/copy/DefaultCopySpec
instanceKlass org/gradle/api/internal/file/copy/CopySpecInternal$CopySpecAddress
instanceKlass org/gradle/api/internal/file/copy/CopySpecResolver
instanceKlass org/gradle/api/internal/file/copy/CopyActionExecuter
instanceKlass org/gradle/api/file/ConfigurableFilePermissions
instanceKlass org/gradle/api/file/FilePermissions
instanceKlass org/gradle/api/java/archives/internal/ManifestInternal
instanceKlass org/gradle/api/internal/file/copy/ZipCompressor
instanceKlass org/gradle/api/internal/file/archive/compression/ArchiveOutputStreamFactory
instanceKlass org/gradle/internal/component/local/model/DefaultLocalComponentGraphResolveState$LocalComponentArtifactResolveMetadata
instanceKlass org/gradle/api/internal/artifacts/result/AbstractDependencyResult
instanceKlass org/gradle/api/artifacts/result/ResolvedDependencyResult
instanceKlass org/gradle/internal/component/local/model/DefaultLocalComponentGraphResolveState$DefaultLocalComponentGraphSelectionCandidates
instanceKlass org/gradle/api/internal/artifacts/ivyservice/moduleconverter/dependencies/DefaultLocalVariantGraphResolveStateBuilder$NonImplicitArtifactVariantIdentifier
instanceKlass org/gradle/api/internal/artifacts/ivyservice/moduleconverter/dependencies/DefaultLocalVariantGraphResolveStateBuilder$1
instanceKlass kotlin/text/LinesIterator$State
instanceKlass kotlin/text/LinesIterator
instanceKlass kotlin/sequences/TransformingSequence$iterator$1
instanceKlass kotlin/sequences/TransformingSequence
instanceKlass kotlin/text/StringsKt__StringsKt$lineSequence$$inlined$Sequence$1
instanceKlass org/jetbrains/kotlin/gradle/internal/StdlibDependencyManagementKt$addStdlibDependency$1$1$1$1
instanceKlass org/jetbrains/kotlin/gradle/utils/ReportUtilsKt$addConfigurationMetrics$1
instanceKlass org/jetbrains/kotlin/gradle/plugin/statistics/KotlinStdlibConfigurationMetrics
instanceKlass org/jetbrains/kotlin/gradle/internal/StdlibDependencyManagementKt$WhenMappings
instanceKlass kotlin/jvm/internal/Ref$IntRef
instanceKlass org/jetbrains/kotlin/gradle/targets/js/npm/SemverKt
instanceKlass org/gradle/internal/Actions$FilteredAction
instanceKlass org/jetbrains/kotlin/gradle/internal/KotlinDependenciesManagementKt$allNonProjectDependencies$1
instanceKlass org/gradle/api/internal/CompositeDomainObjectSet$2
instanceKlass org/gradle/api/internal/CompositeDomainObjectSet$1
instanceKlass org/gradle/api/internal/CompositeDomainObjectSet$ItemNotInCompositeSpec
instanceKlass org/gradle/api/internal/CompositeDomainObjectSet$ItemIsUniqueInCompositeSpec
instanceKlass org/gradle/api/internal/CompositeDomainObjectSet$DomainObjectCompositeCollection
instanceKlass kotlin/jvm/internal/ArrayIterator
instanceKlass kotlin/jvm/internal/ArrayIteratorKt
instanceKlass kotlin/sequences/FlatteningSequence$iterator$1
instanceKlass kotlin/sequences/FlatteningSequence
instanceKlass kotlin/collections/ArraysKt___ArraysKt$asSequence$$inlined$Sequence$1
instanceKlass org/jetbrains/kotlin/gradle/internal/StdlibDependencyManagementKt$configureStdlibVersionAlignment$1$1$1
instanceKlass org/jetbrains/kotlin/gradle/internal/KotlinDependenciesManagementKt$configureDefaultVersionsResolutionStrategy$1$1$1
instanceKlass org/gradle/api/internal/artifacts/configurations/VariantIdentityUniquenessVerifier$VerificationReport
instanceKlass org/gradle/internal/component/external/model/ProjectDerivedCapability
instanceKlass org/gradle/api/internal/provider/MergeProvider$MergeValueProducer
instanceKlass org/jetbrains/kotlin/gradle/plugin/Kotlin2JvmSourceSetProcessor$doTargetSpecificProcessing$2$2$1$1
instanceKlass org/gradle/api/internal/tasks/compile/CompilerForkUtils
instanceKlass jdk/internal/access/foreign/MemorySegmentProxy
instanceKlass org/gradle/api/tasks/compile/BaseForkOptions
instanceKlass org/gradle/api/tasks/compile/DebugOptions
instanceKlass org/gradle/internal/instrumentation/api/annotations/ReplacesEagerProperty$DefaultValue
instanceKlass org/gradle/internal/instrumentation/api/annotations/ReplacedDeprecation
instanceKlass org/gradle/internal/instrumentation/api/annotations/ReplacedAccessor
instanceKlass org/gradle/api/internal/tasks/compile/CleaningJavaCompiler
instanceKlass org/gradle/api/internal/tasks/compile/incremental/recomp/AbstractRecompilationSpecProvider
instanceKlass org/gradle/api/internal/tasks/compile/DefaultJvmLanguageCompileSpec
instanceKlass org/gradle/api/internal/artifacts/configurations/VariantIdentityUniquenessVerifier$VariantIdentity
instanceKlass org/gradle/api/internal/artifacts/configurations/VariantIdentityUniquenessVerifier
instanceKlass org/gradle/internal/component/local/model/LocalComponentGraphResolveStateFactory$ConfigurationsProviderVariantFactory
instanceKlass org/gradle/composite/internal/plugins/CompositeBuildPluginResolverContributor$LocalPluginResolution
instanceKlass org/jetbrains/kotlin/com/intellij/openapi/diagnostic/Attachment
instanceKlass org/jetbrains/kotlin/com/intellij/openapi/diagnostic/Logger$DefaultFactory
instanceKlass org/jetbrains/kotlin/com/intellij/openapi/diagnostic/Logger$Factory
instanceKlass org/jetbrains/kotlin/com/intellij/openapi/diagnostic/Logger
instanceKlass org/jetbrains/kotlin/cli/jvm/compiler/KotlinCoreEnvironment$Companion
instanceKlass org/jetbrains/kotlin/cli/jvm/compiler/KotlinCoreEnvironment
instanceKlass org/jetbrains/kotlin/utils/exceptions/KotlinExceptionWithAttachments
instanceKlass org/jetbrains/kotlin/com/intellij/openapi/diagnostic/ExceptionWithAttachments
instanceKlass org/gradle/kotlin/dsl/support/KotlinCompilerKt
instanceKlass org/gradle/initialization/ProjectsEvaluatedNotifier$NotifyProjectsEvaluatedListeners$1
instanceKlass org/gradle/initialization/NotifyProjectsEvaluatedBuildOperationType$Details
instanceKlass org/gradle/initialization/ProjectsEvaluatedNotifier$NotifyProjectsEvaluatedListeners
instanceKlass org/gradle/initialization/ProjectsEvaluatedNotifier$1
instanceKlass org/gradle/initialization/NotifyProjectsEvaluatedBuildOperationType$Result
instanceKlass org/gradle/initialization/ProjectsEvaluatedNotifier
instanceKlass Build_gradle$6
instanceKlass Build_gradle$5
instanceKlass org/gradle/kotlin/dsl/Accessors9vrma8vzwnl7z03k8r27uyhspKt
instanceKlass Build_gradle$4
instanceKlass org/gradle/kotlin/dsl/Accessors1vc5ojqnd7f0dgmcaq6blw3npKt
instanceKlass Build_gradle$3
instanceKlass org/gradle/kotlin/dsl/ImplementationConfigurationAccessorsKt
instanceKlass org/gradle/kotlin/dsl/VersionCatalogAccessorsKt
instanceKlass Build_gradle$6
instanceKlass Build_gradle$5
instanceKlass org/gradle/kotlin/dsl/Accessors9vrma8vzwnl7z03k8r27uyhspKt
instanceKlass Build_gradle$4
instanceKlass org/gradle/kotlin/dsl/Accessors1vc5ojqnd7f0dgmcaq6blw3npKt
instanceKlass Build_gradle$3
instanceKlass org/gradle/kotlin/dsl/TestImplementationConfigurationAccessorsKt
instanceKlass org/gradle/kotlin/dsl/ImplementationConfigurationAccessorsKt
instanceKlass org/gradle/kotlin/dsl/VersionCatalogAccessorsKt
instanceKlass Build_gradle$7
instanceKlass Build_gradle$6
instanceKlass org/gradle/kotlin/dsl/Accessors9vrma8vzwnl7z03k8r27uyhspKt
instanceKlass Build_gradle$5
instanceKlass org/gradle/kotlin/dsl/Accessors1vc5ojqnd7f0dgmcaq6blw3npKt
instanceKlass Build_gradle$4
instanceKlass org/gradle/kotlin/dsl/TestImplementationConfigurationAccessorsKt
instanceKlass org/gradle/kotlin/dsl/ImplementationConfigurationAccessorsKt
instanceKlass Build_gradle$2$1$1
instanceKlass Build_gradle$2$1
instanceKlass org/gradle/kotlin/dsl/Accessorsdd8x911oz2huoy5zr6r0lhdvaKt
instanceKlass Build_gradle$2
instanceKlass org/gradle/kotlin/dsl/VersionCatalogAccessorsKt
instanceKlass org/gradle/internal/build/event/types/DefaultScriptPluginIdentifier
instanceKlass org/jetbrains/kotlin/gradle/plugin/diagnostics/RenderReportedDiagnosticsKt
instanceKlass org/jetbrains/kotlin/gradle/plugin/KotlinPluginLifecycle$ProjectConfigurationResult
instanceKlass org/gradle/api/internal/catalog/DependencyValueSource$Params$Inject_
instanceKlass org/jetbrains/kotlin/gradle/plugin/cocoapods/KotlinCocoapodsPlugin$Companion
instanceKlass org/jetbrains/kotlin/gradle/plugin/cocoapods/KotlinCocoapodsPlugin
instanceKlass org/jetbrains/kotlin/gradle/plugin/statistics/KotlinProjectConfigurationMetrics
instanceKlass org/jetbrains/kotlin/gradle/plugin/statistics/FusMetrics
instanceKlass org/jetbrains/kotlin/gradle/plugin/statistics/ConfigurationMetricsBuildFusParameters
instanceKlass org/jetbrains/kotlin/gradle/plugin/diagnostics/checkers/CInteropInputChecker$runChecks$2
instanceKlass org/jetbrains/kotlin/gradle/internal/tasks/ProducesKlib
instanceKlass org/jetbrains/kotlin/gradle/plugin/mpp/KotlinTargetSoftwareComponentImplKt$KotlinTargetSoftwareComponent$1$1$1
instanceKlass org/jetbrains/kotlin/gradle/utils/GradleAttributesContainerUtilsKt$setAttributeProvider$1
instanceKlass org/jetbrains/kotlin/gradle/plugin/attributes/KlibPackaging$Companion
instanceKlass org/jetbrains/kotlin/gradle/plugin/attributes/KlibPackaging
instanceKlass org/jetbrains/kotlin/gradle/plugin/mpp/SyncLanguageSettingsWithKotlinExtensionSetupActionKt$SyncLanguageSettingsWithKotlinExtensionSetupAction$1$2
instanceKlass org/jetbrains/kotlin/gradle/plugin/mpp/SyncLanguageSettingsWithKotlinExtensionSetupActionKt$SyncLanguageSettingsWithKotlinExtensionSetupAction$1$1
instanceKlass org/jetbrains/kotlin/gradle/plugin/hierarchy/KotlinSourceSetTreeClassifier$Default
instanceKlass org/jetbrains/kotlin/gradle/ExternalKotlinTargetApi
instanceKlass org/jetbrains/kotlin/gradle/plugin/hierarchy/KotlinSourceSetTreeClassifier
instanceKlass org/jetbrains/kotlin/gradle/plugin/hierarchy/KotlinSourceSetTreeClassifierKt
instanceKlass org/jetbrains/kotlin/gradle/plugin/KotlinSourceSetTree$Companion
instanceKlass org/jetbrains/kotlin/gradle/plugin/KotlinSourceSetTree
instanceKlass org/jetbrains/kotlin/gradle/plugin/mpp/KotlinMetadataCompilation
instanceKlass org/jetbrains/kotlin/gradle/scripting/internal/ScriptingGradleSubplugin$apply$1$2
instanceKlass org/jetbrains/kotlin/gradle/tasks/KaptGenerateStubs
instanceKlass org/jetbrains/kotlin/gradle/scripting/internal/ScriptingGradleSubplugin$configureForKotlinJvmPlugin$1
instanceKlass org/jetbrains/kotlin/gradle/scripting/internal/ScriptingGradleSubplugin$apply$1$1
instanceKlass org/jetbrains/kotlin/gradle/plugin/KotlinPluginLifecycleImpl$executeCurrentStageAndScheduleNext$3
instanceKlass org/jetbrains/kotlin/gradle/plugin/mpp/ApplyUserDefinedAttributesKt$UserDefinedAttributesSetupAction$1$1$3
instanceKlass org/jetbrains/kotlin/gradle/plugin/mpp/KotlinSoftwareComponentKt
instanceKlass org/jetbrains/kotlin/gradle/plugin/mpp/InternalKotlinTargetComponentKt
instanceKlass org/jetbrains/kotlin/gradle/plugin/mpp/InternalKotlinTargetKt
instanceKlass org/jetbrains/kotlin/gradle/plugin/Kotlin2JvmSourceSetProcessor$doTargetSpecificProcessing$2$2$2$1
instanceKlass org/jetbrains/kotlin/gradle/plugin/Kotlin2JvmSourceSetProcessor$doTargetSpecificProcessing$2$2$2
instanceKlass org/jetbrains/kotlin/gradle/plugin/Kotlin2JvmSourceSetProcessor$doTargetSpecificProcessing$2$2$1
instanceKlass org/jetbrains/kotlin/gradle/plugin/SubpluginEnvironmentKt$sam$org_gradle_api_Action$0
instanceKlass org/jetbrains/kotlin/gradle/plugin/SubpluginEnvironment$addSubpluginOptions$compilerOptions$1
instanceKlass org/jetbrains/kotlin/gradle/scripting/internal/ScriptingKotlinGradleSubplugin$applyToCompilation$1
instanceKlass org/jetbrains/kotlin/gradle/scripting/ScriptingExtension
instanceKlass org/jetbrains/kotlin/gradle/plugin/SubpluginEnvironment$Companion
instanceKlass org/jetbrains/kotlin/gradle/plugin/SubpluginEnvironment
instanceKlass org/gradle/api/internal/provider/sources/SystemPropertyValueSource$Parameters$Inject_
instanceKlass org/jetbrains/kotlin/gradle/utils/FailuresKt$ideaSyncClasspathModeUtil$1
instanceKlass org/jetbrains/kotlin/gradle/utils/FailuresKt
instanceKlass Build_gradle$7
instanceKlass org/gradle/normalization/internal/InputNormalizationHandlerInternal$CachedState
instanceKlass org/gradle/normalization/internal/DefaultInputNormalizationHandler
instanceKlass org/gradle/api/internal/changedetection/state/IgnoringResourceEntryFilter
instanceKlass org/gradle/api/internal/changedetection/state/IgnoringResourceFilter
instanceKlass org/gradle/normalization/internal/DefaultRuntimeClasspathNormalization$RuntimeMetaInfNormalization
instanceKlass org/gradle/normalization/PropertiesFileNormalization
instanceKlass org/gradle/normalization/internal/DefaultRuntimeClasspathNormalization$DefaultPropertiesFileFilter
instanceKlass org/gradle/normalization/internal/DefaultRuntimeClasspathNormalization$EvaluatableFilter
instanceKlass org/gradle/normalization/internal/RuntimeClasspathNormalizationInternal$CachedState
instanceKlass org/gradle/normalization/MetaInfNormalization
instanceKlass org/gradle/normalization/internal/DefaultRuntimeClasspathNormalization
instanceKlass org/gradle/api/internal/project/DefaultIsolatedProject
instanceKlass org/gradle/internal/locking/DefaultDependencyLockingHandler
instanceKlass org/gradle/api/internal/artifacts/dsl/DefaultArtifactHandler$DynamicMethods
instanceKlass org/gradle/api/internal/artifacts/dsl/DefaultArtifactHandler
instanceKlass org/gradle/api/internal/file/ant/BaseDirSelector
instanceKlass org/apache/tools/ant/types/selectors/FileSelector
instanceKlass org/apache/tools/ant/types/resources/selectors/ResourceSelector
instanceKlass groovy/ant/AntBuilderLocator
instanceKlass org/codehaus/groovy/syntax/Types
instanceKlass org/codehaus/groovy/syntax/CSTNode
instanceKlass org/codehaus/groovy/ast/expr/MethodCall
instanceKlass org/codehaus/groovy/ast/tools/GeneralUtils
instanceKlass org/apache/tools/ant/helper/AntXMLContext
instanceKlass org/apache/tools/ant/DefaultDefinitions
instanceKlass org/apache/tools/ant/TypeAdapter
instanceKlass org/apache/tools/ant/AntTypeDefinition
instanceKlass org/apache/tools/ant/property/ParseProperties
instanceKlass org/apache/tools/ant/ComponentHelper
instanceKlass java/text/CharacterIterator
instanceKlass org/apache/tools/ant/launch/Locator
instanceKlass org/apache/tools/ant/Main
instanceKlass org/apache/tools/ant/launch/AntMain
instanceKlass org/apache/tools/ant/PropertyHelper$PropertySetter
instanceKlass org/apache/tools/ant/PropertyHelper$2
instanceKlass org/apache/tools/ant/property/ParseNextProperty
instanceKlass java/text/ParsePosition
instanceKlass org/apache/tools/ant/property/PropertyExpander
instanceKlass org/apache/tools/ant/PropertyHelper$1
instanceKlass org/apache/tools/ant/PropertyHelper$PropertyEvaluator
instanceKlass org/apache/tools/ant/PropertyHelper$Delegate
instanceKlass org/apache/tools/ant/PropertyHelper
instanceKlass org/apache/tools/ant/property/GetProperty
instanceKlass java/util/Spliterators$IntArraySpliterator
instanceKlass org/apache/tools/ant/util/DeweyDecimal
instanceKlass org/apache/tools/ant/util/JavaEnvUtils
instanceKlass org/apache/tools/ant/util/StringUtils
instanceKlass org/apache/tools/ant/DefaultLogger
instanceKlass org/apache/tools/ant/Target
instanceKlass org/apache/tools/ant/TaskContainer
instanceKlass java/util/function/BooleanSupplier
instanceKlass org/xml/sax/DTDHandler
instanceKlass org/xml/sax/EntityResolver
instanceKlass org/xml/sax/ContentHandler
instanceKlass org/apache/tools/ant/helper/ProjectHelper2$AntHandler
instanceKlass org/apache/tools/ant/util/LoaderUtils
instanceKlass org/apache/tools/ant/ProjectHelperRepository
instanceKlass org/apache/tools/ant/ProjectHelper
instanceKlass org/apache/tools/ant/input/DefaultInputHandler
instanceKlass org/apache/tools/ant/types/FilterSetCollection
instanceKlass org/apache/tools/ant/types/EnumeratedAttribute
instanceKlass org/apache/tools/ant/Location
instanceKlass org/apache/tools/ant/input/InputHandler
instanceKlass org/apache/tools/ant/Project
instanceKlass org/gradle/api/internal/project/ant/AntLoggingAdapter
instanceKlass org/gradle/api/internal/project/ant/DefaultAntLoggingAdapterFactory
instanceKlass org/gradle/api/internal/project/DefaultAntBuilderFactory
instanceKlass org/xml/sax/Attributes
instanceKlass org/apache/tools/ant/BuildLogger
instanceKlass org/apache/tools/ant/BuildListener
instanceKlass org/xml/sax/Locator
instanceKlass org/jetbrains/kotlin/gradle/tasks/KotlinCompilationTask$DefaultImpls
instanceKlass Build_gradle$6
instanceKlass org/jetbrains/kotlin/gradle/dsl/KotlinProjectExtension$jvmToolchain$1
instanceKlass org/gradle/kotlin/dsl/Accessors9vrma8vzwnl7z03k8r27uyhspKt
instanceKlass Build_gradle$5
instanceKlass org/gradle/kotlin/dsl/Accessors1vc5ojqnd7f0dgmcaq6blw3npKt
instanceKlass Build_gradle$4
instanceKlass org/gradle/kotlin/dsl/TestImplementationConfigurationAccessorsKt
instanceKlass org/gradle/api/internal/catalog/AbstractExternalDependencyFactory$1
instanceKlass org/gradle/api/internal/catalog/DependencyValueSource$Params_Decorated
instanceKlass org/gradle/api/internal/catalog/DependencyValueSource$Params
instanceKlass org/gradle/api/internal/catalog/DependencyValueSource
instanceKlass org/gradle/kotlin/dsl/accessors/runtime/RuntimeKt
instanceKlass org/gradle/kotlin/dsl/ImplementationConfigurationAccessorsKt
instanceKlass org/gradle/api/internal/artifacts/dependencies/ProjectDependencyInternal
instanceKlass javax/annotation/Nullable
instanceKlass org/jspecify/annotations/Nullable
instanceKlass sun/reflect/annotation/TypeAnnotation$TypeAnnotationTargetInfo
instanceKlass sun/reflect/annotation/TypeAnnotation$LocationInfo$Location
instanceKlass sun/reflect/annotation/TypeAnnotation$LocationInfo
instanceKlass sun/reflect/annotation/AnnotatedTypeFactory$AnnotatedTypeBaseImpl
instanceKlass sun/reflect/annotation/AnnotatedTypeFactory
instanceKlass sun/reflect/annotation/TypeAnnotation
instanceKlass sun/reflect/annotation/TypeAnnotationParser
instanceKlass org/gradle/internal/typeconversion/MapKey
instanceKlass org/gradle/kotlin/dsl/DependencyHandlerExtensionsKt
instanceKlass org/gradle/kotlin/dsl/DependencyHandlerScope$Companion
instanceKlass org/gradle/kotlin/dsl/support/delegates/DependencyHandlerDelegate
instanceKlass Build_gradle$2$1$2
instanceKlass org/gradle/api/internal/artifacts/ivyservice/projectmodule/DefaultProjectPublicationRegistry$DefaultPublicationForProject
instanceKlass org/gradle/api/internal/artifacts/ivyservice/projectmodule/ProjectPublicationRegistry$PublicationForProject
instanceKlass Build_gradle$2$1$1
instanceKlass Build_gradle$2$1
instanceKlass org/gradle/kotlin/dsl/Accessorsdd8x911oz2huoy5zr6r0lhdvaKt
instanceKlass Build_gradle$2
instanceKlass org/gradle/kotlin/dsl/ProjectExtensionsKt
instanceKlass kotlin/reflect/jvm/internal/impl/load/kotlin/KotlinClassFinderKt
instanceKlass org/gradle/kotlin/dsl/provider/plugins/ProjectSchemaNamedDomainObjectSchema
instanceKlass org/gradle/api/internal/tasks/DefaultTaskCollection$1$1$1
instanceKlass org/gradle/api/internal/DefaultNamedDomainObjectCollection$1$1$1
instanceKlass org/gradle/api/internal/DefaultNamedDomainObjectCollection$1$1
instanceKlass org/gradle/api/internal/DefaultNamedDomainObjectCollection$1
instanceKlass kotlin/reflect/jvm/internal/impl/load/java/structure/JavaTypeParameter
instanceKlass org/gradle/api/publish/ivy/plugins/IvyPublishPlugin$IvyPublicationFactory
instanceKlass org/gradle/api/publish/ivy/plugins/IvyPublishPlugin$CheckStandardLayoutSpec
instanceKlass org/gradle/api/publish/ivy/plugins/IvyPublishPlugin
instanceKlass org/gradle/api/plugins/internal/JavaPluginHelper
instanceKlass org/gradle/api/plugins/JavaLibraryPlugin
instanceKlass org/gradle/plugin/devel/PluginDeclaration
instanceKlass org/gradle/plugin/devel/GradlePluginDevelopmentExtension
instanceKlass org/gradle/api/internal/AbstractTask$18
instanceKlass org/gradle/api/internal/AbstractTask$12
instanceKlass org/jetbrains/kotlin/gradle/tasks/configuration/BaseKotlinCompileConfig$2$1$1$2
instanceKlass org/jetbrains/kotlin/gradle/tasks/configuration/BaseKotlinCompileConfig$2$1$1$1
instanceKlass org/jetbrains/kotlin/gradle/tasks/configuration/BaseKotlinCompileConfig$1$3$2
instanceKlass org/gradle/api/internal/file/DefaultFilePropertyFactory$ToFileTransformer
instanceKlass org/jetbrains/kotlin/gradle/tasks/configuration/AbstractKotlinCompileConfig$getClasspathSnapshotDir$1
instanceKlass org/jetbrains/kotlin/gradle/tasks/configuration/BaseKotlinCompileConfig$1$3$classpathEntrySnapshotFiles$1
instanceKlass org/jetbrains/kotlin/gradle/tasks/configuration/AbstractKotlinCompileConfig$2$4
instanceKlass org/jetbrains/kotlin/gradle/tasks/configuration/AbstractKotlinCompileConfig$2$3
instanceKlass org/jetbrains/kotlin/gradle/tasks/configuration/AbstractKotlinCompileConfig$2$2$1
instanceKlass org/jetbrains/kotlin/gradle/tasks/configuration/AbstractKotlinCompileConfig$1$6
instanceKlass org/jetbrains/kotlin/gradle/tasks/configuration/AbstractKotlinCompileConfig$1$5
instanceKlass org/jetbrains/kotlin/gradle/tasks/configuration/AbstractKotlinCompileConfig$1$4
instanceKlass org/jetbrains/kotlin/gradle/tasks/KotlinCompilerExecutionStrategy$Companion
instanceKlass org/jetbrains/kotlin/compilerRunner/KotlinCompilerArgumentsLogLevel$Companion
instanceKlass org/jetbrains/kotlin/gradle/plugin/PropertiesProvider$kotlinCompilerArgumentsLogLevel$1
instanceKlass org/jetbrains/kotlin/gradle/tasks/configuration/AbstractKotlinCompileConfig$1$2
instanceKlass org/jetbrains/kotlin/gradle/tasks/configuration/AbstractKotlinCompileConfig$1$1
instanceKlass org/jetbrains/kotlin/gradle/plugin/mpp/KotlinCompilationsKt$sam$java_util_concurrent_Callable$0
instanceKlass org/jetbrains/kotlin/gradle/internal/Kapt3KotlinGradleSubpluginKt
instanceKlass org/jetbrains/kotlin/gradle/tasks/DefaultKotlinJavaToolchain$DefaultJavaToolchainSetter$useAsConvention$1
instanceKlass org/jetbrains/kotlin/gradle/tasks/UsesKotlinJavaToolchain$DefaultImpls
instanceKlass org/jetbrains/kotlin/gradle/tasks/KotlinJvmCompile$DefaultImpls
instanceKlass org/jetbrains/kotlin/gradle/dsl/KotlinJvmCompile$DefaultImpls
instanceKlass org/gradle/api/internal/project/taskfactory/DefaultTaskClassInfoStore$IncrementalTaskActionFactory
instanceKlass sun/reflect/annotation/AnnotationInvocationHandler$1
instanceKlass org/jetbrains/kotlin/gradle/tasks/KotlinCompile$androidLayoutResources$1
instanceKlass org/jetbrains/kotlin/gradle/tasks/KotlinCompile$javaSources$1
instanceKlass org/jetbrains/kotlin/gradle/tasks/KotlinCompile$ScriptFilterSpec
instanceKlass org/jetbrains/kotlin/gradle/tasks/KotlinCompile$scriptSources$1
instanceKlass org/jetbrains/kotlin/gradle/tasks/K2MultiplatformStructure$RefinesEdge
instanceKlass org/jetbrains/kotlin/gradle/tasks/K2MultiplatformStructure$Fragment
instanceKlass org/jetbrains/kotlin/gradle/tasks/internal/KotlinJvmOptionsCompat
instanceKlass org/jetbrains/kotlin/gradle/tasks/AbstractKotlinCompile$compilerRunner$1
instanceKlass org/jetbrains/kotlin/gradle/tasks/DefaultKotlinJavaToolchain$DefaultJavaToolchainSetter
instanceKlass org/jetbrains/kotlin/gradle/tasks/DefaultKotlinJavaToolchain$DefaultJdkSetter
instanceKlass org/jetbrains/kotlin/gradle/tasks/DefaultKotlinJavaToolchain$currentJvmJdkToolsJar$1
instanceKlass org/jetbrains/kotlin/gradle/tasks/DefaultKotlinJavaToolchain$getToolsJarFromJvm$1
instanceKlass org/jetbrains/kotlin/gradle/tasks/DefaultKotlinJavaToolchain$javaExecutable$1
instanceKlass org/jetbrains/kotlin/gradle/tasks/DefaultKotlinJavaToolchain$javaVersion$1
instanceKlass org/jetbrains/kotlin/gradle/tasks/KotlinJavaToolchain$JdkSetter
instanceKlass org/jetbrains/kotlin/gradle/tasks/KotlinJavaToolchain$JavaToolchainSetter
instanceKlass org/jetbrains/kotlin/gradle/tasks/GradleCompileTaskProviderKt
instanceKlass kotlin/collections/CharIterator
instanceKlass kotlin/ranges/CharRange$Companion
instanceKlass kotlin/ranges/CharProgression$Companion
instanceKlass kotlin/ranges/CharProgression
instanceKlass org/jetbrains/kotlin/compilerRunner/GradleCompilerRunner$Companion
instanceKlass org/jetbrains/kotlin/gradle/tasks/CacheableTasksKt$cacheOnlyIfEnabledForKotlin$1
instanceKlass org/gradle/api/internal/provider/sources/SystemPropertyValueSource$Parameters_Decorated
instanceKlass org/gradle/api/internal/provider/sources/SystemPropertyValueSource$Parameters
instanceKlass org/gradle/api/internal/provider/sources/AbstractPropertyValueSource$Parameters
instanceKlass org/gradle/api/internal/provider/sources/AbstractPropertyValueSource
instanceKlass org/jetbrains/kotlin/gradle/utils/ConfigurationCacheKt
instanceKlass org/jetbrains/kotlin/gradle/tasks/CacheableTasksKt
instanceKlass org/jetbrains/kotlin/build/report/metrics/GcMetrics
instanceKlass org/jetbrains/kotlin/build/report/metrics/BuildAttribute$Companion
instanceKlass org/jetbrains/kotlin/build/report/metrics/BuildAttributeKind$Companion
instanceKlass org/jetbrains/kotlin/build/report/metrics/BuildAttributes$Companion
instanceKlass org/jetbrains/kotlin/build/report/metrics/BuildAttributes
instanceKlass org/jetbrains/kotlin/build/report/metrics/BuildPerformanceMetrics$Companion
instanceKlass org/jetbrains/kotlin/build/report/metrics/BuildPerformanceMetrics
instanceKlass org/jetbrains/kotlin/build/report/metrics/BuildTimes$Companion
instanceKlass org/jetbrains/kotlin/build/report/metrics/BuildTimes
instanceKlass org/jetbrains/kotlin/build/report/metrics/BuildMetricsReporterImpl
instanceKlass org/jetbrains/kotlin/gradle/internal/build/SourcesUtilsKt
instanceKlass org/gradle/internal/work/DefaultConditionalExecutionQueue
instanceKlass org/gradle/workers/internal/DefaultWorkResult
instanceKlass org/gradle/workers/internal/IsolatedParametersActionExecutionSpec
instanceKlass org/gradle/workers/WorkQueue
instanceKlass org/gradle/workers/WorkerSpec
instanceKlass org/gradle/internal/work/AsyncWorkCompletion
instanceKlass org/gradle/internal/work/ConditionalExecution
instanceKlass org/gradle/workers/internal/WorkerRequirement
instanceKlass org/gradle/workers/internal/DefaultWorkerExecutor
instanceKlass org/gradle/workers/internal/DefaultWorkerServer
instanceKlass org/gradle/workers/WorkParameters$None
instanceKlass org/gradle/workers/WorkParameters
instanceKlass org/gradle/workers/WorkAction
instanceKlass org/gradle/workers/internal/Worker
instanceKlass org/gradle/workers/internal/NoIsolationWorkerFactory
instanceKlass org/gradle/internal/work/ConditionalExecutionQueue
instanceKlass org/gradle/internal/work/DefaultConditionalExecutionQueueFactory
instanceKlass org/gradle/workers/internal/ClassLoaderStructure
instanceKlass org/jetbrains/kotlin/gradle/plugin/CompilerPluginConfig
instanceKlass org/jetbrains/kotlin/build/report/metrics/BuildMetricsReporter
instanceKlass org/jetbrains/kotlin/gradle/tasks/KotlinCompilerPluginData
instanceKlass org/jetbrains/kotlin/gradle/incremental/IncrementalModuleInfoProvider
instanceKlass org/jetbrains/kotlin/gradle/tasks/GradleCompileTaskProvider
instanceKlass org/jetbrains/kotlin/compilerRunner/GradleCompilerRunner
instanceKlass org/jetbrains/kotlin/daemon/common/MultiModuleICSettings
instanceKlass org/jetbrains/kotlin/buildtools/api/SourcesChanges
instanceKlass org/jetbrains/kotlin/gradle/tasks/TaskOutputsBackup
instanceKlass org/jetbrains/kotlin/incremental/ClasspathChanges
instanceKlass org/jetbrains/kotlin/gradle/tasks/K2MultiplatformStructure
instanceKlass org/jetbrains/kotlin/gradle/tasks/KotlinCompile$ClasspathSnapshotProperties
instanceKlass org/jetbrains/kotlin/incremental/IncrementalCompilationFeatures
instanceKlass org/jetbrains/kotlin/cli/common/arguments/Freezable
instanceKlass org/jetbrains/kotlin/gradle/plugin/KotlinCompilerArgumentsProducer$CreateCompilerArgumentsContext
instanceKlass com/ncorti/ktfmt/gradle/FormattingOptionsBean$Companion
instanceKlass org/gradle/api/internal/AbstractTask$11
instanceKlass org/gradle/api/internal/project/taskfactory/StandardTaskAction
instanceKlass org/gradle/api/internal/project/taskfactory/DefaultTaskClassInfoStore$StandardTaskActionFactory
instanceKlass org/gradle/internal/properties/annotations/DefaultTypeMetadataStore$DefaultFunctionMetadata
instanceKlass org/gradle/internal/reflect/annotations/FunctionAnnotationMetadata
instanceKlass org/gradle/internal/reflect/annotations/impl/DefaultTypeAnnotationMetadataStore$MethodSignature
instanceKlass com/google/common/collect/AbstractMapBasedMultimap$Itr
instanceKlass org/gradle/internal/reflect/validation/TypeAwareProblemBuilder
instanceKlass org/gradle/api/internal/project/taskfactory/TaskClassInfo
instanceKlass org/gradle/api/internal/file/DefaultFilePropertyFactory$PathToFileTransformer
instanceKlass org/gradle/internal/cc/impl/AbstractTaskProjectAccessChecker
instanceKlass org/gradle/internal/cc/impl/ConfigurationCacheServices$TaskExecutionAccessCheckerProvider$workGraphLoadingStateFrom$1
instanceKlass org/gradle/internal/cc/impl/BuildTreeConfigurationCache
instanceKlass org/gradle/api/internal/tasks/DefaultTaskRequiredServices
instanceKlass org/gradle/api/internal/tasks/DefaultTaskLocalState
instanceKlass org/gradle/api/internal/tasks/DefaultTaskDestroyables
instanceKlass org/gradle/api/internal/tasks/TaskDestroyablesInternal
instanceKlass org/gradle/api/internal/tasks/properties/OutputUnpacker$UnpackedOutputConsumer
instanceKlass org/gradle/api/tasks/TaskOutputFilePropertyBuilder
instanceKlass org/gradle/api/internal/tasks/DefaultTaskOutputs
instanceKlass org/gradle/api/internal/TaskOutputsEnterpriseInternal
instanceKlass org/gradle/api/internal/tasks/TaskInputsDeprecationSupport
instanceKlass org/gradle/api/internal/FilePropertyContainer
instanceKlass org/gradle/api/internal/tasks/TaskInputFilePropertyRegistration
instanceKlass org/gradle/api/internal/tasks/TaskPropertyRegistration
instanceKlass org/gradle/api/internal/tasks/TaskInputFilePropertyBuilderInternal
instanceKlass org/gradle/api/internal/tasks/TaskFilePropertyBuilderInternal
instanceKlass org/gradle/api/tasks/TaskInputPropertyBuilder
instanceKlass org/gradle/api/tasks/TaskInputFilePropertyBuilder
instanceKlass org/gradle/api/tasks/TaskFilePropertyBuilder
instanceKlass org/gradle/api/tasks/TaskPropertyBuilder
instanceKlass org/gradle/api/internal/tasks/DefaultTaskInputs
instanceKlass org/gradle/internal/logging/slf4j/DefaultContextAwareTaskLogger
instanceKlass org/gradle/api/internal/tasks/execution/SelfDescribingSpec
instanceKlass org/gradle/api/internal/AbstractTask$10
instanceKlass org/gradle/api/tasks/options/Option
instanceKlass org/gradle/api/internal/tasks/properties/ServiceReferenceSpec
instanceKlass org/gradle/api/internal/tasks/properties/PropertySpec
instanceKlass org/gradle/internal/snapshot/impl/ImplementationSnapshot
instanceKlass org/gradle/api/internal/tasks/TaskMutator
instanceKlass org/gradle/api/specs/CompositeSpec
instanceKlass org/gradle/api/internal/tasks/TaskStateInternal
instanceKlass com/ncorti/ktfmt/gradle/util/KtfmtResultSummary
instanceKlass org/gradle/api/internal/AbstractTask$TaskInfo
instanceKlass org/gradle/api/internal/project/taskfactory/TaskFactory$1
instanceKlass org/gradle/api/internal/tasks/DefaultTaskContainer$RealizeDetails
instanceKlass org/gradle/api/internal/tasks/DefaultTaskContainer$TaskCreatingProvider$1
instanceKlass com/ncorti/ktfmt/gradle/KtfmtPluginUtils
instanceKlass org/jetbrains/kotlin/gradle/scripting/internal/ScriptingGradleSubplugin$apply$1
instanceKlass org/jetbrains/kotlin/gradle/plugin/KotlinCompilerPluginSupportPlugin$DefaultImpls
instanceKlass org/jetbrains/kotlin/gradle/plugin/SubpluginArtifact
instanceKlass org/jetbrains/kotlin/gradle/scripting/internal/ScriptingKotlinGradleSubplugin$Companion
instanceKlass org/jetbrains/kotlin/gradle/scripting/internal/ScriptingKotlinGradleSubplugin
instanceKlass org/jetbrains/kotlin/gradle/targets/native/internal/CommonizerTasksKt
instanceKlass org/jetbrains/kotlin/gradle/internal/StdlibDependencyManagementKt$configureStdlibVersionAlignment$1$1
instanceKlass org/gradle/api/internal/artifacts/ProjectBackedModule
instanceKlass org/gradle/api/attributes/TestSuiteName$Impl
instanceKlass org/gradle/api/attributes/TestSuiteName
instanceKlass org/gradle/api/internal/file/AbstractFileCollection$FileCollectionElementsFactory
instanceKlass org/gradle/api/attributes/VerificationType$Impl
instanceKlass org/gradle/api/attributes/VerificationType
instanceKlass org/jetbrains/kotlin/gradle/internal/StdlibDependencyManagementKt$configureStdlibVersionAlignment$1
instanceKlass org/jetbrains/kotlin/gradle/internal/KotlinDependenciesManagementKt$configureDefaultVersionsResolutionStrategy$1$1
instanceKlass org/jetbrains/kotlin/gradle/internal/KotlinDependenciesManagementKt$configureDefaultVersionsResolutionStrategy$1
instanceKlass org/jetbrains/kotlin/gradle/internal/KotlinDomApiDependencyManagementKt$addKotlinDomApiDependency$1
instanceKlass org/jetbrains/kotlin/gradle/internal/KotlinDomApiDependencyManagementKt
instanceKlass org/jetbrains/kotlin/gradle/internal/KotlinTestDependencyManagementKt$maybeAddTestDependencyCapability$1
instanceKlass org/jetbrains/kotlin/gradle/internal/KotlinTestDependencyManagementKt$configureKotlinTestDependency$2
instanceKlass org/jetbrains/kotlin/gradle/internal/KotlinTestDependencyManagementKt
instanceKlass org/jetbrains/kotlin/gradle/internal/StdlibDependencyManagementKt$addStdlibDependency$1$1$1
instanceKlass org/jetbrains/kotlin/gradle/plugin/sources/KotlinDependencyScopeKt$WhenMappings
instanceKlass org/jetbrains/kotlin/gradle/plugin/sources/KotlinDependencyScopeKt
instanceKlass org/jetbrains/kotlin/gradle/plugin/sources/KotlinDependencyScope$Companion
instanceKlass org/jetbrains/kotlin/gradle/internal/StdlibDependencyManagementKt$addStdlibDependency$1
instanceKlass org/jetbrains/kotlin/gradle/utils/KotlinExtensionUtilsKt
instanceKlass org/jetbrains/kotlin/gradle/targets/js/npm/SemVer$Companion
instanceKlass org/jetbrains/kotlin/gradle/targets/js/npm/SemVer
instanceKlass org/jetbrains/kotlin/gradle/internal/StdlibDependencyManagementKt
instanceKlass org/jetbrains/kotlin/gradle/utils/ProviderApiUtilsKt$providerWithLazyConvention$1
instanceKlass org/jetbrains/kotlin/gradle/plugin/diagnostics/KotlinToolingDiagnosticsSetupActionKt$KotlinToolingDiagnosticsSetupAction$1$3
instanceKlass org/jetbrains/kotlin/gradle/plugin/diagnostics/CheckKotlinGradlePluginConfigurationErrorsKt$addDependsOnFromTasksThatShouldFailWhenErrorsReported$1
instanceKlass org/jetbrains/kotlin/gradle/plugin/diagnostics/CheckKotlinGradlePluginConfigurationErrorsKt$locateOrRegisterCheckKotlinGradlePluginErrorsTask$taskProvider$1
instanceKlass org/jetbrains/kotlin/gradle/plugin/diagnostics/CheckKotlinGradlePluginConfigurationErrorsKt
instanceKlass org/jetbrains/kotlin/gradle/internal/properties/NativePropertiesLoader$konanDataDirProperty$1$1
instanceKlass org/jetbrains/kotlin/gradle/dsl/KotlinAndroidExtension
instanceKlass org/jetbrains/kotlin/tooling/core/KotlinToolingVersion
instanceKlass org/jetbrains/kotlin/tooling/core/KotlinToolingVersionKt
instanceKlass org/jetbrains/kotlin/gradle/utils/NativeCompilerDownloader$Companion
instanceKlass org/jetbrains/kotlin/gradle/utils/NativeCompilerDownloader
instanceKlass org/jetbrains/kotlin/gradle/plugin/diagnostics/checkers/NativeVersionChecker$runChecks$nativeVersion$1
instanceKlass org/jetbrains/kotlin/gradle/plugin/diagnostics/checkers/OverriddenKotlinNativeHomeChecker$StdlibExistenceCheckerValueSource$Companion
instanceKlass org/jetbrains/kotlin/gradle/plugin/diagnostics/checkers/OverriddenKotlinNativeHomeChecker$StdlibExistenceCheckerValueSource$Params$Inject_
instanceKlass org/gradle/api/internal/provider/OrElseValueProducer
instanceKlass org/jetbrains/kotlin/gradle/internal/properties/PropertiesBuildServiceKt$propertyWithDeprecatedName$1
instanceKlass org/jetbrains/kotlin/gradle/internal/properties/NativeProperties$Companion
instanceKlass org/jetbrains/kotlin/gradle/plugin/diagnostics/checkers/OverriddenKotlinNativeHomeChecker$allKonanMainSubdirectoriesExist$1$1
instanceKlass org/jetbrains/kotlin/gradle/plugin/diagnostics/checkers/OverriddenKotlinNativeHomeChecker$StdlibExistenceCheckerValueSource$Params_Decorated
instanceKlass org/jetbrains/kotlin/gradle/plugin/diagnostics/checkers/OverriddenKotlinNativeHomeChecker$StdlibExistenceCheckerValueSource$Params
instanceKlass org/jetbrains/kotlin/gradle/plugin/diagnostics/checkers/OverriddenKotlinNativeHomeChecker$allKonanMainSubdirectoriesExist$1
instanceKlass org/jetbrains/kotlin/gradle/plugin/diagnostics/checkers/OverriddenKotlinNativeHomeChecker$StdlibExistenceCheckerValueSource
instanceKlass kotlin/sequences/DropSequence$iterator$1
instanceKlass kotlin/sequences/DropSequence
instanceKlass kotlin/sequences/DropTakeSequence
instanceKlass kotlin/collections/CollectionsKt___CollectionsKt$asSequence$$inlined$Sequence$1
instanceKlass org/jetbrains/kotlin/konan/target/UtilsKt
instanceKlass org/jetbrains/kotlin/gradle/dsl/PlatformSourceSetConventionsChecker$CheckedPlatformInfo
instanceKlass org/jetbrains/kotlin/gradle/plugin/diagnostics/KotlinGradleProjectCheckerContext
instanceKlass org/jetbrains/kotlin/gradle/plugin/diagnostics/KotlinGradleProjectCheckersRunnerKt
instanceKlass org/jetbrains/kotlin/gradle/plugin/diagnostics/KotlinToolingDiagnosticsSetupActionKt$KotlinToolingDiagnosticsSetupAction$1$1
instanceKlass org/jetbrains/kotlin/gradle/targets/js/npm/PeerNpmDependencyExtension
instanceKlass org/jetbrains/kotlin/gradle/targets/js/npm/DevNpmDependencyExtension
instanceKlass org/jetbrains/kotlin/gradle/targets/js/npm/NpmDependency
instanceKlass org/jetbrains/kotlin/gradle/targets/js/npm/NpmDependencyExtension
instanceKlass org/jetbrains/kotlin/gradle/targets/js/npm/NpmDirectoryDependencyWithExternalsExtension
instanceKlass org/jetbrains/kotlin/gradle/targets/js/npm/NpmDirectoryDependencyExtension
instanceKlass org/jetbrains/kotlin/gradle/targets/js/npm/NpmDependencyWithExternalsExtension
instanceKlass org/jetbrains/kotlin/gradle/targets/js/npm/BaseNpmDependencyExtension
instanceKlass org/jetbrains/kotlin/gradle/targets/js/npm/NpmDependencyExtensionKt$AddNpmDependencyExtensionProjectSetupAction$1$WhenMappings
instanceKlass org/jetbrains/kotlin/gradle/tasks/DefaultKotlinJavaToolchain$Companion$wireJvmTargetToJvm$1
instanceKlass org/jetbrains/kotlin/gradle/tasks/DefaultKotlinJavaToolchain$Companion$wireJvmTargetToToolchain$1
instanceKlass org/jetbrains/kotlin/gradle/tasks/DefaultKotlinJavaToolchain$Companion$wireJvmTargetToToolchain$2
instanceKlass org/jetbrains/kotlin/gradle/tasks/DefaultKotlinJavaToolchain$Companion
instanceKlass org/jetbrains/kotlin/gradle/tasks/DefaultKotlinJavaToolchain
instanceKlass org/jetbrains/kotlin/gradle/tasks/KotlinJavaToolchain
instanceKlass org/gradle/api/publish/internal/component/DefaultSoftwareComponentFactory
instanceKlass org/jetbrains/kotlin/gradle/plugin/mpp/KotlinTargetSoftwareComponentImplKt
instanceKlass org/jetbrains/kotlin/gradle/plugin/mpp/KotlinTargetComponentWithCoordinatesAndPublication
instanceKlass org/jetbrains/kotlin/gradle/internal/utils/CollectionsKt
instanceKlass org/jetbrains/kotlin/gradle/plugin/KotlinPluginLifecycleImplKt
instanceKlass org/jetbrains/kotlin/gradle/plugin/mpp/MppSourcesJarKt
instanceKlass org/jetbrains/kotlin/gradle/plugin/mpp/AbstractKotlinTargetKt
instanceKlass org/jetbrains/kotlin/gradle/plugin/mpp/DefaultKotlinUsageContext$1
instanceKlass org/jetbrains/kotlin/gradle/plugin/mpp/DefaultKotlinUsageContext$PublishOnlyIf
instanceKlass org/jetbrains/kotlin/gradle/model/builder/KotlinModelBuilder$Companion
instanceKlass org/jetbrains/kotlin/gradle/model/builder/KotlinModelBuilder
instanceKlass org/gradle/api/publish/maven/plugins/MavenPublishPlugin$MavenPublicationFactory
instanceKlass org/gradle/api/publish/maven/plugins/MavenPublishPlugin
instanceKlass org/jetbrains/kotlin/gradle/plugin/AbstractKotlinPlugin$rewriteMppDependenciesInPom$1
instanceKlass org/gradle/api/plugins/JavaTestFixturesPlugin
instanceKlass org/jetbrains/kotlin/gradle/targets/jvm/KotlinJvmTargetTestFixturesSideEffectKt$ConfigureJavaTestFixturesSideEffect$1$1
instanceKlass org/gradle/api/internal/artifacts/publish/AbstractPublishArtifact
instanceKlass kotlin/sequences/GeneratorSequence$iterator$1
instanceKlass kotlin/sequences/GeneratorSequence
instanceKlass org/gradle/problems/internal/impl/DefaultProblemsReportCreatorKt
instanceKlass org/gradle/internal/configuration/problems/PropertyProblemKt
instanceKlass org/gradle/internal/configuration/problems/StructuredMessage$Fragment
instanceKlass org/gradle/internal/configuration/problems/StructuredMessage$Companion
instanceKlass org/gradle/internal/configuration/problems/StructuredMessage
instanceKlass kotlin/jdk7/AutoCloseableKt
instanceKlass org/gradle/internal/featurelifecycle/DefaultDeprecatedUsageProgressDetails
instanceKlass org/gradle/internal/featurelifecycle/DeprecatedUsageProgressDetails
instanceKlass org/gradle/operations/problems/ProblemDefinition
instanceKlass org/gradle/api/problems/FileLocation
instanceKlass org/gradle/operations/problems/FileLocation
instanceKlass org/gradle/operations/problems/ProblemLocation
instanceKlass org/gradle/api/problems/internal/BuildOperationProblem
instanceKlass org/gradle/internal/cc/impl/problems/JsonWriter$JsonObject
instanceKlass org/gradle/operations/problems/Problem
instanceKlass org/gradle/api/problems/internal/DefaultProblemProgressDetails
instanceKlass org/gradle/operations/problems/ProblemUsageProgressDetails
instanceKlass org/gradle/api/problems/internal/ProblemProgressDetails
instanceKlass org/gradle/internal/configuration/problems/CommonReport$State$Spooling$onDiagnostic$1
instanceKlass org/gradle/internal/configuration/problems/CommonReport$State$Spooling$1
instanceKlass org/gradle/internal/cc/impl/problems/HtmlReportWriter
instanceKlass com/fasterxml/jackson/core/util/JacksonFeatureSet
instanceKlass com/fasterxml/jackson/core/JsonStreamContext
instanceKlass com/fasterxml/jackson/core/PrettyPrinter
instanceKlass com/fasterxml/jackson/core/util/BufferRecycler
instanceKlass com/fasterxml/jackson/core/util/BufferRecyclers
instanceKlass com/fasterxml/jackson/core/util/TextBuffer
instanceKlass com/fasterxml/jackson/core/io/IOContext
instanceKlass com/fasterxml/jackson/core/io/ContentReference
instanceKlass com/fasterxml/jackson/core/sym/CharsToNameCanonicalizer$Bucket
instanceKlass com/fasterxml/jackson/core/sym/CharsToNameCanonicalizer$TableInfo
instanceKlass com/fasterxml/jackson/core/sym/CharsToNameCanonicalizer
instanceKlass com/fasterxml/jackson/core/ErrorReportConfiguration
instanceKlass com/fasterxml/jackson/core/StreamWriteConstraints
instanceKlass com/fasterxml/jackson/core/StreamReadConstraints
instanceKlass com/fasterxml/jackson/core/util/RecyclerPool$WithPool
instanceKlass com/fasterxml/jackson/core/util/RecyclerPool$ThreadLocalPoolBase
instanceKlass com/fasterxml/jackson/core/util/RecyclerPool
instanceKlass com/fasterxml/jackson/core/util/JsonRecyclerPools
instanceKlass com/fasterxml/jackson/core/sym/ByteQuadsCanonicalizer$TableInfo
instanceKlass com/fasterxml/jackson/core/sym/ByteQuadsCanonicalizer
instanceKlass com/fasterxml/jackson/core/io/CharTypes
instanceKlass com/fasterxml/jackson/core/io/JsonStringEncoder
instanceKlass com/fasterxml/jackson/core/io/SerializedString
instanceKlass com/fasterxml/jackson/core/util/JacksonFeature
instanceKlass com/fasterxml/jackson/core/JsonGenerator
instanceKlass com/fasterxml/jackson/core/async/ByteBufferFeeder
instanceKlass com/fasterxml/jackson/core/async/ByteArrayFeeder
instanceKlass com/fasterxml/jackson/core/async/NonBlockingInputFeeder
instanceKlass com/fasterxml/jackson/core/JsonParser
instanceKlass com/fasterxml/jackson/core/TSFBuilder
instanceKlass com/fasterxml/jackson/core/SerializableString
instanceKlass com/fasterxml/jackson/core/TokenStreamFactory
instanceKlass com/fasterxml/jackson/core/Versioned
instanceKlass org/gradle/internal/cc/impl/problems/JsonWriter
instanceKlass org/gradle/internal/cc/impl/problems/JsonModelWriter
instanceKlass org/gradle/internal/cc/impl/problems/HtmlReportTemplate
instanceKlass kotlin/io/TextStreamsKt
instanceKlass org/gradle/internal/configuration/problems/HtmlReportTemplateLoaderKt
instanceKlass org/gradle/internal/configuration/problems/HtmlReportTemplateLoader
instanceKlass kotlin/text/_OneToManyTitlecaseMappingsKt
instanceKlass org/gradle/internal/extensions/stdlib/CharSequenceExtensionsKt
instanceKlass org/gradle/problems/internal/impl/JsonProblemWriter
instanceKlass org/gradle/api/problems/internal/ProblemTaskIdentityTracker
instanceKlass org/gradle/problems/internal/services/ProblemSummaryInfo
instanceKlass org/gradle/api/problems/internal/DefaultProblem
instanceKlass org/gradle/api/problems/internal/DefaultProblemDefinition
instanceKlass org/gradle/api/problems/internal/DefaultPluginIdLocation
instanceKlass org/gradle/api/problems/internal/DefaultStackTraceLocation
instanceKlass org/gradle/api/problems/internal/StackTraceLocation
instanceKlass org/gradle/api/problems/internal/DefaultProblemBuilder$UnsupportedAdditionalDataSpec
instanceKlass org/gradle/internal/deprecation/DeprecatedFeatureUsage$1
instanceKlass org/gradle/api/problems/internal/DefaultDeprecationData$DefaultDeprecationDataBuilder
instanceKlass org/gradle/api/problems/internal/DefaultDeprecationData
instanceKlass org/gradle/internal/featurelifecycle/LoggingDeprecatedFeatureHandler$1$1
instanceKlass org/gradle/api/problems/internal/PluginIdLocation
instanceKlass org/gradle/api/problems/ProblemLocation
instanceKlass org/gradle/api/problems/ProblemDefinition
instanceKlass org/gradle/api/problems/internal/DefaultProblemBuilder
instanceKlass org/gradle/internal/featurelifecycle/LoggingDeprecatedFeatureHandler$1
instanceKlass org/gradle/internal/problems/DefaultProblemDiagnosticsFactory$DefaultProblemDiagnostics
instanceKlass org/gradle/internal/problems/failure/StackFramePredicate$1
instanceKlass org/gradle/internal/problems/failure/DefaultFailure
instanceKlass org/gradle/internal/problems/failure/DefaultFailureFactory$Job$SuppressedAndCauses
instanceKlass org/gradle/api/problems/internal/ProblemLocator$1
instanceKlass org/gradle/internal/problems/failure/Failure
instanceKlass org/gradle/internal/problems/failure/DefaultFailureFactory$Job
instanceKlass java/lang/StackTraceElement$HashedModules
instanceKlass org/gradle/internal/featurelifecycle/StackTraceSanitizer
instanceKlass org/gradle/internal/featurelifecycle/FeatureUsage
instanceKlass org/gradle/internal/deprecation/DeprecationMessage
instanceKlass org/jetbrains/kotlin/gradle/tasks/TasksProviderKt$sam$org_gradle_api_Action$0
instanceKlass org/jetbrains/kotlin/gradle/plugin/KotlinSourceSetProcessor$addKotlinDirectoriesToJavaSourceSet$kotlinSrcDirsToAdd$1
instanceKlass kotlin/coroutines/jvm/internal/CompletedContinuation
instanceKlass org/jetbrains/kotlin/gradle/plugin/KotlinPluginLifecycleImpl$WhenMappings
instanceKlass kotlin/coroutines/CoroutineContext$Element$DefaultImpls
instanceKlass kotlin/coroutines/ContinuationInterceptor$Key
instanceKlass kotlin/coroutines/ContinuationInterceptor
instanceKlass kotlin/coroutines/SafeContinuation$Companion
instanceKlass kotlin/coroutines/SafeContinuation
instanceKlass kotlin/coroutines/ContinuationKt
instanceKlass org/jetbrains/kotlin/gradle/plugin/KotlinPluginLifecycleCoroutineContextElement$Key
instanceKlass kotlin/coroutines/CoroutineContext$Key
instanceKlass org/jetbrains/kotlin/gradle/plugin/KotlinPluginLifecycleCoroutineContextElement
instanceKlass kotlin/coroutines/CoroutineContext$Element
instanceKlass org/jetbrains/kotlin/gradle/plugin/KotlinPluginLifecycleImpl$launch$coroutine$1
instanceKlass org/jetbrains/kotlin/gradle/scripting/internal/ScriptingGradleSubpluginKt$registerDiscoverScriptExtensionsTransform$2
instanceKlass org/jetbrains/kotlin/gradle/scripting/internal/DiscoverScriptExtensionsTransformAction$Parameters_Decorated
instanceKlass org/jetbrains/kotlin/gradle/scripting/internal/DiscoverScriptExtensionsTransformAction$Parameters
instanceKlass org/jetbrains/kotlin/gradle/scripting/internal/ScriptingGradleSubpluginKt$registerDiscoverScriptExtensionsTransform$1
instanceKlass org/jetbrains/kotlin/gradle/scripting/internal/DiscoverScriptExtensionsTransformAction
instanceKlass org/jetbrains/kotlin/gradle/scripting/internal/ScriptingGradleSubplugin$Companion
instanceKlass org/jetbrains/kotlin/gradle/scripting/internal/ScriptingGradleSubplugin
instanceKlass org/jetbrains/kotlin/gradle/plugin/KotlinSourceSetProcessor$prepareKotlinCompileTask$1$3
instanceKlass org/jetbrains/kotlin/gradle/plugin/KotlinSourceSetProcessor$sam$java_util_function_Function$0
instanceKlass org/jetbrains/kotlin/gradle/plugin/KotlinSourceSetProcessor$prepareKotlinCompileTask$1$1
instanceKlass org/jetbrains/kotlin/gradle/tasks/configuration/KaptGenerateStubsConfig$Companion
instanceKlass org/jetbrains/kotlin/gradle/tasks/configuration/BaseKotlinCompileConfig$2$1
instanceKlass org/jetbrains/kotlin/gradle/tasks/configuration/BaseKotlinCompileConfig$1$3
instanceKlass org/jetbrains/kotlin/gradle/tasks/configuration/BaseKotlinCompileConfig$1$1
instanceKlass org/jetbrains/kotlin/gradle/tasks/configuration/BaseKotlinCompileConfig$1$classpathConfiguration$1
instanceKlass org/jetbrains/kotlin/gradle/tasks/configuration/BaseKotlinCompileConfig$registerBuildToolsApiTransformations$2
instanceKlass org/jetbrains/kotlin/gradle/plugin/diagnostics/TransformActionUsingKotlinToolingDiagnostics$Companion
instanceKlass org/jetbrains/kotlin/gradle/plugin/diagnostics/ToolingDiagnostic
instanceKlass org/jetbrains/kotlin/konan/target/KonanTarget$Companion
instanceKlass org/jetbrains/kotlin/konan/target/KonanTarget
instanceKlass org/jetbrains/kotlin/konan/util/Named
instanceKlass org/jetbrains/kotlin/konan/target/HostManager$Companion
instanceKlass org/jetbrains/kotlin/konan/target/HostManager
instanceKlass org/jetbrains/kotlin/gradle/internal/IdeaKt$isInIdeaEnvironment$2
instanceKlass org/jetbrains/kotlin/gradle/utils/ConfigurationCacheOpaqueValue
instanceKlass org/jetbrains/kotlin/gradle/internal/IdeaKt$isInIdeaEnvironment$1
instanceKlass org/jetbrains/kotlin/gradle/utils/ConfigurationCacheOpaqueValueSource
instanceKlass org/jetbrains/kotlin/gradle/plugin/diagnostics/ToolingDiagnosticRenderingOptions$Companion
instanceKlass org/jetbrains/kotlin/gradle/plugin/diagnostics/KotlinToolingDiagnosticsCollectorKt
instanceKlass org/jetbrains/kotlin/gradle/plugin/diagnostics/UsesKotlinToolingDiagnosticsKt
instanceKlass org/jetbrains/kotlin/gradle/tasks/configuration/BaseKotlinCompileConfig$configureCommonParameters$2
instanceKlass org/jetbrains/kotlin/gradle/tasks/configuration/BaseKotlinCompileConfig$configureCommonParameters$1
instanceKlass org/jetbrains/kotlin/gradle/plugin/diagnostics/KotlinToolingDiagnosticsCollector
instanceKlass org/jetbrains/kotlin/gradle/plugin/diagnostics/ToolingDiagnosticRenderingOptions
instanceKlass org/jetbrains/kotlin/gradle/internal/transforms/BuildToolsApiClasspathEntrySnapshotTransform$Parameters
instanceKlass org/jetbrains/kotlin/gradle/plugin/diagnostics/TransformActionUsingKotlinToolingDiagnostics$Parameters
instanceKlass org/jetbrains/kotlin/gradle/tasks/configuration/BaseKotlinCompileConfig$registerBuildToolsApiTransformations$1
instanceKlass org/jetbrains/kotlin/gradle/internal/transforms/BuildToolsApiClasspathEntrySnapshotTransform
instanceKlass org/jetbrains/kotlin/gradle/plugin/diagnostics/TransformActionUsingKotlinToolingDiagnostics
instanceKlass org/jetbrains/kotlin/gradle/tasks/configuration/BaseKotlinCompileConfig$1$classpathConfiguration$jvmToolchain$1
instanceKlass org/jetbrains/kotlin/gradle/tasks/configuration/AbstractKotlinCompileConfigKt$sam$org_gradle_api_Action$0
instanceKlass org/jetbrains/kotlin/gradle/tasks/TasksProviderKt
instanceKlass org/jetbrains/kotlin/gradle/dsl/KotlinJvmCompile
instanceKlass org/jetbrains/kotlin/gradle/tasks/KotlinJvmCompile
instanceKlass org/jetbrains/kotlin/gradle/tasks/K2MultiplatformCompilationTask
instanceKlass org/jetbrains/kotlin/gradle/plugin/internal/BuildIdService$Companion$registerIfAbsent$1$1
instanceKlass org/jetbrains/kotlin/gradle/plugin/internal/BuildIdService$Companion
instanceKlass org/jetbrains/kotlin/gradle/plugin/internal/BuildIdService
instanceKlass org/jetbrains/kotlin/gradle/plugin/BuildFinishedListenerService$Companion$registerIfAbsent$2$1$1
instanceKlass org/jetbrains/kotlin/gradle/plugin/BuildFinishedListenerService$Companion$registerIfAbsent$1
instanceKlass org/jetbrains/kotlin/gradle/plugin/BuildFinishedListenerService$Companion
instanceKlass org/jetbrains/kotlin/gradle/plugin/BuildFinishedListenerService
instanceKlass org/jetbrains/kotlin/compilerRunner/CompilerSystemPropertiesService$Companion$registerIfAbsent$2$1$1
instanceKlass org/jetbrains/kotlin/compilerRunner/CompilerSystemPropertiesService$Parameters_Decorated
instanceKlass org/jetbrains/kotlin/compilerRunner/CompilerSystemPropertiesService$Parameters
instanceKlass org/jetbrains/kotlin/compilerRunner/CompilerSystemPropertiesService$Companion$registerIfAbsent$1
instanceKlass org/jetbrains/kotlin/compilerRunner/CompilerSystemPropertiesService$Companion
instanceKlass org/jetbrains/kotlin/compilerRunner/CompilerSystemPropertiesService
instanceKlass org/jetbrains/kotlin/gradle/tasks/configuration/AbstractKotlinCompileConfigKt$explicitApiMode$1
instanceKlass org/jetbrains/kotlin/gradle/tasks/configuration/AbstractKotlinCompileConfigKt
instanceKlass org/jetbrains/kotlin/gradle/tasks/configuration/BaseKotlinCompileConfig$Companion
instanceKlass org/jetbrains/kotlin/gradle/tasks/configuration/TaskConfigAction
instanceKlass org/jetbrains/kotlin/gradle/plugin/KotlinTarget$DefaultImpls
instanceKlass org/jetbrains/kotlin/gradle/plugin/mpp/InternalKotlinTarget$DefaultImpls
instanceKlass org/jetbrains/kotlin/gradle/plugin/KotlinCompilationInfo
instanceKlass org/jetbrains/kotlin/gradle/plugin/KotlinCompilationInfoKt
instanceKlass org/jetbrains/kotlin/gradle/plugin/KotlinCompilationProcessor
instanceKlass org/jetbrains/kotlin/gradle/plugin/AbstractKotlinPlugin$Companion$configureSourceSetDefaults$1
instanceKlass org/jetbrains/kotlin/gradle/plugin/AbstractKotlinPlugin$Companion$setUpJavaSourceSets$2
instanceKlass org/jetbrains/kotlin/gradle/plugin/internal/CompatibilityConventionRegistrarKt
instanceKlass org/jetbrains/kotlin/gradle/plugin/AbstractKotlinPlugin$Companion$setUpJavaSourceSets$1$2$1
instanceKlass org/jetbrains/kotlin/gradle/plugin/mpp/KotlinCompilationsKt$moduleNameForCompilation$1
instanceKlass org/jetbrains/kotlin/gradle/dsl/KotlinCommonCompilerToolOptionsHelper
instanceKlass org/jetbrains/kotlin/gradle/dsl/KotlinCommonCompilerOptionsHelper
instanceKlass org/jetbrains/kotlin/gradle/dsl/KotlinJvmCompilerOptionsHelper
instanceKlass org/jetbrains/kotlin/gradle/internal/CompilerOptionsDslHelpersKt
instanceKlass org/jetbrains/kotlin/gradle/plugin/mpp/InternalKotlinCompilationKt
instanceKlass org/jetbrains/kotlin/gradle/tasks/KotlinCompilationTask
instanceKlass org/jetbrains/kotlin/gradle/plugin/KotlinCompilation$Companion
instanceKlass org/jetbrains/kotlin/gradle/dsl/KotlinCompile
instanceKlass org/jetbrains/kotlin/gradle/plugin/mpp/compilationImpl/factory/KotlinCompilationImplFactory$create$1
instanceKlass kotlin/jvm/internal/Ref$ObjectRef
instanceKlass org/jetbrains/kotlin/gradle/plugin/KotlinCompilation$DefaultImpls
instanceKlass org/jetbrains/kotlin/gradle/plugin/mpp/InternalKotlinCompilation$DefaultImpls
instanceKlass org/jetbrains/kotlin/gradle/internal/Kapt3GradleSubplugin$Kapt3SubpluginContext
instanceKlass org/jetbrains/kotlin/gradle/internal/Kapt3GradleSubplugin$Companion
instanceKlass org/jetbrains/kotlin/gradle/internal/Kapt3GradleSubplugin
instanceKlass org/jetbrains/kotlin/gradle/plugin/KotlinCompilerPluginSupportPlugin
instanceKlass org/jetbrains/kotlin/gradle/plugin/mpp/KotlinCompilationsKt$addSourcesToKotlinCompileTask$1
instanceKlass org/jetbrains/kotlin/gradle/tasks/BaseKotlinCompile
instanceKlass org/jetbrains/kotlin/gradle/plugin/internal/UsesBuildIdProviderService
instanceKlass org/jetbrains/kotlin/gradle/plugin/diagnostics/UsesKotlinToolingDiagnostics
instanceKlass org/jetbrains/kotlin/gradle/plugin/diagnostics/UsesKotlinToolingDiagnosticsParameters
instanceKlass org/jetbrains/kotlin/gradle/plugin/UsesBuildFinishedListenerService
instanceKlass org/jetbrains/kotlin/compilerRunner/UsesCompilerSystemPropertiesService
instanceKlass org/jetbrains/kotlin/gradle/incremental/UsesIncrementalModuleInfoBuildService
instanceKlass org/jetbrains/kotlin/gradle/report/UsesBuildMetricsService
instanceKlass org/jetbrains/kotlin/gradle/tasks/CompileUsingKotlinDaemonWithNormalization
instanceKlass org/jetbrains/kotlin/gradle/tasks/CompileUsingKotlinDaemon
instanceKlass org/jetbrains/kotlin/gradle/plugin/mpp/KotlinCompilationsKt
instanceKlass org/jetbrains/kotlin/gradle/plugin/sources/DefaultKotlinSourceSet$special$$inlined$Iterable$1
instanceKlass org/jetbrains/kotlin/tooling/core/Extras$Entry$Companion
instanceKlass org/jetbrains/kotlin/tooling/core/Extras$Entry
instanceKlass org/jetbrains/kotlin/gradle/plugin/mpp/KotlinWithJavaCompilationOutput
instanceKlass org/jetbrains/kotlin/gradle/plugin/KotlinCompilationOutput
instanceKlass org/jetbrains/kotlin/gradle/plugin/mpp/compilationImpl/KotlinCompilationTaskNamesContainer
instanceKlass org/jetbrains/kotlin/gradle/plugin/mpp/compilationImpl/factory/DefaultKotlinCompilationTaskNamesContainerFactory
instanceKlass org/jetbrains/kotlin/gradle/plugin/mpp/compilationImpl/DefaultKotlinCompilationConfigurationsContainer
instanceKlass org/jetbrains/kotlin/gradle/plugin/mpp/compilationImpl/KotlinCompilationConfigurationsContainer
instanceKlass org/jetbrains/kotlin/gradle/plugin/mpp/compilationImpl/factory/KotlinCompilationDependencyConfigurationsFactoriesKt$WhenMappings
instanceKlass org/jetbrains/kotlin/gradle/targets/js/dsl/KotlinWasmSubTargetContainerDsl
instanceKlass org/jetbrains/kotlin/gradle/targets/js/dsl/KotlinJsSubTargetContainerDsl
instanceKlass org/jetbrains/kotlin/gradle/targets/js/dsl/KotlinWasmWasiTargetDsl
instanceKlass org/jetbrains/kotlin/gradle/targets/js/dsl/KotlinWasmJsTargetDsl
instanceKlass org/jetbrains/kotlin/gradle/targets/js/dsl/KotlinWasmTargetDsl
instanceKlass org/jetbrains/kotlin/gradle/targets/js/dsl/KotlinJsTargetDsl
instanceKlass org/jetbrains/kotlin/gradle/plugin/mpp/HasBinaries
instanceKlass org/jetbrains/kotlin/gradle/targets/js/dsl/KotlinTargetWithNodeJsDsl
instanceKlass org/jetbrains/kotlin/gradle/plugin/KotlinTargetConfiguratorKt$WhenMappings
instanceKlass org/jetbrains/kotlin/gradle/plugin/ProjectLocalConfigurationsKt
instanceKlass kotlin/jvm/internal/SpreadBuilder
instanceKlass org/jetbrains/kotlin/gradle/plugin/mpp/compilationImpl/factory/ConfigurationNaming$Default
instanceKlass org/jetbrains/kotlin/gradle/plugin/mpp/compilationImpl/factory/ConfigurationNaming
instanceKlass org/jetbrains/kotlin/gradle/plugin/mpp/compilationImpl/factory/KotlinCompilationDependencyConfigurationsFactoriesKt
instanceKlass kotlin/jvm/internal/AdaptedFunctionReference
instanceKlass org/jetbrains/kotlin/gradle/plugin/sources/InternalKotlinSourceSetKt
instanceKlass org/jetbrains/kotlin/gradle/plugin/mpp/compilationImpl/DefaultKotlinCompilationSourceSetsContainer
instanceKlass org/jetbrains/kotlin/gradle/plugin/mpp/compilationImpl/KotlinCompilationSourceSetsContainer
instanceKlass org/jetbrains/kotlin/gradle/plugin/mpp/compilationImpl/KotlinCompilationSourceSetsContainerKt
instanceKlass org/jetbrains/kotlin/gradle/plugin/sources/DefaultLanguageSettingsBuilder
instanceKlass org/jetbrains/kotlin/gradle/plugin/sources/ConsistencyCheck
instanceKlass org/jetbrains/kotlin/gradle/dsl/KotlinVersion$Companion
instanceKlass org/jetbrains/kotlin/gradle/plugin/sources/FragmentConsistencyChecks
instanceKlass org/jetbrains/kotlin/gradle/plugin/sources/FragmentConsistencyChecker
instanceKlass org/jetbrains/kotlin/gradle/plugin/sources/DefaultKotlinSourceSetKt
instanceKlass org/jetbrains/kotlin/gradle/plugin/sources/DefaultKotlinSourceSet$MetadataDependencyTransformation
instanceKlass org/jetbrains/kotlin/gradle/plugin/KotlinSourceSet$Companion
instanceKlass org/jetbrains/kotlin/gradle/utils/MutableObservableSetImpl
instanceKlass org/jetbrains/kotlin/gradle/utils/MutableObservableSet
instanceKlass kotlin/jvm/internal/markers/KMutableSet
instanceKlass org/jetbrains/kotlin/gradle/utils/ObservableSet
instanceKlass org/jetbrains/kotlin/gradle/plugin/LanguageSettingsBuilder
instanceKlass org/jetbrains/kotlin/project/model/LanguageSettings
instanceKlass org/jetbrains/kotlin/gradle/plugin/sources/AbstractKotlinSourceSet
instanceKlass org/jetbrains/kotlin/gradle/plugin/sources/InternalKotlinSourceSet
instanceKlass org/jetbrains/kotlin/util/capitalizeDecapitalize/CapitalizeDecapitalizeKt
instanceKlass org/jetbrains/kotlin/gradle/utils/StringUtilsKt
instanceKlass org/jetbrains/kotlin/gradle/plugin/mpp/compilationImpl/KotlinCompilationImpl$Params
instanceKlass org/jetbrains/kotlin/gradle/plugin/mpp/compilationImpl/KotlinCompilationImpl
instanceKlass org/jetbrains/kotlin/gradle/plugin/mpp/compilationImpl/factory/KotlinCompilationImplFactory$KotlinCompilerOptionsFactory$Options
instanceKlass org/jetbrains/kotlin/gradle/plugin/mpp/KotlinWithJavaTargetKt$KotlinWithJavaTargetForJvm$2$1
instanceKlass org/jetbrains/kotlin/gradle/plugin/mpp/KotlinWithJavaTargetKt$KotlinWithJavaTargetForJvm$1$1
instanceKlass org/jetbrains/kotlin/gradle/plugin/mpp/compilationImpl/factory/CompositePostConfigure
instanceKlass org/jetbrains/kotlin/gradle/plugin/mpp/compilationImpl/KotlinCompilationCompilerOptionsFromTargetConfigurator
instanceKlass org/jetbrains/kotlin/gradle/plugin/mpp/compilationImpl/KotlinCompilationRegisterInSourceSetsConfigurator
instanceKlass org/jetbrains/kotlin/gradle/plugin/mpp/compilationImpl/factory/KotlinCompilationImplFactory$PostConfigure$Companion
instanceKlass org/jetbrains/kotlin/gradle/plugin/mpp/compilationImpl/factory/KotlinCompilationImplFactory$PostConfigure
instanceKlass org/jetbrains/kotlin/gradle/plugin/mpp/compilationImpl/DefaultKotlinCompilationPostConfigureKt
instanceKlass org/jetbrains/kotlin/gradle/plugin/mpp/compilationImpl/KotlinCompilationSourceSetInclusion$DefaultAddSourcesToCompileTask
instanceKlass org/jetbrains/kotlin/gradle/plugin/mpp/compilationImpl/KotlinCompilationSourceSetInclusion$AddSourcesToCompileTask
instanceKlass org/jetbrains/kotlin/gradle/plugin/mpp/compilationImpl/KotlinCompilationSourceSetInclusion$Companion
instanceKlass org/jetbrains/kotlin/gradle/plugin/mpp/compilationImpl/KotlinCompilationSourceSetInclusion
instanceKlass org/jetbrains/kotlin/gradle/plugin/mpp/compilationImpl/DefaultKotlinCompilationFriendPathsResolver$DefaultFriendArtifactResolver
instanceKlass org/jetbrains/kotlin/gradle/plugin/mpp/compilationImpl/DefaultKotlinCompilationFriendPathsResolver$FriendArtifactResolver
instanceKlass org/jetbrains/kotlin/gradle/plugin/mpp/compilationImpl/DefaultKotlinCompilationFriendPathsResolver
instanceKlass org/jetbrains/kotlin/gradle/plugin/mpp/compilationImpl/KotlinCompilationFriendPathsResolver
instanceKlass org/jetbrains/kotlin/gradle/plugin/mpp/compilationImpl/factory/DefaultKotlinCompilationSourceSetsContainerFactory$DefaultDefaultSourceSetNaming
instanceKlass org/jetbrains/kotlin/gradle/plugin/mpp/compilationImpl/factory/DefaultKotlinCompilationSourceSetsContainerFactory$DefaultSourceSetNaming
instanceKlass org/jetbrains/kotlin/gradle/plugin/mpp/compilationImpl/factory/DefaultKotlinCompilationSourceSetsContainerFactory
instanceKlass org/jetbrains/kotlin/gradle/plugin/mpp/compilationImpl/factory/KotlinCompilationImplFactory$KotlinCompilationSourceSetsContainerFactory
instanceKlass org/jetbrains/kotlin/gradle/plugin/mpp/compilationImpl/factory/KotlinCompilationImplFactory
instanceKlass org/jetbrains/kotlin/gradle/plugin/mpp/compilationImpl/factory/CompositePreConfigure
instanceKlass org/jetbrains/kotlin/gradle/plugin/mpp/compilationImpl/factory/KotlinCompilationImplFactoryKt
instanceKlass org/jetbrains/kotlin/gradle/plugin/mpp/KotlinWithJavaCompilationFactory$create$compilationImplFactory$4
instanceKlass org/jetbrains/kotlin/gradle/plugin/mpp/compilationImpl/KotlinCompilationLanguageSettingsConfigurator
instanceKlass org/jetbrains/kotlin/gradle/plugin/mpp/compilationImpl/factory/KotlinCompilationImplFactory$PreConfigure
instanceKlass org/jetbrains/kotlin/gradle/plugin/mpp/compilationImpl/factory/JvmWithJavaCompilationTaskNamesContainerFactory
instanceKlass org/jetbrains/kotlin/gradle/plugin/mpp/compilationImpl/factory/KotlinCompilationImplFactory$KotlinCompilationTaskNamesContainerFactory
instanceKlass org/jetbrains/kotlin/gradle/plugin/mpp/compilationImpl/factory/JvmWithJavaCompilationDependencyConfigurationsFactory
instanceKlass org/jetbrains/kotlin/gradle/plugin/mpp/compilationImpl/factory/KotlinCompilationImplFactory$KotlinCompilationDependencyConfigurationsFactory
instanceKlass org/jetbrains/kotlin/gradle/plugin/mpp/KotlinWithJavaCompilationFactory$create$compilationImplFactory$3
instanceKlass org/jetbrains/kotlin/gradle/plugin/mpp/compilationImpl/factory/KotlinCompilationImplFactory$KotlinCompilationOutputFactory
instanceKlass org/jetbrains/kotlin/gradle/plugin/mpp/compilationImpl/KotlinJvmCompilationAssociator
instanceKlass org/jetbrains/kotlin/gradle/plugin/mpp/compilationImpl/KotlinCompilationAssociator
instanceKlass org/jetbrains/kotlin/gradle/plugin/mpp/KotlinWithJavaCompilationFactory$create$compilationImplFactory$2
instanceKlass org/jetbrains/kotlin/gradle/plugin/mpp/compilationImpl/factory/KotlinCompilationImplFactory$KotlinCompilerOptionsFactory
instanceKlass org/jetbrains/kotlin/gradle/plugin/mpp/KotlinWithJavaCompilationFactory$create$compilationImplFactory$1
instanceKlass org/jetbrains/kotlin/gradle/plugin/mpp/compilationImpl/factory/KotlinCompilationImplFactory$ProcessResourcesTaskNameFactory
instanceKlass org/jetbrains/kotlin/gradle/plugin/mpp/KotlinCompilationFactory$DefaultImpls
instanceKlass org/jetbrains/kotlin/gradle/plugin/AbstractKotlinPlugin$Companion$setUpJavaSourceSets$1
instanceKlass org/jetbrains/kotlin/gradle/plugin/KotlinTargetWithTests
instanceKlass org/jetbrains/kotlin/gradle/targets/jvm/KotlinJvmCompilationWireJavaSourcesSideEffectKt$WhenMappings
instanceKlass org/jetbrains/kotlin/gradle/utils/ProjectExtensionsKt
instanceKlass org/gradle/internal/deprecation/DeprecationMessageBuilder$WithDocumentation
instanceKlass org/gradle/internal/deprecation/Documentation
instanceKlass org/gradle/api/problems/internal/InternalDocLink
instanceKlass org/gradle/internal/deprecation/Documentation$AbstractBuilder
instanceKlass org/gradle/internal/deprecation/DeprecationTimeline
instanceKlass org/gradle/internal/deprecation/DeprecationMessageBuilder$ConfigurationDeprecationTypeSelector
instanceKlass org/gradle/api/reporting/ReportContainer
instanceKlass org/gradle/internal/exceptions/NonGradleCause
instanceKlass org/gradle/api/internal/tasks/testing/TestResultProcessor
instanceKlass org/gradle/api/tasks/testing/TestOutputListener
instanceKlass org/gradle/api/tasks/testing/TestListener
instanceKlass org/gradle/api/tasks/testing/TestFilter
instanceKlass org/gradle/api/reporting/DirectoryReport
instanceKlass org/gradle/api/reporting/ConfigurableReport
instanceKlass org/gradle/api/reporting/Report
instanceKlass org/gradle/api/internal/tasks/testing/logging/TestExceptionFormatter
instanceKlass org/gradle/api/internal/artifacts/dsl/dependencies/DefaultDependencyCollector
instanceKlass org/gradle/api/plugins/jvm/JvmComponentDependencies_Decorated
instanceKlass org/gradle/api/testing/toolchains/internal/FrameworkCachingJvmTestToolchain
instanceKlass org/gradle/api/testing/toolchains/internal/JvmTestToolchainParameters$None
instanceKlass org/gradle/api/testing/toolchains/internal/LegacyJUnit4TestToolchain
instanceKlass org/gradle/api/plugins/jvm/internal/DefaultJvmTestSuiteTarget
instanceKlass org/gradle/api/plugins/jvm/JvmComponentDependencies
instanceKlass org/gradle/api/artifacts/dsl/GradleDependencies
instanceKlass org/gradle/api/plugins/jvm/TestFixturesDependencyModifiers
instanceKlass org/gradle/api/plugins/jvm/PlatformDependencyModifiers
instanceKlass org/gradle/api/plugins/jvm/internal/DefaultJvmTestSuite$ToolchainFactory
instanceKlass org/gradle/api/testing/toolchains/internal/SpockToolchainParameters
instanceKlass org/gradle/api/testing/toolchains/internal/JUnit4ToolchainParameters
instanceKlass org/gradle/api/internal/tasks/testing/TestFramework
instanceKlass org/gradle/api/testing/toolchains/internal/JvmTestToolchain
instanceKlass org/gradle/api/testing/toolchains/internal/KotlinTestToolchainParameters
instanceKlass org/gradle/api/testing/toolchains/internal/JUnitJupiterToolchainParameters
instanceKlass org/gradle/api/testing/toolchains/internal/JUnitPlatformToolchainParameters
instanceKlass org/gradle/api/testing/toolchains/internal/TestNGToolchainParameters
instanceKlass org/gradle/api/testing/toolchains/internal/JvmTestToolchainParameters
instanceKlass org/gradle/api/publish/internal/component/DefaultAdhocSoftwareComponent$ConfigurationVariantAction
instanceKlass org/gradle/api/internal/ReflectiveNamedDomainObjectFactory
instanceKlass org/gradle/api/internal/artifacts/dsl/LazyPublishArtifact
instanceKlass org/gradle/api/internal/artifacts/PublishArtifactInternal
instanceKlass org/gradle/api/plugins/jvm/internal/DefaultJvmFeature
instanceKlass org/gradle/api/internal/provider/MapCollectors$EntryWithValueFromProvider
instanceKlass org/gradle/api/plugins/internal/JvmPluginsHelper
instanceKlass org/gradle/api/tasks/compile/CompileOptions
instanceKlass org/gradle/api/internal/tasks/compile/incremental/recomp/RecompilationSpecProvider
instanceKlass org/gradle/api/internal/tasks/compile/JavaCompileSpec
instanceKlass org/gradle/api/internal/tasks/compile/JvmLanguageCompileSpec
instanceKlass org/gradle/language/base/internal/compile/CompileSpec
instanceKlass java/beans/PropertyChangeListener
instanceKlass groovy/util/ObservableList
instanceKlass org/gradle/api/internal/tasks/InputChangesAwareTaskAction
instanceKlass org/gradle/api/internal/tasks/ImplementationAwareTaskAction
instanceKlass org/gradle/api/internal/tasks/TaskRequiredServices
instanceKlass org/gradle/api/internal/tasks/TaskLocalStateInternal
instanceKlass org/gradle/api/tasks/TaskLocalState
instanceKlass org/gradle/api/tasks/TaskDestroyables
instanceKlass org/gradle/api/internal/TaskOutputsInternal
instanceKlass org/gradle/api/internal/TaskInputsInternal
instanceKlass org/gradle/internal/logging/slf4j/ContextAwareTaskLogger
instanceKlass org/gradle/api/tasks/TaskInputs
instanceKlass org/gradle/api/tasks/TaskState
instanceKlass org/gradle/util/internal/TextUtil
instanceKlass org/gradle/internal/extensibility/ConventionAwareHelper$MappedPropertyImpl
instanceKlass org/gradle/api/internal/ConventionMapping$MappedProperty
instanceKlass org/gradle/api/plugins/jvm/internal/DefaultJvmEcosystemAttributesDetails
instanceKlass org/gradle/api/plugins/jvm/internal/JvmEcosystemAttributesDetails
instanceKlass org/gradle/api/internal/tasks/DefaultSourceSetOutput$DirectoryContribution
instanceKlass org/gradle/api/internal/lambdas/SerializableLambdas$SerializableSpec
instanceKlass org/gradle/api/internal/file/DefaultSourceDirectorySet$SourceDirectories
instanceKlass org/gradle/internal/typeconversion/CharSequenceNotationParser
instanceKlass org/gradle/model/internal/core/UnmanagedStruct
instanceKlass org/gradle/api/internal/file/collections/DirectoryFileTree
instanceKlass org/gradle/api/internal/file/collections/LocalFileTree
instanceKlass org/gradle/api/internal/file/collections/RandomAccessFileCollection
instanceKlass org/gradle/api/internal/file/collections/PatternFilterableFileTree
instanceKlass org/gradle/api/internal/jvm/ClassDirectoryBinaryNamingScheme
instanceKlass org/gradle/api/file/FileTreeElement
instanceKlass org/gradle/api/tasks/SourceSetOutput
instanceKlass org/gradle/api/internal/tasks/DefaultSourceSet
instanceKlass org/gradle/api/publish/internal/component/DefaultAdhocSoftwareComponent
instanceKlass org/gradle/api/component/AdhocComponentWithVariants
instanceKlass org/gradle/api/internal/component/SoftwareComponentContainerInternal
instanceKlass org/gradle/api/plugins/jvm/internal/DefaultJvmTestSuite
instanceKlass org/gradle/testing/base/TestingExtension_Decorated
instanceKlass org/gradle/testing/base/TestingExtension
instanceKlass org/gradle/testing/base/plugins/TestSuiteBasePlugin
instanceKlass org/gradle/api/plugins/jvm/JvmTestSuiteTarget
instanceKlass org/gradle/testing/base/TestSuiteTarget
instanceKlass org/gradle/api/plugins/JvmTestSuitePlugin
instanceKlass org/jetbrains/kotlin/gradle/dsl/DefaultToolchainSupport$wireToolchainToTasks$1$1
instanceKlass org/jetbrains/kotlin/gradle/tasks/UsesKotlinJavaToolchain
instanceKlass org/gradle/jvm/toolchain/internal/DefaultToolchainJavaLauncher
instanceKlass org/gradle/jvm/toolchain/JavaLauncher
instanceKlass org/gradle/api/internal/DefaultCollectionCallbackActionDecorator$1
instanceKlass org/gradle/api/internal/plugins/DefaultPluginContainer$2$1
instanceKlass org/gradle/internal/jvm/DefaultModularitySpec
instanceKlass org/gradle/api/jvm/ModularitySpec
instanceKlass org/gradle/api/java/archives/Manifest
instanceKlass org/gradle/language/java/internal/JavadocServices$JavadocProjectScopeServices$1
instanceKlass org/gradle/api/internal/tasks/compile/daemon/CompilerWorkerExecutor
instanceKlass org/gradle/language/base/internal/compile/Compiler
instanceKlass org/gradle/api/internal/tasks/compile/DefaultJavaCompilerFactory
instanceKlass org/gradle/api/internal/tasks/compile/processing/AnnotationProcessorDeclarationSerializer
instanceKlass org/gradle/api/internal/tasks/compile/processing/AnnotationProcessorDetector$ProcessorServiceLocator
instanceKlass org/gradle/process/internal/worker/child/DefaultWorkerDirectoryProvider
instanceKlass org/gradle/workers/internal/WorkerDaemonClientCancellationHandler$KillWorkers
instanceKlass org/gradle/workers/internal/WorkerDaemonExpiration
instanceKlass org/gradle/workers/internal/WorkerDaemonClientsManager$LogLevelChangeEventListener
instanceKlass org/gradle/workers/internal/WorkerDaemonClientsManager$StopSessionScopedWorkers
instanceKlass org/gradle/workers/internal/WorkerDaemonStarter
instanceKlass org/gradle/workers/internal/WorkerDaemonClient
instanceKlass org/gradle/process/internal/health/memory/MemoryHolder
instanceKlass org/gradle/workers/internal/DefaultActionExecutionSpecFactory
instanceKlass org/gradle/process/internal/worker/child/ApplicationClassesInSystemClassLoaderWorkerImplementationFactory
instanceKlass org/gradle/process/internal/worker/MultiRequestWorkerProcessBuilder
instanceKlass org/gradle/process/internal/worker/WorkerProcessBuilder
instanceKlass org/gradle/process/internal/worker/WorkerProcessSettings
instanceKlass org/gradle/process/internal/worker/DefaultWorkerProcessFactory
instanceKlass org/gradle/process/internal/health/memory/DefaultMemoryManager$MemoryCheck
instanceKlass org/gradle/process/internal/health/memory/DefaultMemoryManager$OsMemoryListener
instanceKlass org/gradle/process/internal/health/memory/DefaultAvailableOsMemoryStatusAspect
instanceKlass org/gradle/process/internal/health/memory/OsMemoryStatusAspect$Available
instanceKlass org/gradle/process/internal/health/memory/OsMemoryStatusSnapshot
instanceKlass net/rubygrapefruit/platform/internal/jni/WindowsMemoryFunctions
instanceKlass net/rubygrapefruit/platform/internal/DefaultWindowsMemoryInfo
instanceKlass net/rubygrapefruit/platform/memory/WindowsMemoryInfo
instanceKlass net/rubygrapefruit/platform/memory/MemoryInfo
instanceKlass net/rubygrapefruit/platform/internal/DefaultWindowsMemory
instanceKlass net/rubygrapefruit/platform/memory/WindowsMemory
instanceKlass org/gradle/process/internal/health/memory/JvmMemoryStatusListener
instanceKlass org/gradle/process/internal/health/memory/OsMemoryStatusAspect
instanceKlass org/gradle/process/internal/health/memory/DefaultMemoryManager
instanceKlass org/gradle/process/internal/health/memory/JvmMemoryStatus
instanceKlass org/gradle/process/internal/health/memory/DefaultJvmMemoryInfo
instanceKlass org/gradle/process/internal/health/memory/OsMemoryStatus
instanceKlass org/gradle/process/internal/health/memory/WindowsOsMemoryInfo
instanceKlass org/gradle/process/internal/health/memory/MBeanAttributeProvider
instanceKlass org/gradle/process/internal/health/memory/DefaultOsMemoryInfo
instanceKlass org/gradle/internal/jvm/inspection/DefaultJvmVersionDetector
instanceKlass org/gradle/internal/remote/internal/hub/MessageHubBackedServer
instanceKlass org/gradle/jvm/toolchain/JavadocTool
instanceKlass org/gradle/jvm/toolchain/internal/JavaToolchain
instanceKlass org/gradle/jvm/toolchain/JavaInstallationMetadata
instanceKlass org/gradle/jvm/toolchain/internal/JavaToolchainQueryService$1
instanceKlass org/gradle/internal/jvm/inspection/JvmVendor$1
instanceKlass org/gradle/internal/jvm/inspection/JvmVendor
instanceKlass org/gradle/jvm/toolchain/JvmImplementation
instanceKlass org/gradle/jvm/toolchain/JvmVendorSpec
instanceKlass org/gradle/internal/jvm/inspection/DefaultJavaInstallationRegistry$Installations
instanceKlass org/gradle/jvm/toolchain/internal/AutoInstalledInstallationSupplier
instanceKlass org/gradle/jvm/toolchain/internal/CurrentInstallationSupplier
instanceKlass org/gradle/jvm/toolchain/internal/LocationListInstallationSupplier
instanceKlass org/gradle/jvm/toolchain/internal/EnvironmentVariableJavaHomeInstallationSupplier
instanceKlass org/gradle/jvm/toolchain/internal/EnvironmentVariableListInstallationSupplier
instanceKlass org/gradle/platform/internal/CurrentBuildPlatform$1
instanceKlass net/rubygrapefruit/platform/internal/MutableSystemInfo
instanceKlass net/rubygrapefruit/platform/internal/DefaultSystemInfo
instanceKlass org/gradle/internal/jvm/inspection/JavaInstallationCapability$1
instanceKlass org/gradle/internal/RenderingUtils
instanceKlass org/gradle/jvm/toolchain/internal/install/DefaultJdkCacheDirectory
instanceKlass net/rubygrapefruit/platform/internal/DefaultWindowsRegistry
instanceKlass javax/xml/parsers/FactoryFinder$1
instanceKlass javax/xml/parsers/FactoryFinder
instanceKlass javax/xml/parsers/DocumentBuilderFactory
instanceKlass com/sun/org/apache/xerces/internal/utils/XMLSecurityPropertyManager
instanceKlass jdk/xml/internal/XMLSecurityManager
instanceKlass jdk/xml/internal/JdkXmlFeatures
instanceKlass javax/xml/xpath/XPathFactoryFinder$2
instanceKlass javax/xml/xpath/XPathFactoryFinder
instanceKlass jdk/xml/internal/SecuritySupport
instanceKlass javax/xml/xpath/XPathFactory
instanceKlass org/gradle/internal/xml/XmlFactories
instanceKlass org/gradle/api/plugins/JvmToolchainsPlugin
instanceKlass org/gradle/api/reporting/ReportSpec
instanceKlass org/gradle/api/reporting/ReportingExtension
instanceKlass org/gradle/api/plugins/ReportingBasePlugin
instanceKlass org/gradle/api/internal/artifacts/type/DefaultArtifactTypeContainer$DefaultArtifactTypeDefinition
instanceKlass org/gradle/api/internal/tasks/DefaultSourceSetContainer$1
instanceKlass org/gradle/internal/reflect/MethodSet$1
instanceKlass org/gradle/api/plugins/JvmEcosystemPlugin
instanceKlass org/gradle/api/internal/artifacts/configurations/ConfigurationRolesForMigration
instanceKlass org/gradle/api/internal/plugins/BuildConfigurationRule
instanceKlass org/gradle/api/plugins/internal/DefaultBasePluginExtension
instanceKlass org/gradle/language/base/internal/plugins/CleanRule
instanceKlass org/gradle/api/internal/tasks/compile/CompileJavaBuildOperationType$Result
instanceKlass org/gradle/language/base/plugins/LifecycleBasePlugin
instanceKlass org/gradle/api/plugins/BasePlugin
instanceKlass org/gradle/api/plugins/internal/JavaConfigurationVariantMapping
instanceKlass org/gradle/api/internal/tasks/compile/HasCompileOptions
instanceKlass org/gradle/api/file/SourceDirectorySet
instanceKlass org/gradle/api/plugins/BasePluginExtension
instanceKlass org/gradle/api/plugins/internal/DefaultJavaPluginExtension
instanceKlass org/gradle/api/plugins/internal/JavaPluginExtensionInternal
instanceKlass org/gradle/api/plugins/JavaPluginExtension
instanceKlass org/gradle/api/plugins/JavaPlatformPlugin
instanceKlass org/gradle/api/publish/plugins/PublishingPlugin
instanceKlass org/gradle/api/tasks/VerificationTask
instanceKlass org/gradle/api/plugins/jvm/JvmTestSuite
instanceKlass org/gradle/testing/base/TestSuite
instanceKlass org/gradle/api/publish/ivy/IvyPublication
instanceKlass org/gradle/jvm/component/internal/JvmSoftwareComponentInternal
instanceKlass org/gradle/api/plugins/jvm/internal/JvmFeatureInternal
instanceKlass org/gradle/api/internal/tasks/RealizeTaskBuildOperationType$Details
instanceKlass org/gradle/tooling/internal/provider/runner/PluginApplicationTracker$PluginApplication
instanceKlass org/gradle/internal/build/event/types/DefaultBinaryPluginIdentifier
instanceKlass org/gradle/api/plugins/JavaPlugin
instanceKlass org/jetbrains/kotlin/gradle/plugin/mpp/KotlinWithJavaTarget$defaultArtifactClassesListFile$1
instanceKlass org/gradle/api/internal/file/DefaultFilePropertyFactory$PathToDirectoryTransformer
instanceKlass org/jetbrains/kotlin/gradle/plugin/mpp/KotlinWithJavaCompilationFactory
instanceKlass org/jetbrains/kotlin/gradle/plugin/mpp/KotlinCompilationFactory
instanceKlass org/jetbrains/kotlin/gradle/plugin/HasCompilerOptions
instanceKlass org/jetbrains/kotlin/gradle/InternalKotlinGradlePluginApi
instanceKlass org/jetbrains/kotlin/gradle/plugin/mpp/KotlinTargetSoftwareComponent
instanceKlass org/gradle/api/component/ComponentWithCoordinates
instanceKlass org/gradle/api/component/ComponentWithVariants
instanceKlass org/jetbrains/kotlin/gradle/plugin/mpp/DecoratedKotlinCompilation
instanceKlass org/jetbrains/kotlin/gradle/plugin/mpp/InternalKotlinCompilation
instanceKlass org/jetbrains/kotlin/gradle/plugin/KotlinCompilationToRunnableFiles
instanceKlass org/jetbrains/kotlin/gradle/plugin/KotlinCompilationWithResources
instanceKlass org/jetbrains/kotlin/gradle/plugin/mpp/HierarchyAttributeContainer
instanceKlass org/jetbrains/kotlin/gradle/plugin/mpp/DefaultKotlinUsageContext
instanceKlass org/jetbrains/kotlin/gradle/plugin/mpp/KotlinUsageContext
instanceKlass org/gradle/api/internal/component/UsageContext
instanceKlass org/gradle/api/component/SoftwareComponentVariant
instanceKlass org/jetbrains/kotlin/gradle/plugin/KotlinTargetPreset
instanceKlass org/gradle/api/publish/maven/MavenPublication
instanceKlass org/gradle/api/publish/Publication
instanceKlass org/jetbrains/kotlin/gradle/plugin/mpp/InternalKotlinTargetComponent
instanceKlass org/gradle/api/internal/component/SoftwareComponentInternal
instanceKlass org/jetbrains/kotlin/gradle/plugin/mpp/KotlinTargetComponentWithPublication
instanceKlass org/jetbrains/kotlin/gradle/plugin/KotlinTargetComponent
instanceKlass org/jetbrains/kotlin/gradle/plugin/KotlinCompilation
instanceKlass org/jetbrains/kotlin/gradle/plugin/mpp/KotlinWithJavaTargetKt
instanceKlass org/jetbrains/kotlin/gradle/utils/WhenEvaluatedKt$whenEvaluated$4
instanceKlass kotlin/jvm/internal/TypeIntrinsics
instanceKlass org/jetbrains/kotlin/gradle/utils/WhenEvaluatedKt$whenEvaluated$afterAndroidDispatchQueue$1$1$1
instanceKlass org/jetbrains/kotlin/gradle/utils/WhenEvaluatedKt
instanceKlass kotlin/collections/ArrayDeque$Companion
instanceKlass kotlin/jvm/internal/markers/KMutableList
instanceKlass kotlin/jvm/internal/markers/KMutableCollection
instanceKlass kotlin/jvm/internal/markers/KMutableIterable
instanceKlass kotlin/collections/ArrayAsCollection
instanceKlass org/jetbrains/kotlin/gradle/plugin/KotlinPluginLifecycle$Stage$Companion
instanceKlass org/jetbrains/kotlin/gradle/plugin/KotlinPluginLifecycleImpl
instanceKlass org/jetbrains/kotlin/gradle/plugin/KotlinPluginLifecycle
instanceKlass org/jetbrains/kotlin/gradle/plugin/KotlinPluginLifecycleKt
instanceKlass org/jetbrains/kotlin/gradle/plugin/diagnostics/checkers/KonanHomeConflictDeclarationChecker
instanceKlass org/jetbrains/kotlin/gradle/plugin/diagnostics/checkers/AndroidPublicationNotConfiguredChecker
instanceKlass org/jetbrains/kotlin/gradle/plugin/diagnostics/checkers/NativeVersionChecker
instanceKlass org/jetbrains/kotlin/gradle/plugin/diagnostics/checkers/ComposePluginSuggestApplyChecker
instanceKlass org/jetbrains/kotlin/gradle/plugin/diagnostics/checkers/OverriddenKotlinNativeHomeChecker
instanceKlass org/jetbrains/kotlin/gradle/plugin/diagnostics/checkers/GradleDeprecatedPropertyChecker
instanceKlass org/jetbrains/kotlin/gradle/plugin/diagnostics/checkers/IncorrectCompileOnlyDependenciesChecker
instanceKlass org/jetbrains/kotlin/gradle/plugin/diagnostics/checkers/CInteropInputChecker
instanceKlass org/jetbrains/kotlin/gradle/plugin/diagnostics/checkers/DuplicateSourceSetChecker
instanceKlass org/jetbrains/kotlin/gradle/plugin/diagnostics/checkers/WasmSourceSetsNotFoundChecker
instanceKlass org/jetbrains/kotlin/gradle/plugin/diagnostics/checkers/InternalGradlePropertiesUsageChecker
instanceKlass org/jetbrains/kotlin/gradle/plugin/diagnostics/checkers/KotlinTargetAlreadyDeclaredChecker
instanceKlass org/jetbrains/kotlin/gradle/dsl/IosSourceSetConventionChecker
instanceKlass org/jetbrains/kotlin/gradle/dsl/AndroidMainSourceSetConventionsChecker
instanceKlass org/jetbrains/kotlin/gradle/dsl/PlatformSourceSetConventionsChecker
instanceKlass org/jetbrains/kotlin/gradle/plugin/diagnostics/checkers/KotlinSourceSetTreeDependsOnMismatchChecker
instanceKlass org/jetbrains/kotlin/gradle/plugin/diagnostics/checkers/ExperimentalTryNextUsageChecker
instanceKlass org/jetbrains/kotlin/gradle/plugin/diagnostics/checkers/PreHmppDependenciesUsageChecker
instanceKlass org/jetbrains/kotlin/gradle/plugin/diagnostics/KotlinToolingDiagnostics
instanceKlass org/jetbrains/kotlin/gradle/plugin/diagnostics/ToolingDiagnosticFactory
instanceKlass org/jetbrains/kotlin/gradle/plugin/diagnostics/checkers/JsLikeEnvironmentChecker
instanceKlass org/jetbrains/kotlin/gradle/plugin/diagnostics/checkers/DisabledNativeTargetsChecker
instanceKlass org/jetbrains/kotlin/gradle/plugin/diagnostics/checkers/DisabledCinteropCommonizationInHmppProjectChecker
instanceKlass org/jetbrains/kotlin/gradle/plugin/diagnostics/checkers/NoKotlinTargetsDeclaredChecker
instanceKlass org/jetbrains/kotlin/gradle/plugin/diagnostics/checkers/AndroidPluginWithoutAndroidTargetChecker
instanceKlass org/jetbrains/kotlin/gradle/plugin/diagnostics/checkers/AndroidSourceSetLayoutV1SourceSetsNotFoundChecker
instanceKlass org/jetbrains/kotlin/gradle/plugin/diagnostics/checkers/UnusedSourceSetsChecker
instanceKlass org/jetbrains/kotlin/gradle/plugin/diagnostics/checkers/MissingNativeStdlibChecker
instanceKlass org/jetbrains/kotlin/gradle/plugin/diagnostics/checkers/DeprecatedKotlinNativeTargetsChecker
instanceKlass org/jetbrains/kotlin/gradle/plugin/diagnostics/checkers/CommonMainOrTestWithDependsOnChecker
instanceKlass org/jetbrains/kotlin/gradle/plugin/diagnostics/KotlinGradleProjectChecker$Companion
instanceKlass org/jetbrains/kotlin/gradle/plugin/diagnostics/KotlinGradleProjectChecker
instanceKlass org/jetbrains/kotlin/gradle/artifacts/KotlinNativeHostSpecificMetadataArtifactKt$KotlinNativeHostSpecificMetadataArtifact$1
instanceKlass org/jetbrains/kotlin/gradle/artifacts/KotlinNativeHostSpecificMetadataArtifactKt
instanceKlass org/jetbrains/kotlin/gradle/artifacts/KotlinNativeKlibArtifactKt$KotlinNativeKlibArtifact$1
instanceKlass org/jetbrains/kotlin/gradle/artifacts/KotlinNativeKlibArtifactKt
instanceKlass org/jetbrains/kotlin/gradle/artifacts/KotlinJsKlibArtifactKt$KotlinJsKlibArtifact$1
instanceKlass org/jetbrains/kotlin/gradle/artifacts/KotlinJsKlibArtifactKt
instanceKlass org/jetbrains/kotlin/gradle/artifacts/KotlinJvmJarArtifactKt$KotlinJvmJarArtifact$1
instanceKlass org/jetbrains/kotlin/gradle/artifacts/KotlinJvmJarArtifactKt
instanceKlass org/jetbrains/kotlin/gradle/artifacts/KotlinLegacyMetadataArtifactKt$KotlinLegacyMetadataArtifact$1
instanceKlass org/jetbrains/kotlin/gradle/artifacts/KotlinLegacyMetadataArtifactKt
instanceKlass org/jetbrains/kotlin/gradle/artifacts/KotlinLegacyCompatibilityMetadataArtifactKt$KotlinLegacyCompatibilityMetadataArtifact$1
instanceKlass org/jetbrains/kotlin/gradle/artifacts/KotlinLegacyCompatibilityMetadataArtifactKt
instanceKlass org/jetbrains/kotlin/gradle/artifacts/KotlinMetadataArtifactKt$KotlinMetadataArtifact$1
instanceKlass org/jetbrains/kotlin/gradle/artifacts/KotlinMetadataArtifactKt
instanceKlass org/jetbrains/kotlin/gradle/artifacts/KotlinTargetArtifact$Companion
instanceKlass org/jetbrains/kotlin/gradle/artifacts/KotlinTargetArtifact
instanceKlass org/jetbrains/kotlin/gradle/targets/jvm/KotlinJvmCompilationWireJavaSourcesSideEffectKt$KotlinJvmCompilationWireJavaSourcesSideEffect$1
instanceKlass org/jetbrains/kotlin/gradle/targets/jvm/KotlinJvmCompilationWireJavaSourcesSideEffectKt
instanceKlass org/jetbrains/kotlin/gradle/plugin/mpp/compilationImpl/KotlinCreateCompilationArchiveTaskKt$KotlinCreateCompilationArchivesTask$1
instanceKlass org/jetbrains/kotlin/gradle/plugin/mpp/compilationImpl/KotlinCreateCompilationArchiveTaskKt$KotlinRegisterCompilationArchiveTasksExtension$1
instanceKlass org/jetbrains/kotlin/gradle/plugin/mpp/compilationImpl/KotlinCreateCompilationArchiveTaskKt
instanceKlass org/jetbrains/kotlin/gradle/plugin/mpp/compilationImpl/CreateCInteropTasksSideEffectKt$special$$inlined$KotlinCompilationSideEffect$1
instanceKlass org/jetbrains/kotlin/gradle/plugin/mpp/compilationImpl/CreateCInteropTasksSideEffectKt
instanceKlass org/jetbrains/kotlin/gradle/plugin/mpp/compilationImpl/KotlinCompilationProcessorSideEffectKt$KotlinCompilationProcessorSideEffect$1
instanceKlass org/jetbrains/kotlin/gradle/plugin/mpp/compilationImpl/KotlinCompilationProcessorSideEffectKt
instanceKlass org/jetbrains/kotlin/gradle/plugin/mpp/compilationImpl/KotlinCreateNativeCompileTasksSideEffectKt$special$$inlined$KotlinCompilationSideEffect$1
instanceKlass org/jetbrains/kotlin/gradle/plugin/mpp/compilationImpl/KotlinCreateNativeCompileTasksSideEffectKt
instanceKlass org/jetbrains/kotlin/gradle/plugin/mpp/compilationImpl/KotlinCreateLifecycleTasksSideEffectKt$KotlinCreateLifecycleTasksSideEffect$1
instanceKlass org/jetbrains/kotlin/gradle/plugin/mpp/compilationImpl/KotlinCreateLifecycleTasksSideEffectKt
instanceKlass org/jetbrains/kotlin/gradle/plugin/mpp/compilationImpl/KotlinCreateResourcesTaskSideEffectKt$KotlinCreateResourcesTaskSideEffect$1
instanceKlass org/jetbrains/kotlin/gradle/plugin/mpp/compilationImpl/KotlinCreateResourcesTaskSideEffectKt
instanceKlass org/jetbrains/kotlin/gradle/plugin/mpp/compilationImpl/KotlinCreateSourcesJarTaskSideEffectKt$KotlinCreateSourcesJarTaskSideEffect$1
instanceKlass org/jetbrains/kotlin/gradle/plugin/mpp/compilationImpl/KotlinCreateSourcesJarTaskSideEffectKt
instanceKlass org/jetbrains/kotlin/gradle/plugin/mpp/compilationImpl/KotlinCompilationSideEffect$Companion
instanceKlass org/jetbrains/kotlin/gradle/plugin/mpp/compilationImpl/KotlinCompilationSideEffect
instanceKlass org/jetbrains/kotlin/gradle/targets/ConfigureNonPackedKlibConsumingSideEffectKt$ConfigureNonPackedKlibConsumingSideEffect$1
instanceKlass org/jetbrains/kotlin/gradle/targets/ConfigureNonPackedKlibConsumingSideEffectKt
instanceKlass org/jetbrains/kotlin/gradle/targets/CreateNonPackedKlibVariantsSideEffectKt$CreateNonPackedKlibVariantsSideEffect$1
instanceKlass org/jetbrains/kotlin/gradle/targets/CreateNonPackedKlibVariantsSideEffectKt
instanceKlass org/jetbrains/kotlin/gradle/targets/jvm/KotlinJvmTargetTestFixturesSideEffectKt$ConfigureJavaTestFixturesSideEffect$1
instanceKlass org/jetbrains/kotlin/gradle/targets/jvm/KotlinJvmTargetTestFixturesSideEffectKt
instanceKlass org/jetbrains/kotlin/gradle/targets/native/SetupEmbedAndSignAppleFrameworkTaskSideEffectKt$special$$inlined$KotlinTargetSideEffect$1
instanceKlass org/jetbrains/kotlin/gradle/targets/native/SetupEmbedAndSignAppleFrameworkTaskSideEffectKt
instanceKlass org/jetbrains/kotlin/gradle/targets/native/internal/CInteropConfigurationsKt$special$$inlined$KotlinTargetSideEffect$2
instanceKlass org/jetbrains/kotlin/gradle/targets/native/internal/CInteropConfigurationsKt$special$$inlined$KotlinTargetSideEffect$1
instanceKlass org/jetbrains/kotlin/gradle/targets/native/internal/CInteropConfigurationsKt
instanceKlass org/jetbrains/kotlin/gradle/targets/native/ConfigureFrameworkExportSideEffectKt$special$$inlined$KotlinTargetSideEffect$1
instanceKlass org/jetbrains/kotlin/gradle/targets/native/ConfigureFrameworkExportSideEffectKt
instanceKlass org/jetbrains/kotlin/gradle/targets/CreateDefaultTestRunSideEffectKt$special$$inlined$KotlinTargetSideEffect$1
instanceKlass org/jetbrains/kotlin/gradle/targets/CreateDefaultTestRunSideEffectKt
instanceKlass org/jetbrains/kotlin/gradle/targets/native/KotilnNativeConfigureBinariesSideEffectKt$special$$inlined$KotlinTargetSideEffect$1
instanceKlass org/jetbrains/kotlin/gradle/targets/native/KotilnNativeConfigureBinariesSideEffectKt
instanceKlass org/jetbrains/kotlin/gradle/targets/ConfigureBuildSideEffectKt$ConfigureBuildSideEffect$1
instanceKlass org/jetbrains/kotlin/gradle/targets/ConfigureBuildSideEffectKt
instanceKlass org/jetbrains/kotlin/gradle/targets/CreateArtifactsSideEffectKt$CreateArtifactsSideEffect$1
instanceKlass org/jetbrains/kotlin/gradle/targets/CreateArtifactsSideEffectKt
instanceKlass org/jetbrains/kotlin/gradle/targets/NativeForwardImplementationToApiElementsSideEffectKt$special$$inlined$KotlinTargetSideEffect$1
instanceKlass org/jetbrains/kotlin/gradle/targets/NativeForwardImplementationToApiElementsSideEffectKt
instanceKlass org/jetbrains/kotlin/gradle/targets/CreateTargetConfigurationsSideEffectKt$CreateTargetConfigurationsSideEffect$1
instanceKlass org/jetbrains/kotlin/gradle/targets/CreateTargetConfigurationsSideEffectKt
instanceKlass org/jetbrains/kotlin/gradle/targets/CreateDefaultCompilationsSideEffectKt$CreateDefaultCompilationsSideEffect$1
instanceKlass org/jetbrains/kotlin/gradle/targets/CreateDefaultCompilationsSideEffectKt
instanceKlass org/jetbrains/kotlin/gradle/targets/KotlinTargetSideEffect$Companion
instanceKlass org/jetbrains/kotlin/gradle/targets/KotlinTargetSideEffect
instanceKlass org/jetbrains/kotlin/gradle/dsl/KotlinMultiplatformSourceSetConventions
instanceKlass org/jetbrains/kotlin/gradle/dsl/KotlinHierarchyDsl
instanceKlass org/jetbrains/kotlin/gradle/dsl/KotlinTargetContainerWithNativeShortcuts
instanceKlass org/jetbrains/kotlin/gradle/dsl/KotlinTargetContainerWithWasmPresetFunctions
instanceKlass org/jetbrains/kotlin/gradle/dsl/KotlinTargetContainerWithJsPresetFunctions
instanceKlass org/jetbrains/kotlin/gradle/plugin/KotlinJsCompilerTypeHolder
instanceKlass org/jetbrains/kotlin/gradle/dsl/KotlinTargetContainerWithPresetFunctions
instanceKlass org/jetbrains/kotlin/gradle/plugin/KotlinTargetsContainerWithPresets
instanceKlass org/jetbrains/kotlin/gradle/plugin/KotlinTargetsContainer
instanceKlass org/jetbrains/kotlin/gradle/scripting/internal/ScriptingGradleSubpluginKt$ScriptingGradleSubpluginSetupAction$1
instanceKlass org/jetbrains/kotlin/gradle/scripting/internal/ScriptingGradleSubpluginKt
instanceKlass org/jetbrains/kotlin/gradle/plugin/statistics/FinalizeConfigurationFusMetricActionKt
instanceKlass org/jetbrains/kotlin/gradle/targets/native/internal/SetupKotlinNativePlatformDependenciesAndStdlibKt$SetupKotlinNativePlatformDependenciesAndStdlib$1
instanceKlass org/jetbrains/kotlin/gradle/targets/native/internal/SetupKotlinNativePlatformDependenciesAndStdlibKt
instanceKlass org/jetbrains/kotlin/gradle/targets/native/internal/AddKotlinPlatformIntegersSupportLibraryKt
instanceKlass org/jetbrains/kotlin/gradle/internal/KotlinDependenciesManagementKt$CustomizeKotlinDependenciesSetupAction$1
instanceKlass org/jetbrains/kotlin/gradle/internal/KotlinDependenciesManagementKt
instanceKlass org/jetbrains/kotlin/gradle/plugin/mpp/ApplyUserDefinedAttributesKt
instanceKlass org/jetbrains/kotlin/gradle/plugin/KotlinProjectSetupActionKt$KotlinProjectSetupCoroutine$1
instanceKlass org/jetbrains/kotlin/gradle/plugin/KotlinProjectSetupActionKt
instanceKlass org/jetbrains/kotlin/gradle/plugin/mpp/SyncLanguageSettingsWithKotlinExtensionSetupActionKt
instanceKlass org/jetbrains/kotlin/gradle/plugin/diagnostics/KotlinToolingDiagnosticsSetupActionKt$KotlinToolingDiagnosticsSetupAction$1
instanceKlass org/jetbrains/kotlin/gradle/plugin/diagnostics/KotlinToolingDiagnosticsSetupActionKt
instanceKlass org/jetbrains/kotlin/gradle/tooling/BuildKotlinToolingMetadataTaskKt$RegisterBuildKotlinToolingMetadataTask$1
instanceKlass org/jetbrains/kotlin/gradle/tooling/BuildKotlinToolingMetadataTaskKt
instanceKlass org/jetbrains/kotlin/gradle/targets/js/npm/NpmDependencyExtensionKt$AddNpmDependencyExtensionProjectSetupAction$1
instanceKlass org/jetbrains/kotlin/gradle/targets/js/npm/NpmDependencyExtensionKt
instanceKlass kotlin/reflect/jvm/internal/KProperty2Impl$$Lambda$1
instanceKlass kotlin/reflect/jvm/internal/KProperty2Impl$$Lambda$0
instanceKlass org/jetbrains/kotlin/gradle/plugin/KotlinGradlePluginExtensionPointInternal
instanceKlass org/jetbrains/kotlin/gradle/plugin/KotlinGradlePluginExtensionPoint
instanceKlass org/jetbrains/kotlin/gradle/plugin/KotlinGradlePluginExtensionPointInternalKt
instanceKlass org/jetbrains/kotlin/gradle/plugin/KotlinProjectSetupAction$Companion
instanceKlass org/jetbrains/kotlin/gradle/plugin/KotlinProjectSetupAction
instanceKlass org/jetbrains/kotlin/gradle/plugin/RegisterKotlinPluginExtensionsKt
instanceKlass org/gradle/api/internal/plugins/DefaultPluginManager$2
instanceKlass org/jetbrains/kotlin/gradle/utils/WhenPluginEnabledKt$whenPluginsEnabled$1
instanceKlass kotlin/jvm/internal/Ref$BooleanRef
instanceKlass org/jetbrains/kotlin/gradle/utils/WhenPluginEnabledKt
instanceKlass org/jetbrains/kotlin/gradle/plugin/ProjectLocalConfigurations$ProjectLocalDisambiguation
instanceKlass org/jetbrains/kotlin/gradle/plugin/ProjectLocalConfigurations$ProjectLocalCompatibility
instanceKlass org/jetbrains/kotlin/gradle/plugin/ProjectLocalConfigurations$setupAttributesMatchingStrategy$1$1
instanceKlass org/jetbrains/kotlin/gradle/plugin/ProjectLocalConfigurations
instanceKlass org/jetbrains/kotlin/gradle/plugin/mpp/KotlinUsages$KotlinMetadataDisambiguation
instanceKlass org/jetbrains/kotlin/gradle/plugin/mpp/KotlinUsages$KotlinMetadataCompatibility
instanceKlass org/jetbrains/kotlin/gradle/plugin/mpp/KotlinUsages$KotlinCinteropDisambiguation
instanceKlass org/jetbrains/kotlin/gradle/plugin/mpp/KotlinUsages$KotlinCinteropCompatibility
instanceKlass org/jetbrains/kotlin/gradle/plugin/mpp/KotlinUsages$KotlinUsagesDisambiguation
instanceKlass org/jetbrains/kotlin/gradle/plugin/mpp/KotlinUsages$KotlinJavaRuntimeJarsCompatibility
instanceKlass org/jetbrains/kotlin/gradle/plugin/mpp/KotlinUsages$setupAttributesMatchingStrategy$1
instanceKlass org/jetbrains/kotlin/gradle/plugin/mpp/resources/resolve/KotlinTargetResourcesResolutionStrategy$Companion
instanceKlass org/jetbrains/kotlin/gradle/plugin/mpp/KotlinUsages
instanceKlass org/jetbrains/kotlin/gradle/plugin/KotlinPlatformType$DisambiguationRule
instanceKlass org/jetbrains/kotlin/gradle/plugin/KotlinPlatformType$CompatibilityRule
instanceKlass org/jetbrains/kotlin/gradle/plugin/KotlinPlatformType$Companion
instanceKlass org/jetbrains/kotlin/tooling/core/ExtrasPropertyKt$extrasLazyProperty$1
instanceKlass org/jetbrains/kotlin/tooling/core/ExtrasLazyProperty
instanceKlass org/jetbrains/kotlin/tooling/core/ExtrasProperty
instanceKlass org/jetbrains/kotlin/tooling/core/ExtrasPropertyKt
instanceKlass org/jetbrains/kotlin/tooling/core/TypeUtils$WhenMappings
instanceKlass kotlin/reflect/jvm/internal/KTypeImpl$WhenMappings
instanceKlass kotlin/reflect/jvm/internal/KTypeImpl$$Lambda$2
instanceKlass kotlin/reflect/jvm/internal/impl/types/KotlinTypeFactory$$Lambda$0
instanceKlass kotlin/reflect/jvm/internal/impl/resolve/scopes/SubstitutingScope$$Lambda$1
instanceKlass kotlin/reflect/jvm/internal/impl/resolve/calls/inference/CapturedTypeConstructorKt
instanceKlass kotlin/reflect/jvm/internal/impl/resolve/scopes/SubstitutingScope$$Lambda$0
instanceKlass kotlin/reflect/jvm/internal/impl/resolve/scopes/SubstitutingScope
instanceKlass kotlin/reflect/jvm/internal/impl/types/TypeSubstitutor
instanceKlass kotlin/reflect/jvm/internal/impl/types/model/TypeSubstitutorMarker
instanceKlass kotlin/reflect/jvm/internal/impl/descriptors/impl/ModuleAwareClassDescriptorKt
instanceKlass kotlin/reflect/jvm/internal/impl/types/TypeConstructorSubstitution$Companion
instanceKlass kotlin/reflect/jvm/internal/impl/types/TypeSubstitution$Companion
instanceKlass kotlin/reflect/jvm/internal/impl/types/TypeSubstitution
instanceKlass kotlin/reflect/jvm/internal/impl/types/TypeProjectionBase
instanceKlass kotlin/reflect/full/KClassifiers$WhenMappings
instanceKlass kotlin/reflect/jvm/internal/impl/serialization/deserialization/descriptors/DeserializedTypeParameterDescriptor$$Lambda$0
instanceKlass kotlin/reflect/jvm/internal/impl/descriptors/impl/AbstractTypeParameterDescriptor$2
instanceKlass kotlin/reflect/jvm/internal/impl/descriptors/impl/AbstractTypeParameterDescriptor$1
instanceKlass kotlin/reflect/jvm/internal/impl/types/KotlinTypeKt
instanceKlass kotlin/reflect/jvm/internal/impl/serialization/deserialization/DeserializedPackageFragmentImpl$$Lambda$1
instanceKlass kotlin/Triple
instanceKlass kotlin/reflect/jvm/internal/impl/metadata/deserialization/NameResolverImpl$WhenMappings
instanceKlass kotlin/reflect/jvm/internal/impl/protobuf/Utf8
instanceKlass kotlin/reflect/jvm/internal/impl/serialization/deserialization/DeserializedPackageFragmentImpl$$Lambda$0
instanceKlass kotlin/reflect/jvm/internal/impl/serialization/deserialization/ProtoBasedClassDataFinder
instanceKlass kotlin/reflect/jvm/internal/impl/metadata/deserialization/NameResolverImpl
instanceKlass kotlin/reflect/jvm/internal/impl/metadata/ProtoBuf$Annotation$ArgumentOrBuilder
instanceKlass kotlin/reflect/jvm/internal/impl/metadata/ProtoBuf$QualifiedNameTable$QualifiedName$Kind$1
instanceKlass kotlin/reflect/jvm/internal/impl/metadata/ProtoBuf$QualifiedNameTable$QualifiedNameOrBuilder
instanceKlass kotlin/reflect/jvm/internal/impl/metadata/ProtoBuf$QualifiedNameTableOrBuilder
instanceKlass kotlin/reflect/jvm/internal/impl/protobuf/LazyStringList
instanceKlass kotlin/reflect/jvm/internal/impl/protobuf/ProtocolStringList
instanceKlass kotlin/reflect/jvm/internal/impl/metadata/ProtoBuf$StringTableOrBuilder
instanceKlass kotlin/reflect/jvm/internal/impl/metadata/ProtoBuf$PackageFragmentOrBuilder
instanceKlass kotlin/collections/IntIterator
instanceKlass kotlin/internal/ProgressionUtilKt
instanceKlass kotlin/ranges/IntRange$Companion
instanceKlass kotlin/ranges/IntProgression$Companion
instanceKlass kotlin/ranges/IntProgression
instanceKlass kotlin/ranges/OpenEndRange
instanceKlass kotlin/ranges/ClosedRange
instanceKlass kotlin/reflect/jvm/internal/impl/metadata/builtins/BuiltInsBinaryVersion$Companion
instanceKlass kotlin/reflect/jvm/internal/impl/metadata/builtins/ReadPackageFragmentKt
instanceKlass kotlin/reflect/jvm/internal/impl/serialization/deserialization/builtins/BuiltInsPackageFragmentImpl$Companion
instanceKlass kotlin/reflect/jvm/internal/impl/builtins/BuiltInsPackageFragment
instanceKlass kotlin/reflect/KTypeProjection$Companion
instanceKlass kotlin/reflect/KTypeProjection
instanceKlass org/jetbrains/kotlin/gradle/targets/metadata/KotlinMetadataTargetConfiguratorKt
instanceKlass org/jetbrains/kotlin/gradle/tasks/KotlinTasksProvider
instanceKlass org/jetbrains/kotlin/gradle/plugin/KotlinJvmPlugin$Companion
instanceKlass org/jetbrains/kotlin/gradle/plugin/AbstractKotlinPlugin$Companion
instanceKlass org/jetbrains/kotlin/gradle/plugin/AbstractKotlinPlugin
instanceKlass org/jetbrains/kotlin/gradle/testing/internal/KotlinTestsRegistry$Companion
instanceKlass org/jetbrains/kotlin/gradle/dsl/KotlinJvmPublishingDsl
instanceKlass org/jetbrains/kotlin/gradle/utils/ProviderApiUtilsKt$mapOrNull$1
instanceKlass org/jetbrains/kotlin/gradle/dsl/JvmTarget$Companion
instanceKlass org/gradle/api/internal/provider/Collectors$ElementsFromCollection
instanceKlass org/jetbrains/kotlin/gradle/dsl/KotlinCommonCompilerToolOptionsDefault
instanceKlass org/jetbrains/kotlin/gradle/utils/CompilerOptionsKt
instanceKlass org/jetbrains/kotlin/gradle/utils/Completable
instanceKlass org/jetbrains/kotlin/gradle/utils/FutureImpl
instanceKlass org/jetbrains/kotlin/gradle/utils/FutureKt
instanceKlass org/jetbrains/kotlin/gradle/utils/ProviderApiUtilsKt
instanceKlass org/gradle/api/plugins/JavaBasePlugin
instanceKlass org/jetbrains/kotlin/gradle/dsl/DefaultToolchainSupport$wireToolchainToTasks$1
instanceKlass org/jetbrains/kotlin/gradle/dsl/DefaultToolchainSupport
instanceKlass org/jetbrains/kotlin/gradle/dsl/ToolchainSupport$Companion
instanceKlass org/gradle/api/reflect/TypeOf$3
instanceKlass org/jetbrains/kotlin/gradle/plugin/sources/KotlinSourceSetFactory$Companion
instanceKlass org/jetbrains/kotlin/gradle/plugin/sources/KotlinSourceSetFactory
instanceKlass org/jetbrains/kotlin/tooling/core/MutableExtrasImpl$Companion
instanceKlass org/jetbrains/kotlin/tooling/core/AbstractExtras
instanceKlass org/jetbrains/kotlin/tooling/core/ExtrasUtilsKt
instanceKlass org/jetbrains/kotlin/buildtools/api/ExperimentalBuildToolsApi
instanceKlass org/jetbrains/kotlin/gradle/ExperimentalKotlinGradlePluginApi
instanceKlass org/jetbrains/kotlin/gradle/dsl/KotlinGradlePluginDsl
instanceKlass org/jetbrains/kotlin/gradle/dsl/KotlinGradlePluginPublicDsl
instanceKlass org/jetbrains/kotlin/gradle/dsl/KotlinJvmOptions
instanceKlass org/jetbrains/kotlin/gradle/dsl/KotlinCommonOptions
instanceKlass org/jetbrains/kotlin/gradle/dsl/KotlinCommonToolOptions
instanceKlass org/jetbrains/kotlin/gradle/plugin/KotlinSourceSet
instanceKlass org/jetbrains/kotlin/gradle/plugin/HasKotlinDependencies
instanceKlass org/jetbrains/kotlin/gradle/dsl/ToolchainSupport
instanceKlass org/jetbrains/kotlin/tooling/core/MutableExtras
instanceKlass org/jetbrains/kotlin/tooling/core/Extras
instanceKlass org/jetbrains/kotlin/gradle/utils/CompletableFuture
instanceKlass org/jetbrains/kotlin/gradle/utils/Future
instanceKlass org/jetbrains/kotlin/gradle/plugin/KotlinPublishing
instanceKlass org/jetbrains/kotlin/gradle/dsl/KotlinJvmCompilerOptions
instanceKlass org/jetbrains/kotlin/gradle/dsl/KotlinCommonCompilerOptions
instanceKlass org/jetbrains/kotlin/gradle/dsl/KotlinCommonCompilerToolOptions
instanceKlass org/jetbrains/kotlin/gradle/plugin/mpp/AbstractKotlinTarget
instanceKlass org/jetbrains/kotlin/gradle/plugin/mpp/InternalKotlinTarget
instanceKlass org/jetbrains/kotlin/gradle/plugin/KotlinTarget
instanceKlass org/jetbrains/kotlin/gradle/dsl/KotlinProjectExtensionKt
instanceKlass org/jetbrains/kotlin/gradle/plugin/mpp/apple/swiftexport/internal/SwiftExportInitKt
instanceKlass org/jetbrains/kotlin/compilerRunner/GradleCliCommonizerKt$maybeCreateCommonizerClasspathConfiguration$1$1
instanceKlass org/jetbrains/kotlin/gradle/plugin/KotlinTargetConfiguratorKt
instanceKlass org/jetbrains/kotlin/compilerRunner/GradleCliCommonizerKt
instanceKlass org/jetbrains/kotlin/gradle/targets/native/toolchain/KotlinNativeBundleBuildService$Companion$registerIfAbsent$2$1$1
instanceKlass org/jetbrains/kotlin/gradle/targets/native/toolchain/UsesKotlinNativeBundleBuildService
instanceKlass org/jetbrains/kotlin/gradle/targets/native/toolchain/KotlinNativeBundleBuildService$Parameters_Decorated
instanceKlass org/jetbrains/kotlin/gradle/targets/native/toolchain/KotlinNativeBundleBuildService$Parameters
instanceKlass org/jetbrains/kotlin/gradle/targets/native/toolchain/KotlinNativeBundleBuildService$Companion$registerIfAbsent$1
instanceKlass org/jetbrains/kotlin/gradle/utils/GradleUtilsKt$registerClassLoaderScopedBuildService$1
instanceKlass org/jetbrains/kotlin/gradle/targets/native/internal/PlatformLibrariesGenerator$GeneratedPlatformLibrariesService
instanceKlass org/jetbrains/kotlin/gradle/targets/native/internal/PlatformLibrariesGenerator$Companion
instanceKlass org/jetbrains/kotlin/gradle/targets/native/internal/PlatformLibrariesGenerator
instanceKlass org/jetbrains/kotlin/gradle/targets/native/KonanPropertiesBuildService$Companion$registerIfAbsent$2$1$1
instanceKlass org/jetbrains/kotlin/gradle/targets/native/UsesKonanPropertiesBuildService
instanceKlass org/gradle/api/internal/file/DefaultFilePropertyFactory$AbstractFileVar$1
instanceKlass org/jetbrains/kotlin/gradle/internal/properties/NativePropertiesLoader$nativeCacheKind$1
instanceKlass org/jetbrains/kotlin/gradle/internal/properties/NativePropertiesLoader$shouldUseEmbeddableCompilerJar$1
instanceKlass org/jetbrains/kotlin/gradle/internal/properties/NativePropertiesLoader$actualNativeHomeDirectory$3
instanceKlass org/jetbrains/kotlin/gradle/internal/properties/NativePropertiesLoader$actualNativeHomeDirectory$2
instanceKlass org/jetbrains/kotlin/gradle/internal/properties/NativePropertiesLoader$actualNativeHomeDirectory$1
instanceKlass org/jetbrains/kotlin/gradle/internal/properties/NativePropertiesLoader$userProvidedNativeHome$1
instanceKlass org/jetbrains/kotlin/gradle/internal/properties/NativePropertiesLoader$isToolchainEnabled$1
instanceKlass org/jetbrains/kotlin/gradle/internal/properties/NativePropertiesLoader$downloadFromMaven$1
instanceKlass org/jetbrains/kotlin/gradle/internal/properties/NativePropertiesLoader$konanDataDirProperty$1
instanceKlass org/jetbrains/kotlin/gradle/internal/properties/NativePropertiesLoader$forceDisableRunningInProcess$1
instanceKlass org/jetbrains/kotlin/gradle/internal/properties/NativePropertiesLoader$jvmArgs$1
instanceKlass org/jetbrains/kotlin/gradle/internal/properties/NativePropertiesLoader$kotlinNativeVersion$1
instanceKlass org/jetbrains/kotlin/gradle/internal/properties/NativePropertiesLoader$isUseXcodeMessageStyleEnabled$1
instanceKlass org/jetbrains/kotlin/gradle/internal/properties/PropertiesBuildServiceKt
instanceKlass org/jetbrains/kotlin/gradle/internal/properties/PropertiesBuildService$NullableStringGradleProperty
instanceKlass org/jetbrains/kotlin/gradle/internal/properties/NativePropertiesLoader$Companion
instanceKlass org/jetbrains/kotlin/gradle/internal/properties/NativePropertiesLoader
instanceKlass org/jetbrains/kotlin/gradle/internal/properties/NativeProperties
instanceKlass org/jetbrains/kotlin/gradle/internal/properties/NativePropertiesKt
instanceKlass org/jetbrains/kotlin/gradle/targets/native/KonanPropertiesBuildService$Parameters_Decorated
instanceKlass org/jetbrains/kotlin/gradle/targets/native/KonanPropertiesBuildService$Parameters
instanceKlass org/jetbrains/kotlin/gradle/targets/native/KonanPropertiesBuildService$Companion$registerIfAbsent$1
instanceKlass org/jetbrains/kotlin/gradle/targets/native/KonanPropertiesBuildService$Companion
instanceKlass org/jetbrains/kotlin/gradle/targets/native/KonanPropertiesBuildService
instanceKlass org/jetbrains/kotlin/gradle/internal/ClassLoadersCachingBuildService$Companion$registerIfAbsent$2$1$1
instanceKlass org/jetbrains/kotlin/gradle/internal/UsesClassLoadersCachingBuildService
instanceKlass org/jetbrains/kotlin/gradle/plugin/PropertiesProvider$classLoaderCacheTimeoutInSeconds$1
instanceKlass org/jetbrains/kotlin/gradle/internal/ClassLoadersCachingBuildService$Parameters_Decorated
instanceKlass org/jetbrains/kotlin/gradle/internal/ClassLoadersCachingBuildService$Parameters
instanceKlass org/jetbrains/kotlin/gradle/internal/ClassLoadersCachingBuildService$Companion$registerIfAbsent$1
instanceKlass org/jetbrains/kotlin/gradle/internal/ClassLoadersCachingBuildService$Companion
instanceKlass org/jetbrains/kotlin/gradle/internal/ClassLoadersCachingBuildService
instanceKlass org/jetbrains/kotlin/gradle/targets/native/toolchain/KotlinNativeBundleBuildService$Companion
instanceKlass org/jetbrains/kotlin/gradle/targets/native/toolchain/KotlinNativeBundleBuildService
instanceKlass org/jetbrains/kotlin/gradle/report/BuildMetricsService$Companion
instanceKlass org/jetbrains/kotlin/gradle/report/BuildMetricsService
instanceKlass org/jetbrains/kotlin/gradle/plugin/KotlinGradleBuildServices$detectKotlinPluginLoadedInMultipleProjects$onRegister$1$1
instanceKlass org/jetbrains/kotlin/gradle/plugin/KotlinGradleFinishBuildHandler$Companion
instanceKlass org/jetbrains/kotlin/gradle/plugin/KotlinGradleFinishBuildHandler
instanceKlass org/jetbrains/kotlin/gradle/plugin/KotlinPluginInMultipleProjectsHolder
instanceKlass org/jetbrains/kotlin/gradle/plugin/KotlinGradleBuildServices$Parameters$Inject_
instanceKlass org/jetbrains/kotlin/gradle/utils/PersistentCachesKt
instanceKlass org/jetbrains/kotlin/gradle/plugin/KotlinGradleBuildServices$Parameters_Decorated
instanceKlass org/jetbrains/kotlin/gradle/plugin/KotlinGradleBuildServices$Parameters
instanceKlass org/jetbrains/kotlin/gradle/plugin/KotlinGradleBuildServices$Companion$registerIfAbsent$1
instanceKlass org/jetbrains/kotlin/gradle/plugin/KotlinGradleBuildServices$Companion
instanceKlass org/jetbrains/kotlin/gradle/plugin/KotlinGradleBuildServices
instanceKlass org/jetbrains/kotlin/gradle/utils/GradleAttributesContainerUtilsKt
instanceKlass org/jetbrains/kotlin/gradle/utils/GradleConfigurationUtilsKt$addGradlePluginMetadataAttributes$1
instanceKlass org/jetbrains/kotlin/gradle/utils/GradleConfigurationUtilsKt
instanceKlass org/jetbrains/kotlin/gradle/plugin/DefaultKotlinBasePlugin$addKotlinCompilerConfiguration$3
instanceKlass org/jetbrains/kotlin/gradle/internal/tasks/TaskWithLocalState
instanceKlass org/jetbrains/kotlin/gradle/internal/CompilerArgumentAware
instanceKlass org/jetbrains/kotlin/gradle/plugin/KotlinCompilerArgumentsProducer
instanceKlass org/jetbrains/kotlin/gradle/tasks/KotlinCompileTool
instanceKlass org/jetbrains/kotlin/gradle/plugin/DefaultKotlinBasePlugin$addKotlinCompilerConfiguration$2$1
instanceKlass org/jetbrains/kotlin/gradle/plugin/DefaultKotlinBasePlugin$addKotlinCompilerConfiguration$1
instanceKlass org/jetbrains/kotlin/gradle/utils/ConfigurationsKt$sam$org_gradle_api_Action$0
instanceKlass org/jetbrains/kotlin/gradle/utils/ConfigurationsKt
instanceKlass org/jetbrains/kotlin/gradle/plugin/DefaultKotlinBasePlugin$apply$1
instanceKlass org/jetbrains/kotlin/gradle/plugin/statistics/BuildFusService$Companion$registerIfAbsent$1$1$1
instanceKlass org/jetbrains/kotlin/gradle/plugin/statistics/UsesBuildFusService
instanceKlass org/gradle/workers/internal/ExecuteWorkItemBuildOperationType$Details
instanceKlass org/gradle/api/internal/artifacts/transform/ExecutePlannedTransformStepBuildOperationDetails
instanceKlass org/gradle/operations/dependencies/transforms/ExecutePlannedTransformStepBuildOperationType$Details
instanceKlass org/gradle/api/internal/tasks/testing/operations/ExecuteTestBuildOperationType$Details
instanceKlass org/gradle/internal/resource/ExternalResourceReadBuildOperationType$Details
instanceKlass org/gradle/tooling/internal/provider/runner/ClientBuildEventGenerator$Mapper
instanceKlass org/gradle/tooling/internal/provider/runner/ClientBuildEventGenerator$Operation
instanceKlass org/gradle/tooling/internal/provider/runner/ClientBuildEventGenerator
instanceKlass org/gradle/tooling/internal/protocol/events/InternalWorkItemDescriptor
instanceKlass org/gradle/tooling/internal/provider/runner/WorkItemOperationMapper
instanceKlass org/gradle/tooling/internal/protocol/events/InternalProjectConfigurationDescriptor
instanceKlass org/gradle/tooling/internal/protocol/events/InternalProjectConfigurationResult
instanceKlass org/gradle/tooling/internal/provider/runner/ProjectConfigurationOperationMapper
instanceKlass org/gradle/tooling/internal/protocol/events/InternalTestFailureResult
instanceKlass org/gradle/tooling/internal/protocol/events/InternalTestSkippedResult
instanceKlass org/gradle/tooling/internal/protocol/events/InternalTestSuccessResult
instanceKlass org/gradle/tooling/internal/protocol/events/InternalTestResult
instanceKlass org/gradle/tooling/internal/provider/runner/TestOperationMapper
instanceKlass org/gradle/tooling/internal/protocol/events/InternalNotFoundFileDownloadResult
instanceKlass org/gradle/tooling/internal/protocol/events/InternalFileDownloadResult
instanceKlass org/gradle/tooling/internal/protocol/events/InternalFileDownloadDescriptor
instanceKlass org/gradle/tooling/internal/provider/runner/FileDownloadOperationMapper
instanceKlass org/gradle/tooling/internal/provider/runner/TaskOperationMapper$PostProcessors
instanceKlass org/gradle/tooling/internal/protocol/events/InternalTaskFailureResult
instanceKlass org/gradle/tooling/internal/protocol/events/InternalTaskSkippedResult
instanceKlass org/gradle/tooling/internal/provider/runner/TaskOperationMapper
instanceKlass org/gradle/tooling/internal/protocol/events/InternalTaskCachedResult
instanceKlass org/gradle/tooling/internal/protocol/events/InternalTaskSuccessResult
instanceKlass org/gradle/tooling/internal/protocol/events/InternalJavaCompileTaskOperationResult
instanceKlass org/gradle/tooling/internal/protocol/events/InternalIncrementalTaskResult
instanceKlass org/gradle/tooling/internal/protocol/events/InternalJavaCompileTaskOperationResult$InternalAnnotationProcessorResult
instanceKlass org/gradle/api/internal/tasks/compile/tooling/JavaCompileTaskSuccessResultPostProcessor
instanceKlass org/gradle/internal/build/event/OperationResultPostProcessor
instanceKlass org/gradle/tooling/internal/protocol/events/InternalTransformDescriptor
instanceKlass org/gradle/tooling/internal/provider/runner/TransformOperationMapper
instanceKlass org/gradle/tooling/internal/provider/runner/BuildOperationMapper
instanceKlass org/gradle/tooling/internal/provider/runner/TaskOriginTracker
instanceKlass org/gradle/tooling/internal/provider/runner/ProjectConfigurationTracker
instanceKlass org/gradle/tooling/internal/provider/runner/TaskForTestEventTracker
instanceKlass org/gradle/tooling/internal/protocol/events/InternalBinaryPluginIdentifier
instanceKlass org/gradle/tooling/internal/protocol/events/InternalScriptPluginIdentifier
instanceKlass org/gradle/tooling/internal/protocol/events/InternalPluginIdentifier
instanceKlass org/gradle/tooling/internal/provider/runner/PluginApplicationTracker
instanceKlass org/gradle/tooling/internal/provider/runner/BuildOperationTracker
instanceKlass org/gradle/tooling/internal/provider/runner/OperationDependenciesResolver
instanceKlass org/gradle/tooling/internal/protocol/events/InternalSuccessResult
instanceKlass org/gradle/tooling/internal/protocol/events/InternalFailureResult
instanceKlass org/gradle/internal/build/event/types/AbstractResult
instanceKlass org/gradle/tooling/internal/protocol/events/InternalOperationFinishedProgressEvent
instanceKlass org/gradle/tooling/internal/protocol/events/InternalRootOperationDescriptor
instanceKlass org/gradle/internal/build/event/types/DefaultOperationDescriptor
instanceKlass org/gradle/tooling/internal/protocol/events/InternalOperationDescriptor
instanceKlass org/gradle/tooling/internal/protocol/events/InternalOperationStartedProgressEvent
instanceKlass org/gradle/tooling/internal/protocol/events/InternalProgressEvent
instanceKlass org/gradle/tooling/internal/provider/runner/ClientForwardingBuildOperationListener
instanceKlass org/gradle/tooling/internal/provider/runner/ProgressEventConsumer
instanceKlass org/gradle/tooling/events/task/TaskOperationDescriptor
instanceKlass org/gradle/tooling/events/OperationDescriptor
instanceKlass org/gradle/tooling/internal/protocol/events/InternalTaskResult
instanceKlass org/gradle/tooling/internal/protocol/events/InternalOperationResult
instanceKlass org/gradle/internal/build/event/DefaultBuildEventsListenerRegistry$AbstractListener
instanceKlass org/jetbrains/kotlin/gradle/plugin/BuildEventsListenerRegistryHolder$Companion
instanceKlass org/jetbrains/kotlin/gradle/plugin/BuildEventsListenerRegistryHolder
instanceKlass org/gradle/internal/flow/services/DefaultFlowScopeRegistration
instanceKlass org/gradle/internal/flow/services/RegisteredFlowAction
instanceKlass java/util/ArrayList$SubList$2
instanceKlass org/gradle/api/internal/provider/AbstractCollectingSupplier$1
instanceKlass org/gradle/internal/flow/services/FlowParametersInstantiator$validate$3
instanceKlass org/gradle/internal/flow/services/FlowParametersInstantiator$validate$2
instanceKlass org/gradle/api/internal/provider/Collectors$ElementsFromCollectionProvider
instanceKlass org/jetbrains/kotlin/gradle/plugin/statistics/FlowActionBuildFusService$getConfigurationTimeMetrics$1
instanceKlass org/jetbrains/kotlin/gradle/fus/internal/SynchronizedConfigurationMetrics$Companion
instanceKlass org/jetbrains/kotlin/statistics/BuildSession
instanceKlass org/jetbrains/kotlin/gradle/plugin/statistics/NonSynchronizedMetricsContainer
instanceKlass org/gradle/tooling/events/FinishEvent
instanceKlass org/gradle/tooling/events/ProgressEvent
instanceKlass org/jetbrains/kotlin/gradle/fus/internal/SynchronizedConfigurationMetrics
instanceKlass org/jetbrains/kotlin/gradle/plugin/statistics/BuildFusService$Parameters$Inject_
instanceKlass java/util/HashMap$UnsafeHolder
instanceKlass org/gradle/configuration/internal/DefaultListenerBuildOperationDecorator$BuildOperationEmittingInvocationHandler
instanceKlass org/apache/commons/lang3/ClassUtils
instanceKlass org/jetbrains/kotlin/gradle/plugin/statistics/KotlinBuildStatisticsUtilsKt$collectGeneralConfigurationTimeMetrics$statisticOverhead$1$2
instanceKlass org/jetbrains/kotlin/gradle/plugin/statistics/KotlinBuildStatisticsUtilsKt
instanceKlass java/io/SerialCallbackContext
instanceKlass org/jetbrains/kotlin/gradle/plugin/StatisticsBuildFlowManager$subscribeForBuildResultAndConfigurationTimeMetrics$1$1
instanceKlass org/gradle/internal/flow/services/DefaultFlowActionSpec
instanceKlass org/gradle/api/flow/FlowActionSpec
instanceKlass org/jetbrains/kotlin/gradle/plugin/BuildFinishAndConfigurationTimeMetricsFlowAction$Parameters_Decorated
instanceKlass org/jetbrains/kotlin/gradle/plugin/BuildFinishAndConfigurationTimeMetricsFlowAction$Parameters
instanceKlass org/gradle/api/flow/FlowParameters$None
instanceKlass org/jetbrains/kotlin/gradle/plugin/StatisticsBuildFlowManager$subscribeForBuildResultAndConfigurationTimeMetrics$1
instanceKlass org/jetbrains/kotlin/gradle/plugin/BuildFinishAndConfigurationTimeMetricsFlowAction
instanceKlass org/gradle/api/flow/FlowAction
instanceKlass org/jetbrains/kotlin/gradle/internal/report/BuildScanApi
instanceKlass org/jetbrains/kotlin/gradle/plugin/StatisticsBuildFlowManager$Companion
instanceKlass org/jetbrains/kotlin/gradle/plugin/StatisticsBuildFlowManager
instanceKlass org/jetbrains/kotlin/gradle/plugin/statistics/FlowActionBuildFusService$Companion$registerIfAbsentImpl$1$1
instanceKlass org/gradle/api/internal/provider/TypeSanitizingTransformer
instanceKlass org/jetbrains/kotlin/gradle/plugin/statistics/BuildFusService$Parameters_Decorated
instanceKlass org/jetbrains/kotlin/gradle/plugin/statistics/MetricContainer
instanceKlass org/jetbrains/kotlin/gradle/plugin/statistics/BuildFusService$Parameters
instanceKlass org/jetbrains/kotlin/gradle/plugin/statistics/FlowActionBuildFusService$Companion$registerIfAbsentImpl$1
instanceKlass org/jetbrains/kotlin/gradle/plugin/statistics/FlowActionBuildFusService$Companion
instanceKlass org/jetbrains/kotlin/gradle/plugin/statistics/BuildFusService$Companion$registerIfAbsentImpl$generalConfigurationMetricsProvider$1
instanceKlass org/jetbrains/kotlin/gradle/report/ReportingSettings$Companion
instanceKlass org/jetbrains/kotlin/gradle/report/ReportingSettings
instanceKlass org/jetbrains/kotlin/gradle/report/BuildReportType$Companion
instanceKlass org/jetbrains/kotlin/gradle/report/BuildReportMode$Companion
instanceKlass org/jetbrains/kotlin/build/report/metrics/GradleBuildPerformanceMetric$Companion
instanceKlass org/jetbrains/kotlin/build/report/metrics/BuildPerformanceMetric
instanceKlass org/jetbrains/kotlin/build/report/metrics/GradleBuildTime$Companion
instanceKlass org/jetbrains/kotlin/build/report/metrics/BuildTime
instanceKlass org/jetbrains/kotlin/gradle/report/ConfigureReporingKt
instanceKlass org/jetbrains/kotlin/gradle/plugin/statistics/old/Pre232IdeaKotlinBuildStatsMXBean
instanceKlass org/jetbrains/kotlin/statistics/metrics/NumericalMetrics$Companion
instanceKlass org/jetbrains/kotlin/statistics/metrics/BooleanMetrics$Companion
instanceKlass org/jetbrains/kotlin/statistics/metrics/StringMetrics$Companion
instanceKlass org/jetbrains/kotlin/statistics/metrics/StringAnonymizationPolicy$AllowedListAnonymizer$Companion
instanceKlass org/jetbrains/kotlin/statistics/metrics/StringAnonymizationPolicy
instanceKlass org/jetbrains/kotlin/statistics/ValueAnonymizer
instanceKlass org/jetbrains/kotlin/statistics/metrics/IMetricContainerFactory
instanceKlass kotlin/text/Charsets
instanceKlass org/jetbrains/kotlin/statistics/fileloggers/MetricsContainer$Companion
instanceKlass org/jetbrains/kotlin/statistics/fileloggers/MetricsContainer
instanceKlass org/jetbrains/kotlin/statistics/BuildSessionLogger$Companion
instanceKlass org/jetbrains/kotlin/statistics/BuildSessionLogger
instanceKlass org/jetbrains/kotlin/gradle/plugin/statistics/KotlinBuildStatsConfiguration$Companion
instanceKlass org/jetbrains/kotlin/gradle/plugin/statistics/KotlinBuildStatsConfiguration
instanceKlass org/jetbrains/kotlin/gradle/plugin/statistics/KotlinBuildStatsLoggerService$Companion
instanceKlass org/jetbrains/kotlin/gradle/plugin/statistics/KotlinBuildStatsLoggerService
instanceKlass org/jetbrains/kotlin/gradle/plugin/statistics/KotlinBuildStatsMXBean
instanceKlass jdk/management/jfr/FlightRecorderMXBeanImpl$MXBeanListener
instanceKlass jdk/jfr/FlightRecorderListener
instanceKlass jdk/jfr/FlightRecorder
instanceKlass jdk/jfr/Recording
instanceKlass javax/management/NotificationFilter
instanceKlass javax/management/NotificationListener
instanceKlass javax/management/StandardMBean$MBeanInfoSafeAction
instanceKlass jdk/jfr/internal/management/StreamManager
instanceKlass jdk/management/jfr/EventTypeInfo
instanceKlass jdk/management/jfr/ConfigurationInfo
instanceKlass jdk/management/jfr/RecordingInfo
instanceKlass sun/reflect/generics/tree/LongSignature
instanceKlass jdk/management/jfr/SettingDescriptorInfo$1
instanceKlass jdk/management/jfr/SettingDescriptorInfo
instanceKlass sun/management/ManagementFactoryHelper$1
instanceKlass java/lang/management/BufferPoolMXBean
instanceKlass sun/nio/ch/FileChannelImpl$2
instanceKlass sun/nio/ch/FileChannelImpl$1
instanceKlass jdk/internal/misc/VM$BufferPoolsHolder
instanceKlass com/sun/management/VMOption
instanceKlass com/sun/management/internal/HotSpotDiagnostic
instanceKlass com/sun/management/HotSpotDiagnosticMXBean
instanceKlass com/sun/management/GcInfo
instanceKlass javax/management/openmbean/CompositeDataView
instanceKlass java/lang/StringLatin1$LinesSpliterator
instanceKlass com/sun/management/internal/DiagnosticCommandImpl$Wrapper
instanceKlass jdk/jfr/internal/dcmd/AbstractDCmd
instanceKlass com/sun/management/internal/DiagnosticCommandArgumentInfo
instanceKlass com/sun/management/internal/DiagnosticCommandInfo
instanceKlass com/sun/management/internal/DiagnosticCommandImpl$OperationInfoComparator
instanceKlass sun/management/ClassLoadingImpl
instanceKlass java/lang/management/ClassLoadingMXBean
instanceKlass javax/management/MBeanInfo$ArrayGettersSafeAction
instanceKlass javax/management/openmbean/OpenMBeanOperationInfo
instanceKlass java/util/logging/Logging
instanceKlass java/util/logging/LoggingMXBean
instanceKlass sun/management/ManagementFactoryHelper$PlatformLoggingImpl
instanceKlass java/lang/management/PlatformLoggingMXBean
instanceKlass sun/management/CompilationImpl
instanceKlass java/lang/management/CompilationMXBean
instanceKlass sun/management/VMManagementImpl$1
instanceKlass javax/management/DescriptorKey
instanceKlass sun/management/BaseOperatingSystemImpl
instanceKlass com/sun/management/OperatingSystemMXBean
instanceKlass java/lang/management/OperatingSystemMXBean
instanceKlass com/sun/jmx/mbeanserver/PerInterface$MethodAndSig
instanceKlass java/lang/management/LockInfo
instanceKlass java/lang/management/ThreadInfo
instanceKlass sun/management/ThreadImpl
instanceKlass com/sun/management/ThreadMXBean
instanceKlass java/lang/management/ThreadMXBean
instanceKlass com/sun/jmx/mbeanserver/WeakIdentityHashMap
instanceKlass com/sun/jmx/mbeanserver/MXBeanLookup
instanceKlass com/sun/jmx/mbeanserver/PerInterface$InitMaps
instanceKlass com/sun/jmx/mbeanserver/PerInterface
instanceKlass javax/management/openmbean/OpenMBeanAttributeInfo
instanceKlass javax/management/openmbean/OpenMBeanParameterInfo
instanceKlass com/sun/jmx/mbeanserver/MBeanIntrospector$MBeanInfoMaker
instanceKlass com/sun/jmx/mbeanserver/MBeanAnalyzer$MBeanVisitor
instanceKlass com/sun/jmx/mbeanserver/MBeanAnalyzer$AttrMethods
instanceKlass com/sun/jmx/mbeanserver/MXBeanMapping
instanceKlass javax/management/openmbean/TabularData
instanceKlass javax/management/openmbean/CompositeData
instanceKlass javax/management/openmbean/OpenType
instanceKlass com/sun/jmx/mbeanserver/MXBeanMappingFactory
instanceKlass com/sun/jmx/mbeanserver/ConvertingMethod
instanceKlass com/sun/jmx/mbeanserver/MBeanAnalyzer$MethodOrder
instanceKlass com/sun/jmx/mbeanserver/MBeanAnalyzer
instanceKlass com/sun/jmx/mbeanserver/MBeanIntrospector
instanceKlass javax/management/MXBean
instanceKlass com/sun/jmx/mbeanserver/MBeanSupport
instanceKlass com/sun/jmx/mbeanserver/DescriptorCache
instanceKlass javax/management/JMX
instanceKlass javax/management/StandardMBean
instanceKlass sun/management/RuntimeImpl
instanceKlass java/lang/management/RuntimeMXBean
instanceKlass com/sun/jmx/mbeanserver/JmxMBeanServer$3
instanceKlass javax/management/ObjectInstance
instanceKlass com/sun/jmx/mbeanserver/NamedObject
instanceKlass com/sun/jmx/interceptor/DefaultMBeanServerInterceptor$ResourceContext$1
instanceKlass com/sun/jmx/interceptor/DefaultMBeanServerInterceptor$ResourceContext
instanceKlass com/sun/jmx/mbeanserver/Repository$RegistrationContext
instanceKlass com/sun/jmx/mbeanserver/DynamicMBean2
instanceKlass com/sun/jmx/defaults/JmxProperties
instanceKlass com/sun/jmx/mbeanserver/Introspector
instanceKlass com/sun/jmx/mbeanserver/JmxMBeanServer$2
instanceKlass com/sun/jmx/interceptor/DefaultMBeanServerInterceptor
instanceKlass com/sun/jmx/interceptor/MBeanServerInterceptor
instanceKlass com/sun/jmx/mbeanserver/Repository
instanceKlass com/sun/jmx/mbeanserver/JmxMBeanServer$1
instanceKlass com/sun/jmx/mbeanserver/SecureClassLoaderRepository
instanceKlass com/sun/jmx/mbeanserver/MBeanInstantiator
instanceKlass com/sun/jmx/mbeanserver/ClassLoaderRepositorySupport$LoaderEntry
instanceKlass com/sun/jmx/mbeanserver/ClassLoaderRepositorySupport
instanceKlass com/sun/jmx/mbeanserver/ModifiableClassLoaderRepository
instanceKlass javax/management/loading/ClassLoaderRepository
instanceKlass javax/management/ImmutableDescriptor
instanceKlass javax/management/Descriptor
instanceKlass com/sun/jmx/remote/util/ClassLogger
instanceKlass javax/management/NotificationBroadcasterSupport$1
instanceKlass javax/management/NotificationBroadcasterSupport
instanceKlass javax/management/MBeanInfo
instanceKlass javax/management/MBeanFeatureInfo
instanceKlass javax/management/DescriptorRead
instanceKlass javax/management/MBeanServerDelegate
instanceKlass javax/management/MBeanServerDelegateMBean
instanceKlass javax/management/MBeanRegistration
instanceKlass com/sun/jmx/mbeanserver/JmxMBeanServer
instanceKlass com/sun/jmx/mbeanserver/SunJmxMBeanServer
instanceKlass javax/management/MBeanServer
instanceKlass javax/management/MBeanServerConnection
instanceKlass javax/management/MBeanServerBuilder
instanceKlass javax/management/MBeanServerFactory
instanceKlass org/jetbrains/kotlin/gradle/plugin/statistics/KotlinBuildStatsServicesRegistry$Companion
instanceKlass org/jetbrains/kotlin/gradle/plugin/statistics/KotlinBuildStatsServicesRegistry
instanceKlass org/jetbrains/kotlin/gradle/utils/ReportUtilsKt
instanceKlass org/jetbrains/kotlin/gradle/plugin/statistics/KotlinBuildStatsBeanService$Companion
instanceKlass org/jetbrains/kotlin/gradle/plugin/statistics/KotlinBuildStatsBeanService
instanceKlass org/jetbrains/kotlin/statistics/metrics/StatisticsValuesConsumer
instanceKlass org/jetbrains/kotlin/gradle/plugin/internal/DefaultConfigurationCacheStartParameterAccessor
instanceKlass org/jetbrains/kotlin/gradle/plugin/internal/ConfigurationCacheStartParameterAccessorKt
instanceKlass org/jetbrains/kotlin/gradle/plugin/internal/DefaultProjectIsolationStartParameterAccessor
instanceKlass org/jetbrains/kotlin/gradle/plugin/VariantImplementationFactories$Parameters$Inject_
instanceKlass org/jetbrains/kotlin/gradle/plugin/internal/ConfigurationCacheStartParameterAccessor
instanceKlass org/jetbrains/kotlin/gradle/plugin/internal/DefaultCompatibilityConventionRegistrar
instanceKlass org/jetbrains/kotlin/gradle/plugin/internal/CompatibilityConventionRegistrar
instanceKlass org/jetbrains/kotlin/gradle/plugin/internal/DefaultMavenPublicationComponentAccessor
instanceKlass org/jetbrains/kotlin/gradle/plugin/internal/MavenPublicationComponentAccessor
instanceKlass org/jetbrains/kotlin/gradle/plugin/internal/JavaExecTaskParametersCompatibility
instanceKlass org/jetbrains/kotlin/gradle/plugin/internal/ProjectIsolationStartParameterAccessor
instanceKlass org/gradle/internal/snapshot/impl/MapEntrySnapshot
instanceKlass org/jetbrains/kotlin/gradle/plugin/VariantImplementationFactories$Companion$getProvider$2$1$1
instanceKlass org/jetbrains/kotlin/gradle/utils/SingleAction$PerformedActions
instanceKlass org/jetbrains/kotlin/gradle/plugin/UsesVariantImplementationFactories
instanceKlass org/jetbrains/kotlin/gradle/utils/SingleAction
instanceKlass org/jetbrains/kotlin/gradle/plugin/VariantImplementationFactories$Parameters_Decorated
instanceKlass org/jetbrains/kotlin/gradle/plugin/VariantImplementationFactories$Parameters
instanceKlass org/jetbrains/kotlin/gradle/plugin/VariantImplementationFactories$Companion$getProvider$1
instanceKlass org/jetbrains/kotlin/gradle/plugin/VariantImplementationFactories$Companion
instanceKlass org/jetbrains/kotlin/gradle/plugin/VariantImplementationFactories
instanceKlass org/jetbrains/kotlin/gradle/plugin/internal/ProjectIsolationStartParameterAccessorKt
instanceKlass org/gradle/api/internal/provider/Providers$SerializableCallable
instanceKlass org/jetbrains/kotlin/gradle/plugin/GradleUtilsKt
instanceKlass org/jetbrains/kotlin/gradle/plugin/PropertiesProvider$booleanProvider$1
instanceKlass org/jetbrains/kotlin/gradle/plugin/PropertiesProvider$propertyWithDeprecatedValues$1
instanceKlass org/jetbrains/kotlin/gradle/internal/properties/PropertiesBuildService$property$1$1
instanceKlass org/jetbrains/kotlin/gradle/internal/properties/PropertiesBuildService$property$1$valueFromGradleAndLocalProperties$1
instanceKlass org/jetbrains/kotlin/gradle/internal/properties/PropertiesBuildService$MemoizedCallable
instanceKlass org/jetbrains/kotlin/gradle/internal/properties/PropertiesBuildService$property$1
instanceKlass org/jetbrains/kotlin/gradle/plugin/PropertiesProvider$PropertyNames
instanceKlass kotlin/time/DurationUnitKt__DurationUnitJvmKt
instanceKlass kotlin/time/DurationKt
instanceKlass kotlin/time/DurationJvmKt
instanceKlass kotlin/time/Duration$Companion
instanceKlass kotlin/time/Duration
instanceKlass org/jetbrains/kotlin/gradle/internal/properties/PropertiesBuildService$IntGradleProperty
instanceKlass org/jetbrains/kotlin/gradle/internal/properties/PropertiesBuildService$BooleanGradleProperty
instanceKlass org/jetbrains/kotlin/gradle/internal/properties/PropertiesBuildService$NullableBooleanGradleProperty
instanceKlass org/jetbrains/kotlin/gradle/internal/properties/PropertiesBuildService$GradleProperty
instanceKlass org/jetbrains/kotlin/gradle/internal/properties/PropertiesBuildService$Params$Inject_
instanceKlass org/gradle/api/internal/provider/MapCollectors$EntriesFromMap
instanceKlass org/gradle/internal/classpath/declarations/FileInterceptorsDeclaration
instanceKlass org/jetbrains/kotlin/gradle/plugin/internal/CustomPropertiesFileValueSource$Parameters$Inject_
instanceKlass org/gradle/api/internal/provider/MapCollectors$EntriesFromMapProvider
instanceKlass kotlin/text/CharsKt__CharJVMKt
instanceKlass org/jetbrains/kotlin/gradle/plugin/internal/CustomPropertiesFileValueSource$Parameters_Decorated
instanceKlass org/jetbrains/kotlin/gradle/plugin/internal/CustomPropertiesFileValueSource$Parameters
instanceKlass org/jetbrains/kotlin/gradle/utils/FileUtilsKt$localProperties$1
instanceKlass org/jetbrains/kotlin/gradle/plugin/internal/CustomPropertiesFileValueSource
instanceKlass org/jetbrains/kotlin/gradle/utils/FileUtilsKt
instanceKlass org/jetbrains/kotlin/gradle/internal/properties/PropertiesBuildService$Params_Decorated
instanceKlass org/jetbrains/kotlin/gradle/internal/properties/PropertiesBuildService$Params
instanceKlass org/jetbrains/kotlin/gradle/utils/GradleUtilsKt
instanceKlass org/jetbrains/kotlin/gradle/internal/properties/PropertiesBuildService$Companion$registerIfAbsent$1
instanceKlass org/jetbrains/kotlin/gradle/internal/properties/PropertiesBuildService$Companion
instanceKlass org/jetbrains/kotlin/gradle/internal/properties/PropertiesBuildService
instanceKlass org/jetbrains/kotlin/gradle/plugin/PropertiesProvider$kotlinExperimentalTryNext$1
instanceKlass org/jetbrains/kotlin/gradle/plugin/PropertiesProvider$Companion
instanceKlass org/jetbrains/kotlin/gradle/plugin/PropertiesProvider
instanceKlass org/jetbrains/kotlin/gradle/internal/IdeaKt$isInIdeaSync$1
instanceKlass org/jetbrains/kotlin/gradle/internal/IsInIdeaSyncValueSource
instanceKlass org/jetbrains/kotlin/gradle/internal/IdeaKt
instanceKlass org/jetbrains/kotlin/gradle/plugin/statistics/BuildFusServiceKt
instanceKlass org/jetbrains/kotlin/gradle/plugin/statistics/BuildFusService$Companion
instanceKlass org/jetbrains/kotlin/gradle/plugin/statistics/BuildFusService
instanceKlass org/gradle/tooling/events/OperationCompletionListener
instanceKlass org/jetbrains/kotlin/gradle/fus/BuildUidService$Companion$registerIfAbsent$1
instanceKlass org/jetbrains/kotlin/gradle/fus/BuildUidService$Companion
instanceKlass org/jetbrains/kotlin/gradle/fus/BuildUidService
instanceKlass org/jetbrains/kotlin/gradle/internal/diagnostics/AgpCompatibilityCheck$runAgpCompatibilityCheckIfAgpIsApplied$1$1
instanceKlass org/jetbrains/kotlin/gradle/utils/AndroidPluginIdsKt
instanceKlass org/jetbrains/kotlin/gradle/internal/diagnostics/AgpCompatibilityCheck$AndroidGradlePluginVersionProvider$Default
instanceKlass org/jetbrains/kotlin/gradle/internal/diagnostics/AgpCompatibilityCheck$AndroidGradlePluginVersionProvider
instanceKlass org/jetbrains/kotlin/gradle/plugin/AndroidGradlePluginVersion$Companion
instanceKlass org/jetbrains/kotlin/gradle/plugin/AndroidGradlePluginVersion
instanceKlass org/jetbrains/kotlin/gradle/internal/diagnostics/AgpCompatibilityCheck
instanceKlass org/jetbrains/kotlin/gradle/internal/diagnostics/GradleCompatibilityCheck$DefaultCurrentGradleVersionProvider
instanceKlass org/jetbrains/kotlin/gradle/internal/diagnostics/GradleCompatibilityCheck$CurrentGradleVersionProvider
instanceKlass org/jetbrains/kotlin/gradle/internal/diagnostics/GradleCompatibilityCheck
instanceKlass org/jetbrains/kotlin/gradle/plugin/internal/DefaultJavaExecTaskParametersCompatibility$Factory
instanceKlass org/jetbrains/kotlin/gradle/plugin/internal/JavaExecTaskParametersCompatibility$Factory
instanceKlass org/jetbrains/kotlin/gradle/plugin/internal/DefaultMavenPublicationComponentAccessorFactory
instanceKlass org/jetbrains/kotlin/gradle/plugin/internal/MavenPublicationComponentAccessor$Factory
instanceKlass org/jetbrains/kotlin/gradle/plugin/internal/DefaultConfigurationCacheStartParameterAccessorVariantFactory
instanceKlass org/jetbrains/kotlin/gradle/plugin/internal/ConfigurationCacheStartParameterAccessor$Factory
instanceKlass org/jetbrains/kotlin/gradle/plugin/internal/DefaultCompatibilityConventionRegistrar$Factory
instanceKlass org/jetbrains/kotlin/gradle/plugin/internal/CompatibilityConventionRegistrar$Factory
instanceKlass org/jetbrains/kotlin/gradle/plugin/internal/DefaultProjectIsolationStartParameterAccessor$Factory
instanceKlass org/jetbrains/kotlin/gradle/plugin/internal/ProjectIsolationStartParameterAccessor$Factory
instanceKlass org/jetbrains/kotlin/gradle/plugin/VariantImplementationFactories$VariantImplementationFactory
instanceKlass org/jetbrains/kotlin/gradle/plugin/VariantImplementationFactoriesConfigurator$Companion$getProvider$1
instanceKlass org/jetbrains/kotlin/gradle/plugin/VariantImplementationFactoriesConfigurator$Companion
instanceKlass org/jetbrains/kotlin/gradle/plugin/VariantImplementationFactoriesConfigurator
instanceKlass org/jetbrains/kotlin/gradle/internal/diagnostics/KotlinCompilerEmbeddableCheck
instanceKlass org/jetbrains/kotlin/gradle/plugin/PluginWrappersKt
instanceKlass org/jetbrains/kotlin/gradle/utils/ResourceUtilsKt
instanceKlass org/jetbrains/kotlin/gradle/plugin/KotlinPluginWrapperKt$kotlinPluginVersionFromResources$1$1
instanceKlass org/jetbrains/kotlin/gradle/logging/GradleLoggingUtilsKt
instanceKlass org/jetbrains/kotlin/gradle/utils/StoredLazyProperty
instanceKlass org/jetbrains/kotlin/gradle/utils/StoredProperty
instanceKlass kotlin/reflect/jvm/internal/impl/types/IntersectionTypeConstructor
instanceKlass kotlin/reflect/jvm/internal/impl/types/model/IntersectionTypeConstructorMarker
instanceKlass kotlin/reflect/jvm/internal/impl/types/checker/NewTypeVariableConstructor
instanceKlass kotlin/reflect/jvm/internal/impl/descriptors/TypeParameterDescriptor
instanceKlass kotlin/reflect/jvm/internal/impl/types/model/TypeParameterMarker
instanceKlass kotlin/reflect/jvm/internal/impl/types/SpecialTypesKt
instanceKlass kotlin/reflect/jvm/internal/impl/types/model/FlexibleTypeMarker
instanceKlass kotlin/reflect/jvm/internal/impl/types/FlexibleTypesKt
instanceKlass org/jetbrains/kotlin/tooling/core/TypeUtils
instanceKlass kotlin/reflect/jvm/internal/KTypeImpl$$Lambda$1
instanceKlass kotlin/reflect/jvm/internal/KTypeImpl$$Lambda$0
instanceKlass kotlin/reflect/jvm/internal/impl/serialization/deserialization/descriptors/DeserializedClassDescriptor$DeserializedClassMemberScope$$Lambda$2
instanceKlass kotlin/reflect/jvm/internal/impl/serialization/deserialization/descriptors/DeserializedClassDescriptor$DeserializedClassMemberScope$$Lambda$1
instanceKlass kotlin/reflect/jvm/internal/impl/serialization/deserialization/descriptors/DeserializedMemberScope$$Lambda$1
instanceKlass kotlin/reflect/jvm/internal/impl/serialization/deserialization/descriptors/DeserializedMemberScope$$Lambda$0
instanceKlass kotlin/reflect/jvm/internal/impl/serialization/deserialization/descriptors/DeserializedMemberScope$OptimizedImplementation$$Lambda$4
instanceKlass kotlin/reflect/jvm/internal/impl/serialization/deserialization/descriptors/DeserializedMemberScope$OptimizedImplementation$$Lambda$3
instanceKlass kotlin/reflect/jvm/internal/impl/serialization/deserialization/descriptors/DeserializedMemberScope$OptimizedImplementation$$Lambda$2
instanceKlass kotlin/reflect/jvm/internal/impl/serialization/deserialization/descriptors/DeserializedMemberScope$OptimizedImplementation$$Lambda$1
instanceKlass kotlin/reflect/jvm/internal/impl/serialization/deserialization/descriptors/DeserializedMemberScope$OptimizedImplementation$$Lambda$0
instanceKlass kotlin/reflect/jvm/internal/impl/protobuf/SmallSortedMap$EntryIterator
instanceKlass kotlin/reflect/jvm/internal/impl/protobuf/GeneratedMessageLite$ExtendableMessage$ExtensionWriter
instanceKlass kotlin/reflect/jvm/internal/impl/serialization/deserialization/descriptors/DeserializedMemberScope$OptimizedImplementation
instanceKlass kotlin/reflect/jvm/internal/impl/serialization/deserialization/descriptors/DeserializedMemberScope$Implementation
instanceKlass kotlin/reflect/jvm/internal/impl/serialization/deserialization/descriptors/DeserializedClassDescriptor$DeserializedClassMemberScope$$Lambda$0
instanceKlass kotlin/reflect/jvm/internal/impl/types/model/DefinitelyNotNullTypeMarker
instanceKlass kotlin/reflect/jvm/internal/impl/types/CustomTypeParameter
instanceKlass kotlin/reflect/jvm/internal/AbstractKType
instanceKlass kotlin/jvm/internal/KTypeBase
instanceKlass kotlin/reflect/jvm/internal/impl/descriptors/TypeParameterUtilsKt
instanceKlass kotlin/reflect/full/KClassifiers
instanceKlass org/jetbrains/kotlin/gradle/utils/StoredPropertyStorage
instanceKlass org/jetbrains/kotlin/tooling/core/Extras$Type$Companion
instanceKlass org/jetbrains/kotlin/tooling/core/Extras$Type
instanceKlass org/jetbrains/kotlin/tooling/core/Extras$Key$Companion
instanceKlass org/jetbrains/kotlin/tooling/core/Extras$Key
instanceKlass org/jetbrains/kotlin/gradle/utils/StoredPropertyKt
instanceKlass kotlin/reflect/jvm/internal/KPackageImpl$$Lambda$0
instanceKlass org/jetbrains/kotlin/gradle/plugin/KotlinPluginWrapperKt
instanceKlass org/jetbrains/kotlin/gradle/dsl/KotlinProjectExtension
instanceKlass org/jetbrains/kotlin/gradle/plugin/HasProject
instanceKlass org/jetbrains/kotlin/tooling/core/HasMutableExtras
instanceKlass org/jetbrains/kotlin/tooling/core/HasExtras
instanceKlass org/jetbrains/kotlin/gradle/dsl/KotlinJvmExtension
instanceKlass org/jetbrains/kotlin/gradle/dsl/HasConfigurableKotlinCompilerOptions
instanceKlass org/jetbrains/kotlin/gradle/dsl/KotlinPublishingDsl
instanceKlass org/jetbrains/kotlin/gradle/dsl/KotlinBaseExtension
instanceKlass org/jetbrains/kotlin/gradle/dsl/KotlinTopLevelExtension
instanceKlass org/jetbrains/kotlin/gradle/plugin/KotlinSourceSetContainer
instanceKlass org/jetbrains/kotlin/gradle/dsl/KotlinTopLevelExtensionConfig
instanceKlass org/jetbrains/kotlin/gradle/testing/internal/KotlinTestsRegistry
instanceKlass org/gradle/api/internal/artifacts/ivyservice/ShortCircuitingResolutionExecutor$EmptyLenientConfiguration
instanceKlass org/gradle/api/internal/artifacts/ivyservice/ShortCircuitingResolutionExecutor$EmptyResults
instanceKlass org/gradle/plugin/use/resolve/internal/SimplePluginResolution
instanceKlass org/gradle/plugin/devel/plugins/JavaGradlePluginPlugin$AddOpensCommandLineArgumentProvider
instanceKlass org/gradle/process/CommandLineArgumentProvider
instanceKlass org/gradle/plugin/devel/plugins/JavaGradlePluginPlugin$LocalPluginPublication
instanceKlass org/gradle/plugin/use/resolve/internal/local/PluginPublication
instanceKlass org/gradle/api/internal/artifacts/ivyservice/projectmodule/ProjectPublication
instanceKlass org/gradle/plugin/devel/plugins/JavaGradlePluginPlugin$PluginValidationAction
instanceKlass org/gradle/plugin/devel/plugins/JavaGradlePluginPlugin$ClassManifestCollectorAction
instanceKlass org/gradle/plugin/devel/plugins/JavaGradlePluginPlugin$PluginDescriptorCollectorAction
instanceKlass org/gradle/plugin/devel/plugins/JavaGradlePluginPlugin$PluginValidationActionsState
instanceKlass org/gradle/plugin/devel/plugins/JavaGradlePluginPlugin$TestKitAndPluginClasspathDependenciesAction
instanceKlass org/gradle/plugin/devel/plugins/JavaGradlePluginPlugin
instanceKlass org/gradle/plugin/use/resolve/internal/ClassPathPluginResolution
instanceKlass org/gradle/plugin/management/internal/autoapply/AutoAppliedDevelocityPlugin
instanceKlass org/gradle/kotlin/dsl/VersionCatalogAccessorsKt
instanceKlass org/gradle/configuration/project/ConfigureProjectBuildOperationType$1
instanceKlass org/gradle/configuration/project/ConfigureProjectBuildOperationType$Result
instanceKlass org/gradle/configuration/project/ConfigureProjectBuildOperationType
instanceKlass org/gradle/configuration/project/NotifyProjectAfterEvaluatedBuildOperationType$1
instanceKlass org/gradle/configuration/project/NotifyProjectAfterEvaluatedBuildOperationType$Result
instanceKlass org/gradle/configuration/project/NotifyProjectAfterEvaluatedBuildOperationType
instanceKlass org/gradle/configuration/project/LifecycleProjectEvaluator$NotifyAfterEvaluate$1
instanceKlass org/gradle/configuration/project/LifecycleProjectEvaluator$NotifyProjectAfterEvaluatedDetails
instanceKlass org/gradle/configuration/project/NotifyProjectAfterEvaluatedBuildOperationType$Details
instanceKlass org/gradle/configuration/project/LifecycleProjectEvaluator$NotifyAfterEvaluate
instanceKlass org/gradle/configuration/project/DefaultProjectConfigurationActionContainer
instanceKlass Build_gradle$5$inlined$sam$i$org_gradle_api_Action$0
instanceKlass org/gradle/api/internal/project/BuildOperationCrossProjectConfigurator$CrossConfigureProjectBuildOperation
instanceKlass org/gradle/api/internal/project/BuildOperationCrossProjectConfigurator$BlockConfigureBuildOperation
instanceKlass org/gradle/api/internal/project/ProjectOrderingUtil
instanceKlass Build_gradle$5
instanceKlass Build_gradle$4
instanceKlass Build_gradle$3
instanceKlass Build_gradle$2
instanceKlass Build_gradle$1
instanceKlass org/gradle/kotlin/dsl/support/ProjectScriptHost
instanceKlass org/gradle/kotlin/dsl/support/DefaultKotlinScriptKt
instanceKlass org/gradle/kotlin/dsl/accessors/ConfigurationEntry
instanceKlass kotlin/reflect/jvm/internal/impl/serialization/deserialization/descriptors/DeserializedClassDescriptor$$Lambda$5
instanceKlass kotlin/reflect/jvm/internal/impl/serialization/deserialization/descriptors/DeserializedAnnotations
instanceKlass org/gradle/api/internal/tasks/DefaultTaskCollection$1$2$1
instanceKlass com/google/common/collect/Iterators$ConcatenatedIterator
instanceKlass org/gradle/api/internal/tasks/DefaultTaskCollection$1$2
instanceKlass org/gradle/api/internal/tasks/DefaultTaskCollection$1$1
instanceKlass org/gradle/api/internal/tasks/DefaultTaskCollection$1
instanceKlass kotlin/reflect/jvm/internal/impl/serialization/deserialization/ProtoContainer
instanceKlass kotlin/reflect/jvm/internal/impl/serialization/deserialization/descriptors/DeserializedClassDescriptor$$Lambda$4
instanceKlass kotlin/reflect/jvm/internal/impl/serialization/deserialization/descriptors/DeserializedClassDescriptor$$Lambda$3
instanceKlass kotlin/reflect/jvm/internal/impl/serialization/deserialization/descriptors/DeserializedClassDescriptor$$Lambda$2
instanceKlass kotlin/reflect/jvm/internal/impl/serialization/deserialization/descriptors/DeserializedClassDescriptor$$Lambda$1
instanceKlass kotlin/reflect/jvm/internal/impl/serialization/deserialization/descriptors/DeserializedClassDescriptor$$Lambda$0
instanceKlass kotlin/reflect/jvm/internal/impl/serialization/deserialization/descriptors/DeserializedClassDescriptor$DeserializedClassTypeConstructor$$Lambda$0
instanceKlass kotlin/reflect/jvm/internal/impl/metadata/deserialization/VersionSpecificBehaviorKt
instanceKlass kotlin/reflect/jvm/internal/impl/serialization/deserialization/ProtoEnumFlagsUtilsKt$WhenMappings
instanceKlass kotlin/reflect/jvm/internal/impl/serialization/deserialization/ProtoEnumFlagsUtilsKt
instanceKlass kotlin/reflect/jvm/internal/impl/serialization/deserialization/ProtoEnumFlags$WhenMappings
instanceKlass kotlin/reflect/jvm/internal/impl/metadata/ProtoBuf$MemberKind$1
instanceKlass kotlin/reflect/jvm/internal/impl/metadata/ProtoBuf$Class$Kind$1
instanceKlass kotlin/reflect/jvm/internal/impl/metadata/ProtoBuf$Modality$1
instanceKlass kotlin/reflect/jvm/internal/impl/metadata/ProtoBuf$Visibility$1
instanceKlass kotlin/reflect/jvm/internal/impl/metadata/deserialization/Flags$FlagField
instanceKlass kotlin/reflect/jvm/internal/impl/metadata/deserialization/Flags
instanceKlass kotlin/reflect/jvm/internal/impl/serialization/deserialization/ProtoEnumFlags
instanceKlass kotlin/reflect/jvm/internal/impl/metadata/jvm/deserialization/JvmNameResolverBase$WhenMappings
instanceKlass kotlin/reflect/jvm/internal/impl/serialization/deserialization/NameResolverUtilKt
instanceKlass kotlin/reflect/jvm/internal/impl/descriptors/DeserializedDescriptor
instanceKlass kotlin/reflect/jvm/internal/impl/serialization/deserialization/MemberDeserializer
instanceKlass kotlin/reflect/jvm/internal/impl/serialization/deserialization/TypeDeserializer$$Lambda$1
instanceKlass kotlin/reflect/jvm/internal/impl/serialization/deserialization/TypeDeserializer$$Lambda$0
instanceKlass kotlin/reflect/jvm/internal/impl/serialization/deserialization/TypeDeserializer
instanceKlass kotlin/reflect/jvm/internal/impl/serialization/deserialization/DeserializationContext
instanceKlass kotlin/reflect/jvm/internal/impl/metadata/deserialization/VersionRequirementTable$Companion
instanceKlass kotlin/reflect/jvm/internal/impl/metadata/deserialization/VersionRequirementTable
instanceKlass kotlin/reflect/jvm/internal/impl/metadata/deserialization/TypeTable
instanceKlass kotlin/reflect/jvm/internal/impl/serialization/deserialization/ClassDeserializer$ClassKey
instanceKlass kotlin/reflect/jvm/internal/impl/serialization/deserialization/ClassData
instanceKlass kotlin/reflect/jvm/internal/impl/serialization/deserialization/descriptors/PreReleaseInfo$Companion
instanceKlass kotlin/reflect/jvm/internal/impl/serialization/deserialization/descriptors/PreReleaseInfo
instanceKlass kotlin/reflect/jvm/internal/impl/load/kotlin/KotlinJvmBinarySourceElement
instanceKlass kotlin/reflect/jvm/internal/impl/serialization/deserialization/descriptors/DeserializedContainerSource
instanceKlass kotlin/reflect/jvm/internal/impl/metadata/ProtoBuf$Type$Argument$Projection$1
instanceKlass kotlin/reflect/jvm/internal/impl/metadata/ProtoBuf$Type$ArgumentOrBuilder
instanceKlass kotlin/reflect/jvm/internal/impl/protobuf/SmallSortedMap$Entry
instanceKlass kotlin/reflect/jvm/internal/impl/protobuf/FieldSet$1
instanceKlass kotlin/reflect/jvm/internal/impl/protobuf/AbstractMessageLite$Builder
instanceKlass kotlin/reflect/jvm/internal/impl/protobuf/GeneratedMessageLite$1
instanceKlass kotlin/reflect/jvm/internal/impl/metadata/jvm/deserialization/JvmNameResolverKt
instanceKlass kotlin/reflect/jvm/internal/impl/metadata/jvm/JvmProtoBuf$StringTableTypes$Record$Operation$1
instanceKlass kotlin/reflect/jvm/internal/impl/metadata/jvm/JvmProtoBuf$StringTableTypes$RecordOrBuilder
instanceKlass kotlin/reflect/jvm/internal/impl/protobuf/WireFormat
instanceKlass kotlin/reflect/jvm/internal/impl/protobuf/CodedOutputStream
instanceKlass kotlin/reflect/jvm/internal/impl/protobuf/CodedInputStream
instanceKlass kotlin/reflect/jvm/internal/impl/metadata/jvm/JvmProtoBuf$StringTableTypesOrBuilder
instanceKlass kotlin/collections/IndexedValue
instanceKlass kotlin/collections/IndexingIterator
instanceKlass kotlin/collections/IndexingIterable
instanceKlass kotlin/reflect/jvm/internal/impl/metadata/jvm/deserialization/JvmNameResolverBase$Companion
instanceKlass kotlin/reflect/jvm/internal/impl/metadata/jvm/deserialization/JvmNameResolverBase
instanceKlass kotlin/reflect/jvm/internal/impl/metadata/deserialization/NameResolver
instanceKlass kotlin/reflect/jvm/internal/impl/metadata/jvm/deserialization/UtfEncodingKt
instanceKlass kotlin/reflect/jvm/internal/impl/metadata/jvm/deserialization/BitEncoding
instanceKlass kotlin/reflect/jvm/internal/impl/load/kotlin/KotlinClassFinder$Result
instanceKlass kotlin/reflect/jvm/internal/impl/load/kotlin/header/KotlinClassHeader
instanceKlass kotlin/reflect/jvm/internal/impl/load/kotlin/header/ReadKotlinClassHeaderAnnotationVisitor$CollectStringArrayAnnotationVisitor
instanceKlass kotlin/reflect/jvm/internal/impl/descriptors/runtime/components/ReflectKotlinClassKt
instanceKlass kotlin/reflect/jvm/internal/impl/load/kotlin/KotlinJvmBinaryClass$AnnotationArrayArgumentVisitor
instanceKlass kotlin/reflect/jvm/internal/impl/load/kotlin/header/ReadKotlinClassHeaderAnnotationVisitor$KotlinMetadataArgumentVisitor
instanceKlass kotlin/reflect/jvm/internal/impl/descriptors/runtime/components/ReflectAnnotationSource
instanceKlass kotlin/coroutines/jvm/internal/SpillingKt
instanceKlass org/gradle/kotlin/dsl/provider/plugins/KotlinScriptBasePlugin
instanceKlass org/jetbrains/kotlin/gradle/plugin/DefaultKotlinBasePlugin
instanceKlass org/jetbrains/kotlin/gradle/plugin/KotlinBasePlugin
instanceKlass org/gradle/api/internal/plugins/PluginManagerInternal$PluginWithId
instanceKlass org/gradle/api/internal/plugins/DefaultPluginContainer$2
instanceKlass org/gradle/internal/service/scopes/DefaultProjectFinder
instanceKlass org/apache/commons/io/IOUtils
instanceKlass sun/net/www/MimeEntry
instanceKlass sun/net/www/MimeTable$DefaultInstanceHolder$1
instanceKlass sun/net/www/MimeTable$DefaultInstanceHolder
instanceKlass sun/net/www/MimeTable$1
instanceKlass sun/net/www/MimeTable
instanceKlass java/net/URLConnection$1
instanceKlass java/net/FileNameMap
instanceKlass org/gradle/api/internal/resources/ApiTextResourceAdapter
instanceKlass org/gradle/api/resources/internal/TextResourceInternal
instanceKlass org/gradle/internal/resource/transfer/CachingTextUriResourceLoader
instanceKlass org/gradle/api/internal/project/DefaultProjectStateRegistry$CalculatedModelValueImpl
instanceKlass org/gradle/api/internal/artifacts/ivyservice/moduleconverter/ProjectRootComponentProvider
instanceKlass org/gradle/api/internal/artifacts/DependencyManagementProjectScopeServices$ProjectBackedModuleMetaDataProvider
instanceKlass com/ncorti/ktfmt/gradle/KtfmtExtension$Companion
instanceKlass com/ncorti/ktfmt/gradle/FormattingOptionsBean
instanceKlass com/ncorti/ktfmt/gradle/KtfmtExtension
instanceKlass com/ncorti/ktfmt/gradle/KtfmtPlugin$Companion
instanceKlass com/ncorti/ktfmt/gradle/KtfmtPlugin
instanceKlass org/gradle/internal/work/DefaultWorkerLeaseService$3$1
instanceKlass org/gradle/internal/MutableReference
instanceKlass org/gradle/internal/work/DefaultWorkerLeaseService$3
instanceKlass org/gradle/internal/Factories$1
instanceKlass org/gradle/internal/resources/DefaultResourceLockCoordinationService$ReleaseLocks
instanceKlass org/gradle/api/attributes/java/TargetJvmEnvironment$Impl
instanceKlass java/util/LinkedList$LLSpliterator
instanceKlass org/gradle/api/internal/artifacts/ivyservice/resolveengine/excludes/simple/DefaultExcludeEverything
instanceKlass org/gradle/api/internal/artifacts/ivyservice/resolveengine/graph/conflicts/DefaultCapabilitiesConflictHandler$ConflictedNodesTracker
instanceKlass org/gradle/api/internal/artifacts/ivyservice/resolveengine/excludes/factories/CachingExcludeFactory$ExcludePair
instanceKlass org/gradle/api/internal/artifacts/ivyservice/resolveengine/graph/selectors/SelectorStateResolverResults$Registration
instanceKlass com/google/common/primitives/Longs$AsciiDigits
instanceKlass org/gradle/api/internal/artifacts/ivyservice/ivyresolve/strategy/InverseVersionSelector
instanceKlass org/gradle/api/internal/artifacts/ivyservice/resolveengine/excludes/simple/DefaultModuleIdSetExclude
instanceKlass org/gradle/api/internal/artifacts/ivyservice/resolveengine/excludes/factories/NormalizingExcludeFactory$FlattenOperationResult
instanceKlass org/gradle/api/internal/artifacts/ivyservice/resolveengine/excludes/specs/ExcludeEverything
instanceKlass org/gradle/api/internal/artifacts/ivyservice/resolveengine/excludes/specs/ExcludeAllOf
instanceKlass org/gradle/api/internal/artifacts/ivyservice/resolveengine/excludes/factories/CachingExcludeFactory$ExcludesKey
instanceKlass org/gradle/api/internal/artifacts/ivyservice/resolveengine/excludes/simple/DefaultModuleIdExclude
instanceKlass org/apache/ivy/plugins/matcher/PatternMatcher
instanceKlass org/gradle/api/internal/artifacts/ivyservice/resolveengine/excludes/PatternMatchers
instanceKlass org/gradle/api/internal/artifacts/capability/DefaultSpecificCapabilitySelector
instanceKlass org/gradle/api/internal/artifacts/capability/SpecificCapabilitySelector
instanceKlass org/gradle/api/internal/artifacts/capability/CapabilitySelectorInternal
instanceKlass org/gradle/internal/component/external/model/AbstractMutableModuleComponentResolveMetadata$DependencyConstraintImpl
instanceKlass org/gradle/internal/component/external/model/ComponentVariant$DependencyConstraint
instanceKlass org/gradle/internal/component/external/model/GradleDependencyMetadata
instanceKlass org/gradle/internal/component/external/model/AbstractMutableModuleComponentResolveMetadata$DependencyImpl
instanceKlass org/gradle/internal/component/external/model/ComponentVariant$Dependency
instanceKlass org/gradle/internal/component/external/descriptor/DefaultExclude
instanceKlass org/gradle/internal/component/model/Exclude
instanceKlass org/gradle/plugin/management/internal/MultiPluginRequests
instanceKlass org/gradle/api/internal/provider/DefaultValueSourceProviderFactory$ObtainedValueHolder
instanceKlass org/gradle/api/internal/provider/DefaultValueSourceProviderFactory$DefaultObtainedValue
instanceKlass org/gradle/api/internal/artifacts/dependencies/DefaultPluginDependency
instanceKlass org/gradle/api/internal/catalog/PluginDependencyValueSource$Params$Inject_
instanceKlass java/io/ObjectInputStream$GetField
instanceKlass org/gradle/launcher/daemon/server/DaemonRegistryUnavailableExpirationStrategy$1
instanceKlass jdk/internal/access/JavaObjectInputFilterAccess
instanceKlass java/io/ObjectInputFilter$Config$BuiltinFilterFactory
instanceKlass java/io/ObjectInputFilter
instanceKlass sun/util/logging/PlatformLogger$ConfigurableBridge$LoggerConfiguration
instanceKlass jdk/internal/logger/LoggerFinderLoader
instanceKlass jdk/internal/logger/LazyLoggers$LazyLoggerFactories
instanceKlass jdk/internal/logger/LazyLoggers$1
instanceKlass jdk/internal/logger/LazyLoggers
instanceKlass org/gradle/launcher/daemon/toolchain/DaemonJvmCriteria$Spec
instanceKlass java/io/ObjectInputFilter$Config
instanceKlass java/io/ObjectInputStream$ValidationList
instanceKlass java/io/ObjectInputStream$HandleTable$HandleList
instanceKlass java/io/ObjectInputStream$HandleTable
instanceKlass jdk/internal/access/JavaObjectInputStreamReadString
instanceKlass jdk/internal/access/JavaObjectInputStreamAccess
instanceKlass org/gradle/launcher/daemon/registry/PersistentDaemonRegistry$1
instanceKlass org/gradle/launcher/daemon/server/health/gc/GarbageCollectionStats
instanceKlass java/util/concurrent/LinkedBlockingDeque$AbstractItr
instanceKlass com/google/common/collect/ImmutableList$SerializedForm
instanceKlass java/io/ObjectStreamClass$ExceptionInfo
instanceKlass com/google/common/collect/ImmutableMap$SerializedForm
instanceKlass java/io/ObjectStreamClass$ClassDataSlot
instanceKlass java/io/ObjectStreamClass$5
instanceKlass java/io/ObjectStreamClass$4
instanceKlass java/io/ObjectStreamClass$3
instanceKlass java/io/ObjectStreamClass$MemberSignature
instanceKlass java/io/ObjectStreamClass$1
instanceKlass java/io/ObjectStreamClass$FieldReflector
instanceKlass java/io/ObjectStreamClass$FieldReflectorKey
instanceKlass java/io/ObjectStreamClass$2
instanceKlass java/io/ClassCache
instanceKlass java/io/ObjectStreamClass$Caches
instanceKlass java/io/ObjectStreamClass
instanceKlass java/io/Bits
instanceKlass java/io/ObjectOutputStream$ReplaceTable
instanceKlass java/io/ObjectOutputStream$HandleTable
instanceKlass org/gradle/internal/snapshot/impl/ImplementationValue
instanceKlass org/gradle/api/internal/provider/ValueSourceProviderFactory$ValueListener$ObtainedValue
instanceKlass org/gradle/api/internal/provider/DefaultValueSourceProviderFactory$LazilyObtainedValue
instanceKlass org/gradle/api/internal/provider/DefaultValueSourceProviderFactory$DefaultValueSourceSpec
instanceKlass org/gradle/api/internal/catalog/PluginDependencyValueSource$Params_Decorated
instanceKlass org/gradle/api/internal/catalog/PluginDependencyValueSource$Params
instanceKlass org/gradle/api/internal/catalog/PluginDependencyValueSource
instanceKlass kotlin/collections/MapWithDefault
instanceKlass org/gradle/kotlin/dsl/support/PluginDependenciesSpecScopeInternalServices_Decorated
instanceKlass org/gradle/kotlin/dsl/support/PluginDependenciesSpecScopeInternalServices
instanceKlass org/gradle/kotlin/dsl/VersionCatalogAccessorsKt
instanceKlass org/gradle/kotlin/dsl/support/CompiledKotlinPluginsBlock
instanceKlass org/gradle/kotlin/dsl/accessors/AbstractStage1BlockAccessorsUnitOfWork$identify$1
instanceKlass org/gradle/kotlin/dsl/accessors/AbstractStage1BlockAccessorsUnitOfWork$visitImmutableInputs$1
instanceKlass org/gradle/kotlin/dsl/accessors/AbstractStage1BlockAccessorsUnitOfWork$Companion
instanceKlass org/gradle/kotlin/dsl/accessors/AbstractStage1BlockAccessorsUnitOfWork
instanceKlass org/gradle/kotlin/dsl/tooling/builders/AbstractKotlinDslScriptsModelBuilder$Companion
instanceKlass org/gradle/kotlin/dsl/tooling/builders/AbstractKotlinDslScriptsModelBuilder
instanceKlass org/gradle/kotlin/dsl/tooling/builders/internal/IsolatedScriptsModelBuilder
instanceKlass org/gradle/kotlin/dsl/tooling/builders/KotlinBuildScriptModelBuilder
instanceKlass org/gradle/tooling/model/dsl/GroovyDslBaseScriptModel
instanceKlass org/gradle/tooling/model/dsl/KotlinDslBaseScriptModel
instanceKlass org/gradle/plugins/ide/internal/tooling/GradleDslBaseScriptModelBuilder
instanceKlass org/gradle/tooling/provider/model/internal/PluginApplyingBuilder
instanceKlass org/gradle/plugins/ide/idea/model/IdeaModule
instanceKlass org/gradle/plugins/ide/internal/tooling/IsolatedIdeaModuleInternalBuilder
instanceKlass org/gradle/plugins/ide/internal/tooling/IsolatedGradleProjectInternalBuilder
instanceKlass org/gradle/plugins/ide/internal/tooling/BuildEnvironmentBuilder
instanceKlass org/gradle/tooling/model/GradleModuleVersion
instanceKlass org/gradle/plugins/ide/internal/tooling/PublicationsBuilder
instanceKlass org/gradle/plugins/ide/internal/tooling/model/TaskNameComparator
instanceKlass org/gradle/plugins/ide/internal/tooling/BuildInvocationsBuilder
instanceKlass org/gradle/plugins/ide/internal/tooling/BasicIdeaModelBuilder
instanceKlass org/gradle/plugins/ide/internal/tooling/model/PartialBasicGradleProject
instanceKlass org/gradle/plugins/ide/internal/tooling/GradleBuildBuilder
instanceKlass org/gradle/plugins/ide/internal/configurer/HierarchicalElementAdapter
instanceKlass org/gradle/plugins/ide/internal/configurer/AbstractUniqueProjectNameProvider
instanceKlass org/gradle/plugins/ide/eclipse/model/AbstractClasspathEntry
instanceKlass org/gradle/plugins/ide/eclipse/model/ClasspathEntry
instanceKlass org/gradle/plugins/ide/internal/tooling/EclipseModelBuilder
instanceKlass org/gradle/plugins/ide/internal/tooling/RunEclipseTasksBuilder
instanceKlass org/gradle/plugins/ide/internal/tooling/RunBuildDependenciesTaskBuilder
instanceKlass org/gradle/tooling/provider/model/ParameterizedToolingModelBuilder
instanceKlass org/gradle/tooling/model/idea/IdeaCompilerOutput
instanceKlass org/gradle/tooling/model/idea/IdeaLanguageLevel
instanceKlass org/gradle/plugins/ide/internal/tooling/IdeaModelBuilder
instanceKlass org/gradle/plugins/ide/internal/tooling/model/LaunchableGradleTask
instanceKlass org/gradle/tooling/internal/protocol/InternalLaunchable
instanceKlass org/gradle/tooling/internal/gradle/GradleProjectIdentity
instanceKlass org/gradle/tooling/internal/gradle/GradleBuildIdentity
instanceKlass org/gradle/tooling/internal/protocol/InternalProtocolInterface
instanceKlass org/gradle/plugins/ide/internal/tooling/GradleProjectBuilder
instanceKlass org/gradle/tooling/internal/protocol/cpp/InternalCppTestSuite
instanceKlass org/gradle/tooling/internal/protocol/cpp/InternalCppLibrary
instanceKlass org/gradle/tooling/internal/protocol/cpp/InternalCppApplication
instanceKlass org/gradle/language/cpp/internal/tooling/DefaultCppComponentModel
instanceKlass org/gradle/language/cpp/CppComponent
instanceKlass org/gradle/language/ComponentWithTargetMachines
instanceKlass org/gradle/language/ComponentWithDependencies
instanceKlass org/gradle/language/ComponentWithBinaries
instanceKlass org/gradle/language/cpp/internal/tooling/CppModelBuilder
instanceKlass org/gradle/kotlin/dsl/tooling/builders/KotlinBuildScriptTemplateModelBuilder
instanceKlass org/gradle/declarative/dsl/tooling/builders/DeclarativeSchemaModelBuilder
instanceKlass org/gradle/tooling/provider/model/internal/BuildScopeModelBuilder
instanceKlass org/gradle/tooling/provider/model/internal/DefaultToolingModelBuilderRegistry$RegistrationImpl
instanceKlass org/gradle/tooling/provider/model/internal/DefaultToolingModelBuilderRegistry$VoidToolingModelBuilder
instanceKlass org/gradle/tooling/provider/model/internal/ToolingModelBuilderLookup$Builder
